id,name,sport_type,type,start_date_local,distance,moving_time,elapsed_time,total_elevation_gain,average_heartrate,max_heartrate,average_speed,average_cadence,average_watts,kilojoules,date,distance_km,moving_time_h,elev_km,sport
16673694374,Morning Run,Run,Run,2025-12-07T09:54:38Z,11283.1,3829,5767,90.7,146.5,170.0,2.947,83.4,,,2025-12-07,11.283100000000001,1.063611111111111,0.0907,Run
16666794836,Morning Workout,NordicSki,NordicSki,2025-12-06T10:08:43Z,50581.7,13032,18270,816.6,120.5,163.0,3.881,49.4,,,2025-12-06,50.5817,3.62,0.8166,NordicSki
16658853302,Afternoon Ride,Ride,Ride,2025-12-05T17:50:59Z,0.0,3683,3683,0.0,113.1,152.0,0.0,,,,2025-12-05,0.0,1.0230555555555556,0.0,Ride
16650435317,Evening Run,Run,Run,2025-12-04T18:56:00Z,10300.7,3086,3086,236.9,143.0,160.0,3.338,81.7,,,2025-12-04,10.3007,0.8572222222222222,0.2369,Run
16644249178,Afternoon Weight Training,WeightTraining,WeightTraining,2025-12-03T17:15:17Z,0.0,1857,1857,0.0,86.8,123.0,0.0,,,,2025-12-03,0.0,0.5158333333333334,0.0,WeightTraining
16631308903,Evening Run,Run,Run,2025-12-02T18:26:39Z,13414.5,3676,3925,117.6,163.9,185.0,3.649,84.6,,,2025-12-02,13.4145,1.021111111111111,0.1176,Run
16631301687,Evening Ride,Ride,Ride,2025-12-01T18:10:15Z,0.0,3809,3809,0.0,135.7,164.0,0.0,,,,2025-12-01,0.0,1.0580555555555555,0.0,Ride
16610597691,Lunch Run,Run,Run,2025-11-30T11:26:42Z,13841.0,4446,10136,201.6,141.4,166.0,3.113,83.0,,,2025-11-30,13.841,1.235,0.2016,Run
16599011556,Morning Workout,BackcountrySki,BackcountrySki,2025-11-29T09:17:16Z,11613.3,7588,8881,1070.9,92.6,125.0,1.53,53.7,,,2025-11-29,11.613299999999999,2.1077777777777778,1.0709000000000002,BackcountrySki
16590456289,Lunch Run,Run,Run,2025-11-28T12:17:53Z,5859.8,1916,2268,54.8,137.4,157.0,3.058,84.3,,,2025-11-28,5.8598,0.5322222222222223,0.054799999999999995,Run
16581029503,Lunch Run,Run,Run,2025-11-27T12:14:12Z,10204.1,3048,3263,389.3,144.3,181.0,3.348,82.7,,,2025-11-27,10.2041,0.8466666666666667,0.38930000000000003,Run
16579965887,Morning Run,Run,Run,2025-11-26T06:34:04Z,8643.1,2727,2989,179.7,127.2,149.0,3.169,82.7,,,2025-11-26,8.6431,0.7575,0.1797,Run
16565875674,Evening Run,Run,Run,2025-11-25T20:56:58Z,1368.3,1955,1956,4.3,76.6,104.0,0.7,48.3,,,2025-11-25,1.3682999999999998,0.5430555555555555,0.0043,Run
16558741723,Gewichtstraining am Abend,WeightTraining,WeightTraining,2025-11-24T18:54:00Z,0.0,3600,3600,0.0,,,0.0,,,,2025-11-24,0.0,1.0,0.0,WeightTraining
16543234730,Morning Workout,NordicSki,NordicSki,2025-11-23T10:40:42Z,37000.8,8859,9677,340.3,137.9,161.0,4.177,49.9,,,2025-11-23,37.000800000000005,2.4608333333333334,0.3403,NordicSki
16543222661,Evening Ride,Ride,Ride,2025-11-22T20:17:50Z,2500.1,581,581,41.2,107.9,128.0,4.303,,90.4,52.5,2025-11-22,2.5000999999999998,0.1613888888888889,0.0412,Ride
16527793108,Evening Ride,Ride,Ride,2025-11-21T18:22:04Z,0.0,2701,2701,0.0,127.8,145.0,0.0,,,,2025-11-21,0.0,0.7502777777777778,0.0,Ride
16513418002,Lunch Run,Run,Run,2025-11-20T11:12:15Z,10444.5,3005,3601,178.2,144.5,165.0,3.476,82.8,,,2025-11-20,10.4445,0.8347222222222223,0.1782,Run
16506330508,Afternoon Weight Training,WeightTraining,WeightTraining,2025-11-19T16:48:17Z,0.0,2495,2495,0.0,87.2,129.0,0.0,,,,2025-11-19,0.0,0.6930555555555555,0.0,WeightTraining
16498121552,Afternoon Ride,Ride,Ride,2025-11-18T17:33:59Z,38996.5,8092,9958,993.9,119.6,163.0,4.819,,111.0,897.9,2025-11-18,38.9965,2.247777777777778,0.9939,Ride
16488183308,Evening Yoga,Yoga,Yoga,2025-11-17T18:37:46Z,0.0,2590,2590,0.0,56.8,84.0,0.0,,,,2025-11-17,0.0,0.7194444444444444,0.0,Yoga
16476465631,Fahrt am Morgen,Ride,Ride,2025-11-16T09:55:26Z,29576.1,7936,9260,536.5,,,3.727,,65.1,517.0,2025-11-16,29.5761,2.2044444444444444,0.5365,Ride
16465299974,Morning Trail Run,TrailRun,Run,2025-11-15T10:11:52Z,28792.8,14424,16726,2127.2,136.1,180.0,1.996,71.7,,,2025-11-15,28.7928,4.006666666666667,2.1271999999999998,TrailRun
16465546851,Schwimmen am Mittag,Swim,Swim,2025-11-14T12:19:00Z,2300.0,2640,2640,0.0,,,0.871,,,,2025-11-14,2.3,0.7333333333333333,0.0,Swim
16448091175,Evening Run,Run,Run,2025-11-13T18:12:59Z,11402.6,3125,3183,175.1,158.3,179.0,3.649,82.4,,,2025-11-13,11.4026,0.8680555555555556,0.1751,Run
16437109582,Afternoon Weight Training,WeightTraining,WeightTraining,2025-11-12T17:07:05Z,0.0,2293,2293,0.0,86.5,127.0,0.0,,,,2025-11-12,0.0,0.6369444444444444,0.0,WeightTraining
16425875718,Afternoon Run,Run,Run,2025-11-11T16:06:49Z,10494.2,2960,3020,269.9,144.1,163.0,3.545,82.1,,,2025-11-11,10.494200000000001,0.8222222222222222,0.2699,Run
16416116018,Afternoon Row,Rowing,Rowing,2025-11-10T17:48:56Z,0.0,3622,3622,0.0,136.5,172.0,0.0,23.3,,,2025-11-10,0.0,1.0061111111111112,0.0,Rowing
16403864936,Lunch Run,Run,Run,2025-11-09T11:54:39Z,16025.2,4548,4700,232.7,147.1,171.0,3.524,83.2,,,2025-11-09,16.0252,1.2633333333333334,0.2327,Run
16394267346,Morning Ride,Ride,Ride,2025-11-08T10:19:52Z,53875.4,12151,16339,1638.9,125.1,176.0,4.434,,111.8,1358.1,2025-11-08,53.8754,3.375277777777778,1.6389,Ride
16382581596,Lunch Run,Run,Run,2025-11-07T11:43:50Z,5994.0,1940,1943,70.1,143.9,170.0,3.09,82.1,,,2025-11-07,5.994,0.5388888888888889,0.0701,Run
16375377250,Afternoon Weight Training,WeightTraining,WeightTraining,2025-11-06T17:04:01Z,0.0,2217,2217,0.0,96.5,126.0,0.0,,,,2025-11-06,0.0,0.6158333333333333,0.0,WeightTraining
16363475721,Lunch Run,Run,Run,2025-11-05T11:10:53Z,9086.9,2564,2595,124.8,155.3,172.0,3.544,83.4,,,2025-11-05,9.0869,0.7122222222222222,0.1248,Run
16354009574,Afternoon Ride,Ride,Ride,2025-11-04T17:19:43Z,8932.3,2209,2310,230.1,114.1,130.0,4.044,,94.2,208.0,2025-11-04,8.9323,0.6136111111111111,0.2301,Ride
16344035517,Evening Run,Run,Run,2025-11-03T18:41:35Z,6405.0,1926,2677,23.3,132.5,156.0,3.326,80.5,,,2025-11-03,6.405,0.535,0.0233,Run
16333837210,Afternoon Walk,Walk,Walk,2025-11-02T16:34:43Z,2255.7,1742,2340,52.7,72.5,85.0,1.295,51.0,,,2025-11-02,2.2557,0.48388888888888887,0.052700000000000004,Walk
16320637088,Lunch Ride,Ride,Ride,2025-11-01T12:06:55Z,15068.7,3746,3953,394.0,110.0,141.0,4.023,,92.3,345.6,2025-11-01,15.068700000000002,1.0405555555555555,0.394,Ride
16308896926,Morning Run,Run,Run,2025-10-31T07:04:00Z,6553.1,1883,1978,11.6,138.1,156.0,3.48,85.2,,,2025-10-31,6.553100000000001,0.5230555555555556,0.0116,Run
16305501818,Evening Workout,IceSkate,IceSkate,2025-10-30T18:24:24Z,17880.5,2876,2987,0.0,87.0,108.0,6.217,57.9,,,2025-10-30,17.8805,0.7988888888888889,0.0,IceSkate
16296785260,Afternoon Ride,Ride,Ride,2025-10-29T17:57:21Z,8523.8,2066,18581,17.3,112.1,142.0,4.126,,42.5,87.7,2025-10-29,8.5238,0.5738888888888889,0.0173,Ride
16278330262,Morning Ride,Ride,Ride,2025-10-28T06:59:37Z,0.0,3616,3616,0.0,104.3,134.0,0.0,,,,2025-10-28,0.0,1.0044444444444445,0.0,Ride
16268441896,Morning Run,Run,Run,2025-10-27T07:05:37Z,9089.9,2618,2666,18.6,128.1,146.0,3.472,84.6,,,2025-10-27,9.0899,0.7272222222222222,0.018600000000000002,Run
16266061983,Evening Weight Training,WeightTraining,WeightTraining,2025-10-26T18:18:48Z,0.0,1543,1543,0.0,105.0,136.0,0.0,,,,2025-10-26,0.0,0.4286111111111111,0.0,WeightTraining
16266062127,Afternoon Ride,Ride,Ride,2025-10-26T15:25:36Z,7611.3,1748,2085,5.4,131.2,147.0,4.354,,37.6,65.7,2025-10-26,7.6113,0.4855555555555556,0.0054,Ride
16266062043,Lunch Ride,Ride,Ride,2025-10-26T12:32:55Z,11434.8,2789,7989,14.0,126.5,150.0,4.1,,36.2,100.9,2025-10-26,11.4348,0.7747222222222222,0.014,Ride
16254242247,Evening Run,Run,Run,2025-10-25T18:44:38Z,8437.1,2362,3641,16.2,138.5,158.0,3.572,83.1,,,2025-10-25,8.437100000000001,0.6561111111111111,0.0162,Run
16249876360,Afternoon Run,Run,Run,2025-10-24T17:58:13Z,5557.4,2227,2614,175.0,139.9,160.0,2.495,79.9,,,2025-10-24,5.5573999999999995,0.6186111111111111,0.175,Run
16249870483,Evening Ride,Ride,Ride,2025-10-23T18:04:01Z,13136.1,2705,2736,259.9,111.8,134.0,4.856,,91.5,247.4,2025-10-23,13.1361,0.7513888888888889,0.25989999999999996,Ride
16225786920,Night Weight Training,WeightTraining,WeightTraining,2025-10-22T21:54:26Z,0.0,725,725,0.0,53.4,79.0,0.0,,,,2025-10-22,0.0,0.2013888888888889,0.0,WeightTraining
16214998205,Evening Run,Run,Run,2025-10-21T18:17:45Z,13933.6,4358,5328,108.2,143.0,187.0,3.197,82.8,,,2025-10-21,13.9336,1.2105555555555556,0.1082,Run
16214993958,Afternoon Ride,Ride,Ride,2025-10-20T16:42:01Z,0.0,3605,3605,0.0,130.2,144.0,0.0,,,,2025-10-20,0.0,1.0013888888888889,0.0,Ride
16214989474,Morning Walk,Walk,Walk,2025-10-19T10:24:40Z,2218.2,2272,3222,92.5,83.9,113.0,0.976,56.4,,,2025-10-19,2.2182,0.6311111111111111,0.0925,Walk
16179434945,Racing team,Velomobile,Velomobile,2025-10-18T13:37:26Z,5503.2,1012,1226,0.0,113.8,135.0,5.438,60.4,0.5,0.5,2025-10-18,5.5032,0.2811111111111111,0.0,Velomobile
16179032996,Morning Trail Run,TrailRun,Run,2025-10-18T08:59:24Z,15394.1,12146,12827,1604.8,114.7,166.0,1.267,66.0,,,2025-10-18,15.3941,3.3738888888888887,1.6048,TrailRun
16170993937,Afternoon Trail Run,TrailRun,Run,2025-10-17T15:58:53Z,6314.5,4531,5175,37.1,125.7,159.0,1.394,80.2,,,2025-10-17,6.3145,1.2586111111111111,0.0371,TrailRun
16170160844,Afternoon Trail Run,TrailRun,Run,2025-10-17T14:21:23Z,6944.7,5236,5338,1499.4,164.8,182.0,1.326,66.0,,,2025-10-17,6.9447,1.4544444444444444,1.4994,TrailRun
16195202479,Radfahrt am Abend,Ride,Ride,2025-10-16T18:58:00Z,14900.0,1800,1800,0.0,,,8.278,,,,2025-10-16,14.9,0.5,0.0,Ride
16195193315,ANDERE,Ride,Ride,2025-10-16T17:32:21Z,11251.8,1775,1796,272.0,128.7,145.0,6.339,,163.5,290.1,2025-10-16,11.2518,0.4930555555555556,0.272,Ride
16152530098,Afternoon Weight Training,WeightTraining,WeightTraining,2025-10-15T16:20:49Z,0.0,2392,2392,0.0,89.7,127.0,0.0,,,,2025-10-15,0.0,0.6644444444444444,0.0,WeightTraining
16139369683,Afternoon Run,Run,Run,2025-10-14T17:28:04Z,10720.5,3162,3194,271.8,135.1,149.0,3.39,82.0,,,2025-10-14,10.7205,0.8783333333333333,0.2718,Run
16130694075,Yoga in der Nacht,Yoga,Yoga,2025-10-13T21:24:20Z,0.0,1220,1220,0.0,,,0.0,,,,2025-10-13,0.0,0.3388888888888889,0.0,Yoga
16118327596,Morning Ride,Ride,Ride,2025-10-12T10:48:32Z,153438.0,20122,21315,1969.0,128.0,169.0,7.625,,151.9,3056.2,2025-10-12,153.438,5.589444444444444,1.969,Ride
16106671844,Afternoon Run,Run,Run,2025-10-11T15:10:19Z,14213.7,4033,4184,339.6,145.7,181.0,3.524,83.2,,,2025-10-11,14.213700000000001,1.1202777777777777,0.3396,Run
16097039605,Afternoon Run,Run,Run,2025-10-10T17:16:59Z,10177.4,2976,3049,239.1,127.0,136.0,3.42,81.8,,,2025-10-10,10.1774,0.8266666666666667,0.2391,Run
16085823795,Afternoon Walk,Walk,Walk,2025-10-09T15:52:18Z,1628.1,1330,1503,5.1,57.2,78.0,1.224,52.7,,,2025-10-09,1.6280999999999999,0.36944444444444446,0.0050999999999999995,Walk
16078310645,Afternoon Weight Training,WeightTraining,WeightTraining,2025-10-08T17:45:57Z,0.0,2593,2593,0.0,89.2,121.0,0.0,,,,2025-10-08,0.0,0.7202777777777778,0.0,WeightTraining
16074070431,Lunch Run,Run,Run,2025-10-08T11:10:47Z,10288.4,3110,3121,55.4,126.9,150.0,3.308,82.7,,,2025-10-08,10.2884,0.8638888888888889,0.0554,Run
16078296605,Afternoon Ride,Ride,Ride,2025-10-07T17:35:37Z,27608.5,3968,4075,530.0,120.0,143.0,6.958,,156.0,618.8,2025-10-07,27.6085,1.1022222222222222,0.53,Ride
16052855198,Morning Trail Run,TrailRun,Run,2025-10-06T09:18:13Z,11363.4,5549,5664,569.2,120.7,158.0,2.048,77.0,,,2025-10-06,11.3634,1.541388888888889,0.5692,TrailRun
16052849562,Lunch Trail Run,TrailRun,Run,2025-10-05T11:29:44Z,3940.6,1955,2002,0.0,127.0,151.0,2.016,76.2,,,2025-10-05,3.9406,0.5430555555555555,0.0,TrailRun
16052844831,Morning Trail Run,TrailRun,Run,2025-10-05T07:27:29Z,12000.8,7815,8019,822.4,110.3,157.0,1.536,65.6,,,2025-10-05,12.0008,2.1708333333333334,0.8224,TrailRun
16052839124,Afternoon Trail Run,TrailRun,Run,2025-10-04T13:00:03Z,20361.7,11213,11224,1874.4,136.3,181.0,1.816,74.2,,,2025-10-04,20.3617,3.1147222222222224,1.8744,TrailRun
16052821957,Night Yoga,Yoga,Yoga,2025-10-03T21:39:58Z,0.0,438,438,0.0,60.1,83.0,0.0,,,,2025-10-03,0.0,0.12166666666666667,0.0,Yoga
16012436273,Afternoon Ride,Ride,Ride,2025-10-02T17:10:49Z,73189.2,8049,10189,792.0,145.9,179.0,9.093,,239.9,1930.6,2025-10-02,73.1892,2.2358333333333333,0.792,Ride
16006107660,Afternoon Weight Training,WeightTraining,WeightTraining,2025-10-01T17:00:00Z,0.0,2400,2400,0.0,,,0.0,,,,2025-10-01,0.0,0.6666666666666666,0.0,WeightTraining
15989517116,Evening Run,Run,Run,2025-09-30T18:24:23Z,13705.7,4393,4612,436.5,138.1,166.0,3.12,82.5,,,2025-09-30,13.7057,1.2202777777777778,0.4365,Run
15972315510,Schwimmen am Morgen,Swim,Swim,2025-09-29T08:04:25Z,2500.0,2700,2700,0.0,,,0.926,,,,2025-09-29,2.5,0.75,0.0,Swim
15969078352,Afternoon Run,Run,Run,2025-09-28T14:28:10Z,11046.0,3201,3301,141.2,151.4,184.0,3.451,82.6,,,2025-09-28,11.046,0.8891666666666667,0.1412,Run
15957336940,Radfahrt am Abend,Ride,Ride,2025-09-27T20:07:25Z,60000.0,8100,8100,0.0,,,7.407,,,,2025-09-27,60.0,2.25,0.0,Ride
15957320992,Afternoon Ride,Ride,Ride,2025-09-27T15:44:06Z,82788.0,11289,23723,1566.0,,,7.334,,163.8,1848.7,2025-09-27,82.788,3.1358333333333333,1.566,Ride
15940559903,Lunch Run,Run,Run,2025-09-26T11:11:23Z,10100.5,3009,3017,231.4,144.3,170.0,3.357,82.1,,,2025-09-26,10.1005,0.8358333333333333,0.2314,Run
15934324202,Afternoon Ride,Ride,Ride,2025-09-25T15:44:38Z,0.0,3757,3757,0.0,127.2,140.0,0.0,,,,2025-09-25,0.0,1.043611111111111,0.0,Ride
15925046867,Night Yoga,Yoga,Yoga,2025-09-24T21:01:04Z,0.0,2411,2411,0.0,49.7,84.0,0.0,,,,2025-09-24,0.0,0.6697222222222222,0.0,Yoga
15911928365,Evening Run,Run,Run,2025-09-23T18:01:30Z,14558.6,3859,3925,244.4,147.1,164.0,3.773,83.6,,,2025-09-23,14.5586,1.0719444444444444,0.2444,Run
15898705871,Afternoon Weight Training,WeightTraining,WeightTraining,2025-09-22T15:25:59Z,0.0,2422,2422,0.0,78.4,111.0,0.0,,,,2025-09-22,0.0,0.6727777777777778,0.0,WeightTraining
15887909910,Afternoon Run,Run,Run,2025-09-21T13:54:01Z,10243.5,2995,3252,163.9,126.6,141.0,3.42,81.7,,,2025-09-21,10.2435,0.8319444444444445,0.16390000000000002,Run
15878435819,Afternoon Ride,Ride,Ride,2025-09-20T14:12:47Z,91100.9,13771,14364,1382.0,,,6.615,,139.5,1920.4,2025-09-20,91.1009,3.825277777777778,1.382,Ride
15871912564,Spaziergang am Abend,Walk,Walk,2025-09-19T20:31:00Z,0.0,2040,2040,0.0,,,0.0,,,,2025-09-19,0.0,0.5666666666666667,0.0,Walk
15857213646,Bornes à la brunante,TrailRun,Run,2025-09-18T17:22:19Z,11511.8,8925,11145,1234.7,123.8,174.0,1.29,70.3,,,2025-09-18,11.5118,2.4791666666666665,1.2347000000000001,TrailRun
15844068351,Afternoon Ride,Ride,Ride,2025-09-17T17:47:11Z,2340.2,625,1558,3.1,103.0,125.0,3.744,,28.0,17.5,2025-09-17,2.3402,0.1736111111111111,0.0031,Ride
15832447607,Afternoon Run,Run,Run,2025-09-16T17:23:50Z,11090.5,3206,3212,250.2,160.8,178.0,3.459,81.2,,,2025-09-16,11.0905,0.8905555555555555,0.2502,Run
15816924903,La faim (the end),Ride,Ride,2025-09-15T08:04:46Z,43225.8,7074,11264,96.0,,,6.111,,47.7,337.6,2025-09-15,43.2258,1.965,0.096,Ride
15810513510,Servus,Ride,Ride,2025-09-14T08:50:30Z,56376.2,16048,27895,1981.0,,,3.513,,97.7,1567.9,2025-09-14,56.3762,4.457777777777777,1.981,Ride
15798992673,Bornes to be wild,Ride,Ride,2025-09-13T07:17:07Z,64965.0,24672,33408,2939.0,,,2.633,,98.6,2433.2,2025-09-13,64.965,6.8533333333333335,2.939,Ride
15787200113,Bonne journée pour faire du vélo,Ride,Ride,2025-09-12T06:38:43Z,60577.9,14582,31857,1753.0,,,4.154,,91.9,1340.0,2025-09-12,60.5779,4.0505555555555555,1.753,Ride
15783615773,Mythique Dolomites,MountainBikeRide,Ride,2025-09-11T08:43:08Z,71259.6,23120,40562,2298.0,,,3.082,,82.7,1911.4,2025-09-11,71.2596,6.4222222222222225,2.298,MountainBikeRide
15762462175,Vers les dolomites,Ride,Ride,2025-09-10T10:04:52Z,45883.2,8440,10229,653.0,,,5.436,,106.1,895.4,2025-09-10,45.883199999999995,2.3444444444444446,0.653,Ride
15755876974,Veneto divide jour 4,Ride,Ride,2025-09-09T07:04:56Z,93909.6,25756,44255,2487.6,,,3.646,,78.3,2017.4,2025-09-09,93.90960000000001,7.154444444444445,2.4876,Ride
15748586038,Veneto divide jour 3,MountainBikeRide,Ride,2025-09-08T07:08:37Z,113451.0,28755,44249,3261.0,,,3.945,,95.8,2755.5,2025-09-08,113.451,7.9875,3.261,MountainBikeRide
16092434682,Morning Ride,Ride,Ride,2025-09-07T07:47:20Z,59007.9,24190,35602,2762.0,,,2.439,,91.1,2202.8,2025-09-07,59.0079,6.719444444444444,2.762,Ride
15737104394,Veneto divide jour 2,MountainBikeRide,Ride,2025-09-07T07:47:08Z,58829.6,23540,35570,2727.0,,,2.499,,91.0,2141.1,2025-09-07,58.8296,6.538888888888889,2.727,MountainBikeRide
15721588517,Veneto divide jour 1,MountainBikeRide,Ride,2025-09-06T13:59:47Z,80891.9,22041,28974,2192.6,,,3.67,,89.9,1981.1,2025-09-06,80.89189999999999,6.1225,2.1926,MountainBikeRide
15709761485,Gewichtstraining in der Nacht,WeightTraining,WeightTraining,2025-09-05T23:03:56Z,0.0,780,780,0.0,,,0.0,,,,2025-09-05,0.0,0.21666666666666667,0.0,WeightTraining
15692501527,Lunch Run,Run,Run,2025-09-04T11:15:52Z,10937.2,3156,3172,271.9,142.1,167.0,3.466,81.5,,,2025-09-04,10.9372,0.8766666666666667,0.2719,Run
15683614769,Afternoon Weight Training,WeightTraining,WeightTraining,2025-09-03T16:13:30Z,0.0,2055,2055,0.0,103.9,135.0,0.0,,,,2025-09-03,0.0,0.5708333333333333,0.0,WeightTraining
15674070295,Evening Run,Run,Run,2025-09-02T18:19:08Z,15339.4,4757,4998,107.8,149.2,185.0,3.225,83.1,,,2025-09-02,15.3394,1.321388888888889,0.10779999999999999,Run
15656081403,Morning Swim,Swim,Swim,2025-09-01T08:00:00Z,2500.0,3000,3000,0.0,,,0.833,,,,2025-09-01,2.5,0.8333333333333334,0.0,Swim
15648038806,Scramble et course au train,TrailRun,Run,2025-08-31T08:57:37Z,13554.7,18427,19045,766.2,102.4,146.0,0.736,75.2,,,2025-08-31,13.5547,5.118611111111111,0.7662,TrailRun
15639851459,Wohoo section with Tjeerd,GravelRide,Ride,2025-08-30T15:29:21Z,53452.8,9766,12440,1147.6,125.1,152.0,5.473,,118.4,1156.5,2025-08-30,53.4528,2.7127777777777777,1.1476,GravelRide
15628099681,Afternoon Run,Run,Run,2025-08-29T17:17:58Z,14027.0,3771,3774,361.0,150.0,179.0,3.72,83.3,,,2025-08-29,14.027,1.0475,0.361,Run
15623252849,Afternoon Run,Run,Run,2025-08-28T16:58:25Z,10401.0,3282,3996,150.4,131.0,156.0,3.169,82.3,,,2025-08-28,10.401,0.9116666666666666,0.1504,Run
15623252961,Afternoon Weight Training,WeightTraining,WeightTraining,2025-08-27T16:57:35Z,0.0,1565,1565,0.0,87.4,118.0,0.0,,,,2025-08-27,0.0,0.43472222222222223,0.0,WeightTraining
15623252965,Afternoon Row,Rowing,Rowing,2025-08-27T16:44:42Z,0.0,753,753,0.0,103.6,120.0,0.0,27.7,,,2025-08-27,0.0,0.20916666666666667,0.0,Rowing
15623252873,Afternoon Ride,Ride,Ride,2025-08-26T17:55:43Z,33431.8,4727,4751,478.0,124.8,147.0,7.073,,140.2,662.9,2025-08-26,33.4318,1.3130555555555556,0.478,Ride
15583189061,Schwimmen am Abend,Swim,Swim,2025-08-25T19:00:10Z,1500.0,1440,1440,0.0,,,1.042,,,,2025-08-25,1.5,0.4,0.0,Swim
15569662505,« Grat » eux,TrailRun,Run,2025-08-24T09:09:15Z,36127.9,20164,20604,2975.1,118.4,204.0,1.792,74.7,,,2025-08-24,36.127900000000004,5.601111111111111,2.9751,TrailRun
15565040238,Fahrt am Morgen,Ride,Ride,2025-08-23T10:32:00Z,7000.0,2040,2040,0.0,,,3.431,,,,2025-08-23,7.0,0.5666666666666667,0.0,Ride
15548528620,Afternoon Run,Run,Run,2025-08-22T16:38:13Z,10680.7,3090,3100,256.2,138.8,162.0,3.457,82.3,,,2025-08-22,10.6807,0.8583333333333333,0.2562,Run
15537638471,Fahrt am Nachmittag,Ride,Ride,2025-08-21T17:28:28Z,20000.0,3060,3060,0.0,,,6.536,,,,2025-08-21,20.0,0.85,0.0,Ride
15537451079,Afternoon Weight Training,WeightTraining,WeightTraining,2025-08-21T17:12:29Z,0.0,2818,2818,0.0,89.6,129.0,0.0,,,,2025-08-21,0.0,0.7827777777777778,0.0,WeightTraining
15523071897,Lunch Run,Run,Run,2025-08-20T12:07:53Z,12278.0,3630,3662,301.6,135.5,168.0,3.382,81.5,,,2025-08-20,12.278,1.0083333333333333,0.30160000000000003,Run
15514552339,Afternoon Ride,Ride,Ride,2025-08-19T17:23:30Z,25140.7,4165,4309,456.0,,,6.036,,129.4,538.9,2025-08-19,25.140700000000002,1.1569444444444446,0.456,Ride
15502885286,Yoga am Abend,Yoga,Yoga,2025-08-18T18:56:57Z,0.0,960,960,0.0,,,0.0,,,,2025-08-18,0.0,0.26666666666666666,0.0,Yoga
15497521738,Le roi des alpes de l'est,Hike,Hike,2025-08-17T03:15:39Z,21612.9,22695,57173,2009.1,114.6,175.0,0.952,56.2,,,2025-08-17,21.6129,6.304166666666666,2.0091,Hike
15492619028,One love engiadina,Hike,Hike,2025-08-16T13:21:42Z,10831.3,8987,9490,805.8,104.2,131.0,1.205,53.1,,,2025-08-16,10.831299999999999,2.4963888888888888,0.8058,Hike
15465072257,Morning Trail Run,TrailRun,Run,2025-08-15T10:16:00Z,10891.3,3700,3774,535.8,138.8,177.0,2.944,81.7,,,2025-08-15,10.8913,1.0277777777777777,0.5357999999999999,TrailRun
15460062454,Afternoon Ride,Ride,Ride,2025-08-14T17:34:16Z,38739.2,5920,6122,590.8,124.5,147.0,6.544,,129.8,768.4,2025-08-14,38.7392,1.6444444444444444,0.5908,Ride
15442704733,Lunch Run,Run,Run,2025-08-13T11:00:10Z,11466.3,3315,3328,265.2,140.3,155.0,3.459,82.1,,,2025-08-13,11.466299999999999,0.9208333333333333,0.2652,Run
15440920997,Afternoon Weight Training,WeightTraining,WeightTraining,2025-08-12T17:33:52Z,0.0,1521,1521,0.0,67.0,82.0,0.0,,,,2025-08-12,0.0,0.4225,0.0,WeightTraining
15428693121,Afternoon Ride,Ride,Ride,2025-08-11T16:58:39Z,25157.4,4642,4678,517.9,112.9,138.0,5.42,,110.5,512.7,2025-08-11,25.157400000000003,1.2894444444444444,0.5179,Ride
15413437667,Afternoon Ride,Ride,Ride,2025-08-10T15:23:53Z,11319.1,2878,6348,89.7,98.9,135.0,3.933,,47.4,136.5,2025-08-10,11.3191,0.7994444444444444,0.0897,Ride
15398651900,Sierre-Zinal 👌🏔️,TrailRun,Run,2025-08-09T11:00:13Z,31655.9,11331,11375,2112.8,171.1,194.0,2.783,78.9,,,2025-08-09,31.655900000000003,3.1475,2.1128,TrailRun
15386043095,Lunch Run,Run,Run,2025-08-08T12:03:22Z,3689.7,1191,1203,22.7,127.1,147.0,3.098,81.9,,,2025-08-08,3.6896999999999998,0.3308333333333333,0.022699999999999998,Run
15381012510,Evening Ride,Ride,Ride,2025-08-07T20:38:21Z,7397.7,1996,4492,89.8,94.1,124.0,3.706,,49.5,98.9,2025-08-07,7.3976999999999995,0.5544444444444444,0.08979999999999999,Ride
15361483698,Morning Trail Run,TrailRun,Run,2025-08-06T09:08:56Z,8280.9,2273,2278,162.7,142.7,157.0,3.643,83.0,,,2025-08-06,8.280899999999999,0.6313888888888889,0.16269999999999998,TrailRun
15357221514,Night Weight Training,WeightTraining,WeightTraining,2025-08-05T21:41:36Z,0.0,1921,1921,0.0,47.3,73.0,0.0,,,,2025-08-05,0.0,0.5336111111111111,0.0,WeightTraining
15344599302,Evening Ride,Ride,Ride,2025-08-04T18:07:56Z,22865.9,3526,10893,111.9,112.0,159.0,6.485,,108.1,381.2,2025-08-04,22.8659,0.9794444444444445,0.1119,Ride
15329851173,Lauf am Nachmittag,Run,Run,2025-08-03T14:14:22Z,3100.0,840,840,0.0,,,3.69,,,,2025-08-03,3.1,0.23333333333333334,0.0,Run
15329862735,Schwimmen am Nachmittag,Swim,Swim,2025-08-03T14:01:46Z,1500.0,1509,1509,0.0,,,0.994,,,,2025-08-03,1.5,0.4191666666666667,0.0,Swim
15329831041,Lunch Run,Run,Run,2025-08-03T12:59:31Z,6247.9,1970,4890,81.4,136.1,161.0,3.172,81.8,,,2025-08-03,6.2479,0.5472222222222223,0.0814,Run
15321478867,Spaziergang am Abend,Walk,Walk,2025-08-02T18:48:31Z,170.4,86,86,0.0,,,1.981,,,,2025-08-02,0.1704,0.02388888888888889,0.0,Walk
15308419824,Morning Trail Run,TrailRun,Run,2025-08-01T07:42:07Z,19391.6,15060,21346,961.5,100.4,149.0,1.288,72.6,,,2025-08-01,19.391599999999997,4.183333333333334,0.9615,TrailRun
15298429962,Lunch Trail Run,TrailRun,Run,2025-07-31T12:51:48Z,19505.2,12473,13423,2723.3,130.7,196.0,1.564,66.1,,,2025-07-31,19.505200000000002,3.464722222222222,2.7233,TrailRun
15293040308,Heat,Ride,Ride,2025-07-30T18:40:45Z,0.0,4572,4572,0.0,135.6,162.0,0.0,,,,2025-07-30,0.0,1.27,0.0,Ride
15277709360,Evening Run,Run,Run,2025-07-29T18:36:35Z,12515.4,3941,4871,368.2,146.2,180.0,3.176,82.6,,,2025-07-29,12.5154,1.0947222222222222,0.36819999999999997,Run
15265122606,Evening Ride,Ride,Ride,2025-07-28T18:24:24Z,1853.0,568,600,20.1,92.1,104.0,3.262,,70.9,40.2,2025-07-28,1.853,0.15777777777777777,0.0201,Ride
15251972902,Lunch Run,Run,Run,2025-07-27T11:39:44Z,20765.5,6775,6918,921.7,132.7,152.0,3.065,81.2,,,2025-07-27,20.7655,1.8819444444444444,0.9217000000000001,Run
15245014050,Afternoon Run,Run,Run,2025-07-26T16:43:43Z,3333.2,904,1018,20.4,135.1,152.0,3.687,84.2,,,2025-07-26,3.3331999999999997,0.2511111111111111,0.020399999999999998,Run
15245009364,Afternoon Run,Run,Run,2025-07-26T15:46:12Z,3619.3,1191,1471,106.9,113.0,149.0,3.039,82.0,,,2025-07-26,3.6193,0.3308333333333333,0.10690000000000001,Run
15250350541,Gewichtstraining zur Mittagszeit,WeightTraining,WeightTraining,2025-07-26T11:33:00Z,0.0,1800,1800,0.0,,,0.0,,,,2025-07-26,0.0,0.5,0.0,WeightTraining
15233431323,Evening Ride,Ride,Ride,2025-07-25T18:28:02Z,2864.6,536,1389,16.9,96.0,114.0,5.344,,63.6,34.1,2025-07-25,2.8646,0.14888888888888888,0.0169,Ride
15252079504,Wanderung am Nachmittag,Hike,Hike,2025-07-25T13:46:00Z,5000.0,3600,3600,0.0,,,1.389,,,,2025-07-25,5.0,1.0,0.0,Hike
15222680590,Evening Run,Run,Run,2025-07-24T18:14:01Z,3539.1,904,966,18.6,143.6,158.0,3.915,84.5,,,2025-07-24,3.5391,0.2511111111111111,0.018600000000000002,Run
15222498679,Afternoon Workout,Workout,Workout,2025-07-24T17:35:06Z,0.0,2230,2230,0.0,156.5,176.0,0.0,,,,2025-07-24,0.0,0.6194444444444445,0.0,Workout
15222097862,Afternoon Run,Run,Run,2025-07-24T17:11:42Z,3696.5,1072,1116,101.6,125.6,139.0,3.448,83.8,,,2025-07-24,3.6965,0.29777777777777775,0.1016,Run
15250369930,Lauf am Mittag,VirtualRun,VirtualRun,2025-07-24T11:34:00Z,6000.0,1800,1800,0.0,,,3.333,,,,2025-07-24,6.0,0.5,0.0,VirtualRun
15211463434,Heat,Ride,Ride,2025-07-23T17:04:16Z,0.0,4466,4466,0.0,133.8,156.0,0.0,,,,2025-07-23,0.0,1.2405555555555556,0.0,Ride
15200659122,Evening Run,Run,Run,2025-07-22T18:17:17Z,16294.1,4346,4805,220.3,138.2,177.0,3.749,83.7,,,2025-07-22,16.2941,1.2072222222222222,0.22030000000000002,Run
15193969384,Evening Weight Training,WeightTraining,WeightTraining,2025-07-21T19:32:50Z,0.0,3060,3060,0.0,58.9,96.0,0.0,,,,2025-07-21,0.0,0.85,0.0,WeightTraining
15176817096,Morning Trail Run,TrailRun,Run,2025-07-20T08:27:41Z,15341.5,21498,23760,950.1,88.9,124.0,0.714,58.0,,,2025-07-20,15.3415,5.971666666666667,0.9501000000000001,TrailRun
15176796585,Afternoon Trail Run,TrailRun,Run,2025-07-19T13:34:25Z,18279.3,9261,9422,1524.4,132.2,165.0,1.974,75.8,,,2025-07-19,18.2793,2.5725,1.5244000000000002,TrailRun
15176777494,Morning Trail Run,TrailRun,Run,2025-07-19T09:28:35Z,8122.6,10440,12261,1125.7,86.0,113.0,0.778,53.3,,,2025-07-19,8.1226,2.9,1.1257000000000001,TrailRun
15161362105,Schwimmen am Morgen,Swim,Swim,2025-07-18T07:38:59Z,2950.0,2791,2791,0.0,,,1.057,,,,2025-07-18,2.95,0.7752777777777777,0.0,Swim
15145950201,Afternoon Trail Run,TrailRun,Run,2025-07-17T17:58:21Z,4354.7,1276,1733,44.7,128.6,148.0,3.413,82.7,,,2025-07-17,4.3547,0.35444444444444445,0.044700000000000004,TrailRun
15145623603,Afternoon Workout,StairStepper,StairStepper,2025-07-17T17:11:45Z,0.0,2291,2291,0.0,158.6,178.0,0.0,,,,2025-07-17,0.0,0.6363888888888889,0.0,StairStepper
15145234310,Afternoon Trail Run,TrailRun,Run,2025-07-17T16:49:22Z,3495.8,1019,1135,101.2,135.5,148.0,3.431,83.3,,,2025-07-17,3.4958,0.28305555555555556,0.1012,TrailRun
15135224081,Afternoon Trail Run,TrailRun,Run,2025-07-16T17:51:48Z,8432.5,2797,2801,214.9,131.1,146.0,3.015,83.3,,,2025-07-16,8.4325,0.7769444444444444,0.2149,TrailRun
15131333785,Gewichtstraining zur Mittagszeit,WeightTraining,WeightTraining,2025-07-16T11:40:51Z,0.0,1980,1980,0.0,,,0.0,,,,2025-07-16,0.0,0.55,0.0,WeightTraining
15124520921,Evening Run,Run,Run,2025-07-15T18:18:36Z,13526.0,4149,4953,101.1,143.7,186.0,3.26,83.9,,,2025-07-15,13.526,1.1525,0.1011,Run
15118702507,Heat,Ride,Ride,2025-07-14T18:32:39Z,0.0,3602,3602,0.0,141.7,156.0,0.0,,,,2025-07-14,0.0,1.0005555555555556,0.0,Ride
15118699538,Morning Weight Training,WeightTraining,WeightTraining,2025-07-14T07:37:19Z,0.0,970,970,0.0,88.5,114.0,0.0,,,,2025-07-14,0.0,0.26944444444444443,0.0,WeightTraining
15102536839,Afternoon Run,Run,Run,2025-07-13T16:50:22Z,15488.7,4468,4695,354.6,139.0,154.0,3.467,82.2,,,2025-07-13,15.488700000000001,1.241111111111111,0.3546,Run
15102531236,Evening Weight Training,WeightTraining,WeightTraining,2025-07-12T18:52:15Z,0.0,909,909,0.0,69.8,95.0,0.0,,,,2025-07-12,0.0,0.2525,0.0,WeightTraining
15080599967,Afternoon Trail Run,TrailRun,Run,2025-07-11T17:09:48Z,11678.6,4439,4629,693.0,139.9,180.0,2.631,80.1,,,2025-07-11,11.678600000000001,1.2330555555555556,0.693,TrailRun
15067133333,Lunch Run,Run,Run,2025-07-10T11:51:44Z,7656.3,3285,3898,138.4,132.7,173.0,2.331,78.2,,,2025-07-10,7.6563,0.9125,0.1384,Run
15058175312,Afternoon Trail Run,TrailRun,Run,2025-07-09T14:23:37Z,10905.7,8948,9616,1318.3,101.6,163.0,1.219,71.7,,,2025-07-09,10.905700000000001,2.4855555555555555,1.3183,TrailRun
15047124099,Morning Ride,Ride,Ride,2025-07-08T10:17:17Z,33325.3,13688,26267,1429.0,113.8,147.0,2.435,,82.0,1123.0,2025-07-08,33.325300000000006,3.8022222222222224,1.429,Ride
15034898759,Lunch Trail Run,TrailRun,Run,2025-07-07T12:49:10Z,21493.4,8570,9120,533.0,127.7,164.0,2.508,77.5,,,2025-07-07,21.4934,2.3805555555555555,0.533,TrailRun
15027351651,Afternoon Run,Run,Run,2025-07-06T17:50:59Z,6059.2,1943,1943,80.9,110.9,120.0,3.118,83.9,,,2025-07-06,6.0592,0.5397222222222222,0.0809,Run
15025890476,Morning Walk,TrailRun,Run,2025-07-06T10:44:46Z,3675.0,2367,4769,25.3,70.4,93.0,1.553,63.7,,,2025-07-06,3.675,0.6575,0.0253,TrailRun
15025884104,Evening Walk,TrailRun,Run,2025-07-05T18:36:17Z,3176.6,3469,6119,530.0,87.2,117.0,0.916,60.1,,,2025-07-05,3.1766,0.9636111111111111,0.53,TrailRun
15014408513,Lunch Run,Run,Run,2025-07-05T12:49:07Z,15270.5,4019,4230,81.5,148.4,183.0,3.8,84.9,,,2025-07-05,15.2705,1.1163888888888889,0.0815,Run
15009132759,Night Walk,TrailRun,Run,2025-07-04T22:42:29Z,5410.8,4398,7401,531.8,71.4,112.0,1.23,56.8,,,2025-07-04,5.4108,1.2216666666666667,0.5317999999999999,TrailRun
15004291577,Summer or winter øy?,StandUpPaddling,StandUpPaddling,2025-07-04T13:09:40Z,5668.5,5639,6872,2.0,66.3,88.0,1.005,50.7,,,2025-07-04,5.6685,1.5663888888888888,0.002,StandUpPaddling
14996359284,Lunch Trail Run,TrailRun,Run,2025-07-03T11:07:24Z,7705.3,11736,12061,1095.7,86.6,128.0,0.657,67.3,,,2025-07-03,7.7053,3.26,1.0957000000000001,TrailRun
14985765023,Rocailleux,TrailRun,Run,2025-07-02T12:35:57Z,12242.5,12223,13482,1238.9,106.7,168.0,1.002,69.9,,,2025-07-02,12.2425,3.395277777777778,1.2389000000000001,TrailRun
14973681302,Un petit goût de tundra,TrailRun,Run,2025-07-01T15:32:05Z,7711.0,3915,4472,557.3,126.8,151.0,1.97,75.3,,,2025-07-01,7.711,1.0875,0.5572999999999999,TrailRun
14964170181,Afternoon Weight Training,WeightTraining,WeightTraining,2025-06-30T17:51:51Z,0.0,1072,1072,0.0,82.0,109.0,0.0,,,,2025-06-30,0.0,0.29777777777777775,0.0,WeightTraining
14950599710,Morning Trail Run,TrailRun,Run,2025-06-29T10:23:27Z,12586.6,5223,5659,776.0,133.3,190.0,2.41,79.1,,,2025-06-29,12.5866,1.4508333333333334,0.776,TrailRun
14944148186,Afternoon Weight Training,WeightTraining,WeightTraining,2025-06-28T17:41:19Z,0.0,2193,2193,0.0,64.1,102.0,0.0,,,,2025-06-28,0.0,0.6091666666666666,0.0,WeightTraining
14940359420,Kayakfahrt zur Mittagszeit,Kayaking,Kayaking,2025-06-28T10:06:23Z,7527.6,6324,8565,5.5,,,1.19,,,,2025-06-28,7.5276000000000005,1.7566666666666666,0.0055,Kayaking
14935025707,Schwimmen am Nachmittag,Swim,Swim,2025-06-27T16:29:00Z,3000.0,3600,3600,0.0,,,0.833,,,,2025-06-27,3.0,1.0,0.0,Swim
14935287235,Derrière la chambre-lit,Walk,Walk,2025-06-27T10:21:13Z,11290.8,10352,13629,537.0,85.8,133.0,1.091,57.5,,,2025-06-27,11.290799999999999,2.8755555555555556,0.537,Walk
14919673260,Morning Run,Run,Run,2025-06-26T09:54:51Z,11365.2,3009,3052,83.8,136.0,162.0,3.777,84.6,,,2025-06-26,11.365200000000002,0.8358333333333333,0.0838,Run
14910451101,Nordmarka🙌,TrailRun,Run,2025-06-25T11:12:16Z,14835.0,5887,8178,305.1,119.5,152.0,2.52,80.8,,,2025-06-25,14.835,1.6352777777777778,0.30510000000000004,TrailRun
14902258404,Afternoon Ride,Ride,Ride,2025-06-24T17:56:04Z,1770.5,649,1002,49.0,103.9,118.0,2.728,,55.8,36.2,2025-06-24,1.7705,0.1802777777777778,0.049,Ride
14891849984,Afternoon Trail Run,TrailRun,Run,2025-06-23T17:00:32Z,11358.7,4535,4870,747.9,135.9,182.0,2.505,80.3,,,2025-06-23,11.3587,1.2597222222222222,0.7479,TrailRun
14884762243,Schwimmen am Nachmittag,Swim,Swim,2025-06-22T16:05:00Z,3000.0,3600,3600,0.0,,,0.833,,,,2025-06-22,3.0,1.0,0.0,Swim
14868339631,Morning Run,Run,Run,2025-06-21T10:13:09Z,20799.6,7025,7201,999.0,149.1,179.0,2.961,79.7,,,2025-06-21,20.799599999999998,1.9513888888888888,0.999,Run
14862849497,Schwimmen am Abend,Swim,Swim,2025-06-20T18:08:00Z,2000.0,2179,2179,0.0,,,0.918,,,,2025-06-20,2.0,0.6052777777777778,0.0,Swim
14851900139,Evening Run,Run,Run,2025-06-19T18:14:23Z,12589.6,3360,3363,234.2,146.3,165.0,3.747,82.3,,,2025-06-19,12.5896,0.9333333333333333,0.2342,Run
14851893929,Morning Weight Training,WeightTraining,WeightTraining,2025-06-18T10:57:01Z,0.0,2414,2414,0.0,100.8,136.0,0.0,,,,2025-06-18,0.0,0.6705555555555556,0.0,WeightTraining
14825761604,Lunch Run,Run,Run,2025-06-17T11:05:34Z,10675.4,4033,4044,723.1,122.9,159.0,2.647,79.1,,,2025-06-17,10.6754,1.1202777777777777,0.7231000000000001,Run
14820308024,Evening Run,Run,Run,2025-06-16T19:27:39Z,6579.6,1946,1946,155.7,123.7,137.0,3.381,80.6,,,2025-06-16,6.5796,0.5405555555555556,0.15569999999999998,Run
14805859144,Morning Ride,Ride,Ride,2025-06-15T07:37:09Z,62299.6,11971,15451,1358.6,118.3,159.0,5.204,,113.4,1357.3,2025-06-15,62.2996,3.325277777777778,1.3585999999999998,Ride
14795069561,Schwimmen am Morgen,Swim,Swim,2025-06-14T06:29:00Z,3000.0,3600,3600,0.0,,,0.833,,,,2025-06-14,3.0,1.0,0.0,Swim
14788508442,Afternoon Ride,Ride,Ride,2025-06-13T17:09:30Z,51411.1,6646,6772,617.0,130.0,151.0,7.736,,153.9,1023.1,2025-06-13,51.4111,1.846111111111111,0.617,Ride
14778124892,Afternoon Yoga,Yoga,Yoga,2025-06-12T17:59:40Z,0.0,1605,1605,0.0,56.8,91.0,0.0,,,,2025-06-12,0.0,0.44583333333333336,0.0,Yoga
14769378222,Forchlauf,Run,Run,2025-06-11T19:00:03Z,21154.3,4954,4954,367.3,174.8,188.0,4.27,84.9,,,2025-06-11,21.1543,1.376111111111111,0.3673,Run
14769370625,Evening Run,Run,Run,2025-06-11T18:40:22Z,1654.3,524,544,17.8,145.7,157.0,3.157,82.5,,,2025-06-11,1.6542999999999999,0.14555555555555555,0.0178,Run
14757291910,Evening Run,Run,Run,2025-06-10T18:43:10Z,3094.2,903,918,27.7,130.5,159.0,3.427,81.1,,,2025-06-10,3.0942,0.25083333333333335,0.0277,Run
14742927501,On cours toujours après un train,TrailRun,Run,2025-06-09T10:49:27Z,11013.7,6451,7910,605.1,110.1,148.0,1.707,68.1,,,2025-06-09,11.0137,1.7919444444444443,0.6051,TrailRun
14733977512,Caves ouvertes en ce jour de fête 🎂,Walk,Walk,2025-06-08T13:00:52Z,4711.5,4586,6936,161.8,57.1,107.0,1.027,49.8,,,2025-06-08,4.7115,1.2738888888888888,0.1618,Walk
14722415381,Lunch Run,Run,Run,2025-06-07T11:47:19Z,15831.1,4319,4375,323.7,142.4,176.0,3.665,82.8,,,2025-06-07,15.831100000000001,1.1997222222222221,0.3237,Run
14722409318,Afternoon Weight Training,WeightTraining,WeightTraining,2025-06-06T14:50:35Z,0.0,2803,2803,0.0,87.8,128.0,0.0,,,,2025-06-06,0.0,0.7786111111111111,0.0,WeightTraining
14702764200,Lunch Run,Run,Run,2025-06-05T11:11:20Z,13329.3,3376,3412,260.9,141.6,166.0,3.948,84.2,,,2025-06-05,13.3293,0.9377777777777778,0.26089999999999997,Run
14690524108,Morning Run,Run,Run,2025-06-04T07:07:25Z,6951.1,2065,2610,52.4,122.8,145.0,3.366,84.6,,,2025-06-04,6.9511,0.5736111111111111,0.052399999999999995,Run
14685017468,Afternoon Ride,Ride,Ride,2025-06-03T17:37:58Z,0.0,3959,3959,0.0,135.0,158.0,0.0,,,,2025-06-03,0.0,1.0997222222222223,0.0,Ride
14675406808,Evening Run,Run,Run,2025-06-02T18:56:54Z,10395.7,2805,2880,47.0,146.6,183.0,3.706,83.9,,,2025-06-02,10.395700000000001,0.7791666666666667,0.047,Run
14664332934,Afternoon Ride,Ride,Ride,2025-06-01T17:43:25Z,1788.3,383,417,21.8,109.3,125.0,4.669,,81.8,31.3,2025-06-01,1.7883,0.1063888888888889,0.0218,Ride
14653875674,Afternoon Run,Run,Run,2025-05-31T17:04:21Z,18503.6,5063,5089,246.8,151.5,170.0,3.655,84.0,,,2025-05-31,18.5036,1.406388888888889,0.24680000000000002,Run
14644075695,Evening Weight Training,WeightTraining,WeightTraining,2025-05-30T18:00:34Z,0.0,2450,2450,0.0,97.0,133.0,0.0,,,,2025-05-30,0.0,0.6805555555555556,0.0,WeightTraining
14629957656,Lunch Run,Run,Run,2025-05-29T12:30:55Z,11416.9,3079,3085,279.2,150.1,176.0,3.708,82.7,,,2025-05-29,11.4169,0.8552777777777778,0.2792,Run
14622327350,Fahrt am Nachmittag,VirtualRide,VirtualRide,2025-05-28T17:41:10Z,37000.0,3600,3600,0.0,,,10.278,,,,2025-05-28,37.0,1.0,0.0,VirtualRide
14612111836,Afternoon Run,Run,Run,2025-05-27T17:53:08Z,13282.2,3453,3538,85.9,152.6,181.0,3.847,83.8,,,2025-05-27,13.282200000000001,0.9591666666666666,0.0859,Run
14603064223,Evening Yoga,Yoga,Yoga,2025-05-26T19:15:22Z,0.0,2406,2406,0.0,56.9,79.0,0.0,,,,2025-05-26,0.0,0.6683333333333333,0.0,Yoga
14589763634,Morning Trail Run,TrailRun,Run,2025-05-25T10:27:57Z,19297.7,10300,12567,978.9,121.0,159.0,1.874,76.1,,,2025-05-25,19.2977,2.861111111111111,0.9789,TrailRun
14582602076,Afternoon Ride,Ride,Ride,2025-05-24T13:27:37Z,39297.2,10466,17231,1177.6,118.1,159.0,3.755,,92.8,971.5,2025-05-24,39.2972,2.9072222222222224,1.1776,Ride
14568698569,Lunch Run,TrailRun,Run,2025-05-23T11:02:39Z,12149.6,5203,5320,1135.2,132.7,168.0,2.335,78.8,,,2025-05-23,12.1496,1.4452777777777779,1.1352,TrailRun
14567567779,Schwimmen am Nachmittag,Swim,Swim,2025-05-22T16:28:00Z,1300.0,1800,1800,0.0,,,0.722,,,,2025-05-22,1.3,0.5,0.0,Swim
14568694333,Morning Ride,Ride,Ride,2025-05-22T07:56:24Z,4050.0,761,794,31.0,114.8,136.0,5.322,,71.6,54.5,2025-05-22,4.05,0.21138888888888888,0.031,Ride
14553069129,Evening Ride,Ride,Ride,2025-05-21T18:21:47Z,0.0,4787,4787,0.0,141.0,182.0,0.0,,,,2025-05-21,0.0,1.3297222222222222,0.0,Ride
14541013106,Afternoon Run,Run,Run,2025-05-20T17:16:11Z,12028.0,3352,3352,172.5,142.6,159.0,3.588,83.6,,,2025-05-20,12.028,0.9311111111111111,0.1725,Run
14530045612,Afternoon Weight Training,WeightTraining,WeightTraining,2025-05-19T17:12:24Z,0.0,2169,2169,0.0,95.6,143.0,0.0,,,,2025-05-19,0.0,0.6025,0.0,WeightTraining
14521197520,Morning Walk,Walk,Walk,2025-05-18T10:48:41Z,10910.3,11204,14776,722.8,70.1,99.0,0.974,58.2,,,2025-05-18,10.9103,3.112222222222222,0.7228,Walk
14505458155,SOLA Uetli 🌋,Run,Run,2025-05-17T09:15:43Z,5951.6,1619,1619,410.5,171.2,185.0,3.676,85.5,,,2025-05-17,5.9516,0.44972222222222225,0.4105,Run
14496373786,Morning Run,Run,Run,2025-05-16T10:48:29Z,7367.3,2118,2192,127.6,142.4,161.0,3.478,82.1,,,2025-05-16,7.3673,0.5883333333333334,0.1276,Run
14485465362,Morning Ride,Ride,Ride,2025-05-15T08:28:32Z,3961.9,637,718,26.2,102.4,124.0,6.22,,89.1,56.7,2025-05-15,3.9619,0.17694444444444443,0.026199999999999998,Ride
14478236124,Afternoon Run,Run,Run,2025-05-14T15:19:02Z,10558.9,3068,3165,296.3,141.3,180.0,3.442,82.6,,,2025-05-14,10.5589,0.8522222222222222,0.2963,Run
14464177708,Morning Ride,Ride,Ride,2025-05-13T10:10:58Z,3978.8,715,741,33.2,104.2,116.0,5.565,,74.1,53.0,2025-05-13,3.9788,0.1986111111111111,0.0332,Ride
14457083504,Afternoon Weight Training,WeightTraining,WeightTraining,2025-05-12T17:16:04Z,0.0,1825,1825,0.0,87.2,128.0,0.0,,,,2025-05-12,0.0,0.5069444444444444,0.0,WeightTraining
14448770561,Evening Run,Run,Run,2025-05-11T18:06:52Z,6105.5,1758,1769,43.8,131.4,149.0,3.473,83.1,,,2025-05-11,6.1055,0.48833333333333334,0.0438,Run
14438476619,Afternoon Ride,Ride,Ride,2025-05-10T15:32:15Z,103628.0,13666,14527,1624.1,137.4,229.0,7.583,,162.9,2225.9,2025-05-10,103.628,3.796111111111111,1.6240999999999999,Ride
14423719480,Schwimmen am Morgen,Swim,Swim,2025-05-09T06:50:00Z,2500.0,2700,2700,0.0,,,0.926,,,,2025-05-09,2.5,0.75,0.0,Swim
14413929298,Lunch Run,Run,Run,2025-05-08T11:23:20Z,13004.2,3577,3651,103.9,139.8,163.0,3.636,84.2,,,2025-05-08,13.0042,0.9936111111111111,0.1039,Run
14407042998,Afternoon Ride,Ride,Ride,2025-05-07T16:10:09Z,0.0,3740,3740,0.0,134.1,152.0,0.0,,,,2025-05-07,0.0,1.038888888888889,0.0,Ride
14402858024,Morning Ride,Ride,Ride,2025-05-06T08:19:57Z,8416.2,1578,1737,81.8,114.1,132.0,5.333,,77.8,122.7,2025-05-06,8.4162,0.43833333333333335,0.0818,Ride
14387026851,Evening Run,Run,Run,2025-05-05T18:23:10Z,14612.1,4051,4278,460.2,137.6,177.0,3.607,82.7,,,2025-05-05,14.6121,1.1252777777777778,0.4602,Run
14373488650,Lunch Weight Training,WeightTraining,WeightTraining,2025-05-04T11:41:04Z,0.0,3149,3149,0.0,87.8,135.0,0.0,,,,2025-05-04,0.0,0.8747222222222222,0.0,WeightTraining
14366524918,Afternoon Run,Run,Run,2025-05-03T17:21:19Z,6622.9,1918,2004,161.9,125.9,141.0,3.453,82.4,,,2025-05-03,6.6229,0.5327777777777778,0.16190000000000002,Run
14356320878,Morning Ride,Ride,Ride,2025-05-02T09:06:26Z,201484.0,28647,34627,3013.6,122.1,162.0,7.033,,133.0,3808.9,2025-05-02,201.484,7.9575,3.0136,Ride
14347141726,Morning Ride,Ride,Ride,2025-05-01T10:44:57Z,176923.0,25851,32510,3021.2,125.9,165.0,6.844,,142.9,3695.1,2025-05-01,176.923,7.180833333333333,3.0212,Ride
14333797624,Afternoon Weight Training,WeightTraining,WeightTraining,2025-04-30T16:37:09Z,0.0,2888,2888,0.0,88.8,124.0,0.0,,,,2025-04-30,0.0,0.8022222222222222,0.0,WeightTraining
14324605547,Evening Run,Run,Run,2025-04-29T18:21:56Z,14137.4,4356,4529,146.9,127.0,168.0,3.246,82.5,,,2025-04-29,14.1374,1.21,0.1469,Run
14315260951,Schwimmen am Morgen,Swim,Swim,2025-04-28T06:49:56Z,0.0,2760,2760,0.0,,,0.0,,,,2025-04-28,0.0,0.7666666666666667,0.0,Swim
14299249035,Morning Run,Run,Run,2025-04-27T10:26:28Z,13343.5,3600,3607,192.1,143.4,166.0,3.707,83.9,,,2025-04-27,13.3435,1.0,0.1921,Run
14800057481,Afternoon Ride,Ride,Ride,2025-04-26T17:17:27Z,23935.8,3080,3080,189.4,,,7.771,,136.2,419.4,2025-04-26,23.9358,0.8555555555555555,0.1894,Ride
14293312338,Afternoon Ride,Ride,Ride,2025-04-26T13:11:16Z,124310.0,17081,17849,1383.9,132.5,182.0,7.278,,134.6,2298.8,2025-04-26,124.31,4.744722222222222,1.3839000000000001,Ride
14283739782,Evening Weight Training,WeightTraining,WeightTraining,2025-04-25T18:17:38Z,0.0,3007,3007,0.0,80.2,113.0,0.0,,,,2025-04-25,0.0,0.8352777777777778,0.0,WeightTraining
14273860544,Afternoon Run,Run,Run,2025-04-24T17:07:31Z,10065.6,3044,3200,403.6,129.8,159.0,3.307,81.6,,,2025-04-24,10.0656,0.8455555555555555,0.4036,Run
14265900225,Gewichtstraining am Abend,WeightTraining,WeightTraining,2025-04-23T20:57:29Z,0.0,1440,1440,0.0,,,0.0,,,,2025-04-23,0.0,0.4,0.0,WeightTraining
14260609562,Schwimmen am Morgen,Swim,Swim,2025-04-23T06:12:00Z,2500.0,2700,2700,0.0,,,0.926,,,,2025-04-23,2.5,0.75,0.0,Swim
14253916838,Evening Run,Run,Run,2025-04-22T18:13:08Z,9420.5,2568,2578,151.6,133.5,148.0,3.668,82.9,,,2025-04-22,9.4205,0.7133333333333334,0.15159999999999998,Run
14244356830,Afternoon Ride,Ride,Ride,2025-04-21T15:00:34Z,97511.2,12868,13372,1480.0,127.7,168.0,7.578,,157.9,2031.4,2025-04-21,97.5112,3.5744444444444445,1.48,Ride
14234903464,Afternoon Weight Training,WeightTraining,WeightTraining,2025-04-20T17:56:43Z,0.0,2637,2637,0.0,68.1,96.0,0.0,,,,2025-04-20,0.0,0.7325,0.0,WeightTraining
14222696582,Morning Workout,BackcountrySki,BackcountrySki,2025-04-19T07:22:37Z,13862.5,10084,18535,992.5,107.0,140.0,1.375,59.1,,,2025-04-19,13.8625,2.801111111111111,0.9925,BackcountrySki
14222683435,Lunch Workout,BackcountrySki,BackcountrySki,2025-04-18T12:07:45Z,8397.8,7479,12100,560.7,101.0,135.0,1.123,59.2,,,2025-04-18,8.3978,2.0775,0.5607000000000001,BackcountrySki
14204768120,Afternoon Run,Run,Run,2025-04-17T16:18:16Z,13016.3,3758,3882,317.5,135.1,155.0,3.464,83.4,,,2025-04-17,13.0163,1.0438888888888889,0.3175,Run
14196235812,Evening Ride,Ride,Ride,2025-04-16T18:10:55Z,0.0,3271,3271,0.0,133.6,148.0,0.0,,,,2025-04-16,0.0,0.9086111111111111,0.0,Ride
14186949215,Evening Run,Run,Run,2025-04-15T18:20:52Z,14265.0,4042,4670,140.7,147.6,184.0,3.529,84.4,,,2025-04-15,14.265,1.1227777777777779,0.1407,Run
14171647620,Schwimmen am Morgen,Swim,Swim,2025-04-14T07:40:44Z,2500.0,2707,2707,0.0,,,0.924,,,,2025-04-14,2.5,0.7519444444444444,0.0,Swim
14164273342,Lunch Run,Run,Run,2025-04-13T12:18:29Z,9119.2,2735,2758,240.5,129.8,148.0,3.334,83.2,,,2025-04-13,9.119200000000001,0.7597222222222222,0.2405,Run
14155310979,Lunch Ride,Ride,Ride,2025-04-12T11:15:13Z,97026.5,13171,14116,1644.1,136.5,167.0,7.367,,162.3,2137.5,2025-04-12,97.0265,3.658611111111111,1.6441,Ride
14147646204,Evening Weight Training,WeightTraining,WeightTraining,2025-04-11T18:25:17Z,0.0,1897,1897,0.0,85.3,118.0,0.0,,,,2025-04-11,0.0,0.5269444444444444,0.0,WeightTraining
14137808354,Afternoon Run,Run,Run,2025-04-10T17:18:23Z,9104.1,2603,2623,242.8,131.4,149.0,3.498,82.9,,,2025-04-10,9.1041,0.7230555555555556,0.24280000000000002,Run
14127152590,Schwimmen am Mittag,Swim,Swim,2025-04-09T11:30:00Z,2325.0,2580,2580,0.0,,,0.901,,,,2025-04-09,2.325,0.7166666666666667,0.0,Swim
14118355168,Evening Run,Run,Run,2025-04-08T18:14:20Z,8086.5,2401,2508,132.9,131.1,171.0,3.368,84.0,,,2025-04-08,8.0865,0.6669444444444445,0.13290000000000002,Run
14110226015,Evening Ride,Ride,Ride,2025-04-07T18:17:38Z,3947.2,622,656,23.2,94.7,111.0,6.346,,76.6,47.6,2025-04-07,3.9471999999999996,0.17277777777777778,0.0232,Ride
14099621104,Tentative du Mont Blanc à ski,BackcountrySki,BackcountrySki,2025-04-06T03:54:56Z,19465.2,16133,45250,1438.6,94.6,130.0,1.207,55.0,,,2025-04-06,19.4652,4.481388888888889,1.4385999999999999,BackcountrySki
14099593630,Montée vers les Grand Mulets en grande compagnie,BackcountrySki,BackcountrySki,2025-04-05T07:17:18Z,11853.5,15687,27958,2062.2,90.5,120.0,0.756,53.4,,,2025-04-05,11.8535,4.3575,2.0622,BackcountrySki
14074781174,Morning Weight Training,WeightTraining,WeightTraining,2025-04-04T07:42:36Z,0.0,758,758,0.0,60.1,81.0,0.0,,,,2025-04-04,0.0,0.21055555555555555,0.0,WeightTraining
14069492529,Afternoon Row,Rowing,Rowing,2025-04-03T17:35:03Z,0.0,1596,1596,0.0,126.7,159.0,0.0,26.6,,,2025-04-03,0.0,0.44333333333333336,0.0,Rowing
14056501284,Morning Run,Run,Run,2025-04-02T10:47:36Z,10610.9,2971,2996,160.1,145.8,161.0,3.571,85.1,,,2025-04-02,10.610899999999999,0.8252777777777778,0.1601,Run
14055816391,Evening Ride,Ride,Ride,2025-04-01T18:52:30Z,35259.8,5380,5466,513.2,117.9,158.0,6.554,,115.6,622.1,2025-04-01,35.259800000000006,1.4944444444444445,0.5132000000000001,Ride
14040345819,Evening Weight Training,WeightTraining,WeightTraining,2025-03-31T18:19:55Z,0.0,1822,1822,0.0,77.9,124.0,0.0,,,,2025-03-31,0.0,0.5061111111111111,0.0,WeightTraining
14029055775,Morning Run,Run,Run,2025-03-30T09:03:43Z,4981.4,1924,2159,73.8,119.5,137.0,2.589,81.6,,,2025-03-30,4.9814,0.5344444444444445,0.07379999999999999,Run
14023281397,Afternoon Walk,Surfing,Surfing,2025-03-29T16:08:32Z,4785.7,4942,7209,5.8,81.9,110.0,0.968,51.8,,,2025-03-29,4.785699999999999,1.3727777777777779,0.0058,Surfing
14013692738,Afternoon Walk,Sail,Sail,2025-03-28T16:21:56Z,19270.0,8513,10156,8.7,82.2,128.0,2.264,54.2,,,2025-03-28,19.27,2.3647222222222224,0.0087,Sail
14005624997,Evening Run,Run,Run,2025-03-27T19:19:43Z,10977.6,3031,3785,97.9,148.7,176.0,3.622,83.9,,,2025-03-27,10.9776,0.8419444444444445,0.0979,Run
13989211171,Morning Weight Training,WeightTraining,WeightTraining,2025-03-26T06:10:59Z,0.0,1284,1284,0.0,70.3,96.0,0.0,,,,2025-03-26,0.0,0.3566666666666667,0.0,WeightTraining
13985315343,Evening Run,Run,Run,2025-03-25T18:56:14Z,11006.3,3082,3223,395.3,137.4,176.0,3.571,82.3,,,2025-03-25,11.0063,0.8561111111111112,0.3953,Run
13979735461,Schwimmen am Morgen,Swim,Swim,2025-03-24T06:47:00Z,2375.0,2700,2700,0.0,,,0.88,,,,2025-03-24,2.375,0.75,0.0,Swim
13964052725,Oktan cafe,BackcountrySki,BackcountrySki,2025-03-23T07:43:16Z,12756.4,10489,13741,1335.2,101.2,121.0,1.216,60.0,,,2025-03-23,12.7564,2.913611111111111,1.3352,BackcountrySki
13954637689,Zürides season opening,Ride,Ride,2025-03-22T09:40:08Z,129004.0,16473,19111,2399.2,150.0,181.0,7.831,,200.7,3305.5,2025-03-22,129.004,4.575833333333334,2.3992,Ride
13944485611,Lunch Row,Rowing,Rowing,2025-03-21T12:17:37Z,0.0,3602,3602,0.0,122.0,166.0,0.0,25.4,,,2025-03-21,0.0,1.0005555555555556,0.0,Rowing
13942456867,Afternoon Run,Run,Run,2025-03-20T16:46:59Z,10249.5,3048,3117,267.8,127.1,151.0,3.363,82.7,,,2025-03-20,10.2495,0.8466666666666667,0.26780000000000004,Run
13942451995,Felsklettern am Abend,RockClimbing,RockClimbing,2025-03-19T20:02:46Z,0.0,7200,7200,0.0,,,0.0,,,,2025-03-19,0.0,2.0,0.0,RockClimbing
13918566114,Afternoon Run,Run,Run,2025-03-18T17:42:00Z,12594.5,3676,3902,388.5,134.3,162.0,3.426,83.2,,,2025-03-18,12.5945,1.021111111111111,0.3885,Run
13906446006,Morning Workout,BackcountrySki,BackcountrySki,2025-03-17T08:04:33Z,11094.7,4162,14066,235.8,89.1,117.0,2.666,52.7,,,2025-03-17,11.094700000000001,1.156111111111111,0.2358,BackcountrySki
13905752735,Morning Workout,BackcountrySki,BackcountrySki,2025-03-16T08:42:11Z,13006.7,11232,20518,1018.5,88.0,117.0,1.158,57.3,,,2025-03-16,13.0067,3.12,1.0185,BackcountrySki
13905744710,Morning Workout,BackcountrySki,BackcountrySki,2025-03-15T09:36:39Z,9526.4,8532,24314,1084.3,91.3,139.0,1.117,59.0,,,2025-03-15,9.526399999999999,2.37,1.0843,BackcountrySki
13880936784,Afternoon Run,Run,Run,2025-03-14T15:10:21Z,12862.4,3602,4117,111.6,144.4,166.0,3.571,85.0,,,2025-03-14,12.8624,1.0005555555555556,0.11159999999999999,Run
13872172045,Afternoon Weight Training,WeightTraining,WeightTraining,2025-03-13T17:25:44Z,0.0,1410,1410,0.0,99.1,124.0,0.0,,,,2025-03-13,0.0,0.39166666666666666,0.0,WeightTraining
13864984187,Evening Weight Training,WeightTraining,WeightTraining,2025-03-12T19:05:23Z,0.0,1866,1866,0.0,71.8,93.0,0.0,,,,2025-03-12,0.0,0.5183333333333333,0.0,WeightTraining
13864983863,Afternoon Run,Run,Run,2025-03-11T17:26:39Z,10396.7,3003,3014,48.6,135.3,158.0,3.462,84.2,,,2025-03-11,10.396700000000001,0.8341666666666666,0.048600000000000004,Run
13849391415,Schwimmen am Nachmittag,Swim,Swim,2025-03-10T16:49:00Z,2500.0,2760,2760,0.0,,,0.906,,,,2025-03-10,2.5,0.7666666666666667,0.0,Swim
13834344017,Lunch Ride,Ride,Ride,2025-03-09T12:31:38Z,79844.2,10484,11198,931.6,138.3,192.0,7.616,,144.5,1515.4,2025-03-09,79.8442,2.9122222222222223,0.9316,Ride
13825751046,Afternoon Run,Run,Run,2025-03-08T17:04:15Z,15784.9,4249,4302,369.8,148.4,178.0,3.715,84.7,,,2025-03-08,15.7849,1.1802777777777778,0.3698,Run
13815686978,Afternoon Run,Run,Run,2025-03-07T16:47:58Z,9971.4,3555,3684,255.8,128.6,148.0,2.805,80.3,,,2025-03-07,9.9714,0.9875,0.2558,Run
13802915845,Morning Row,Rowing,Rowing,2025-03-06T06:42:26Z,0.0,3687,3687,0.0,126.1,177.0,0.0,25.5,,,2025-03-06,0.0,1.0241666666666667,0.0,Rowing
13802915150,Afternoon Ride,Ride,Ride,2025-03-05T16:19:44Z,29946.4,4174,4280,461.2,135.5,179.0,7.175,,145.6,607.5,2025-03-05,29.9464,1.1594444444444445,0.4612,Ride
13789371325,Evening Run,Run,Run,2025-03-04T18:17:59Z,13787.3,3899,4362,134.9,145.9,159.0,3.536,83.2,,,2025-03-04,13.7873,1.0830555555555557,0.1349,Run
13779142289,Schwimmen am Morgen,Swim,Swim,2025-03-03T06:42:00Z,2525.0,2700,2700,0.0,,,0.935,,,,2025-03-03,2.525,0.75,0.0,Swim
13769903913,Morning Workout,AlpineSki,AlpineSki,2025-03-02T10:03:12Z,28107.7,10196,16567,2511.2,80.7,111.0,2.757,60.2,,,2025-03-02,28.1077,2.832222222222222,2.5111999999999997,AlpineSki
13769888476,Lunch Run,Run,Run,2025-03-01T12:32:32Z,12367.5,4665,7255,478.8,132.5,159.0,2.651,80.3,,,2025-03-01,12.3675,1.2958333333333334,0.4788,Run
13749413707,Lunch Ride,Ride,Ride,2025-02-28T11:29:31Z,0.0,3648,3648,0.0,132.2,179.0,0.0,,,,2025-02-28,0.0,1.0133333333333334,0.0,Ride
13742902372,Field « work »,AlpineSki,AlpineSki,2025-02-27T12:40:41Z,8093.7,2442,4149,962.9,71.8,102.0,3.314,48.5,,,2025-02-27,8.0937,0.6783333333333333,0.9629,AlpineSki
13734624273,Evening Weight Training,WeightTraining,WeightTraining,2025-02-26T18:46:34Z,0.0,1552,1552,0.0,65.9,93.0,0.0,,,,2025-02-26,0.0,0.4311111111111111,0.0,WeightTraining
13734349341,Evening Yoga,Yoga,Yoga,2025-02-26T18:14:23Z,0.0,1886,1886,0.0,57.5,87.0,0.0,,,,2025-02-26,0.0,0.5238888888888888,0.0,Yoga
13727049973,Lauf am Abend,Run,Run,2025-02-25T18:42:27Z,13000.0,3600,3600,0.0,,,3.611,,,,2025-02-25,13.0,1.0,0.0,Run
13711171972,Schwimmen am Morgen,Swim,Swim,2025-02-24T07:15:09Z,2500.0,2700,2700,0.0,,,0.926,,,,2025-02-24,2.5,0.75,0.0,Swim
13705037450,Breithorn avec les couteaux entre les skis,BackcountrySki,BackcountrySki,2025-02-23T07:58:06Z,12320.2,10884,21967,1429.0,98.4,128.0,1.132,64.3,,,2025-02-23,12.320200000000002,3.0233333333333334,1.429,BackcountrySki
13696457137,Juste pour bouger un peu,BackcountrySki,BackcountrySki,2025-02-22T10:49:27Z,8380.1,6785,17164,585.2,85.7,110.0,1.235,63.8,,,2025-02-22,8.3801,1.8847222222222222,0.5852,BackcountrySki
13688886050,Afternoon Run,Run,Run,2025-02-21T16:53:41Z,12781.4,3753,3762,311.2,141.4,153.0,3.406,83.3,,,2025-02-21,12.7814,1.0425,0.3112,Run
13688879244,Afternoon Row,Rowing,Rowing,2025-02-20T17:03:23Z,0.0,2940,2940,0.0,125.9,165.0,0.0,26.0,,,2025-02-20,0.0,0.8166666666666667,0.0,Rowing
13671068266,Afternoon Weight Training,WeightTraining,WeightTraining,2025-02-19T17:52:15Z,0.0,1080,1080,0.0,70.5,104.0,0.0,,,,2025-02-19,0.0,0.3,0.0,WeightTraining
13670880134,Afternoon Yoga,Yoga,Yoga,2025-02-19T17:19:46Z,0.0,1812,1812,0.0,56.1,95.0,0.0,,,,2025-02-19,0.0,0.5033333333333333,0.0,Yoga
13663392961,Evening Run,Run,Run,2025-02-18T18:25:04Z,12532.4,4330,4481,427.5,140.7,159.0,2.894,82.4,,,2025-02-18,12.532399999999999,1.2027777777777777,0.4275,Run
13649027754,Schwimmen am Morgen,Swim,Swim,2025-02-17T08:51:00Z,2525.0,2820,2820,0.0,,,0.895,,,,2025-02-17,2.525,0.7833333333333333,0.0,Swim
13642943181,Afternoon Weight Training,WeightTraining,WeightTraining,2025-02-16T14:18:43Z,0.0,1543,1543,0.0,88.3,127.0,0.0,,,,2025-02-16,0.0,0.4286111111111111,0.0,WeightTraining
13642555671,Afternoon Run,Run,Run,2025-02-16T13:12:07Z,11134.3,3201,3237,132.0,134.7,158.0,3.478,84.3,,,2025-02-16,11.1343,0.8891666666666667,0.132,Run
13635444299,Le sommet du bedon,BackcountrySki,BackcountrySki,2025-02-15T08:24:57Z,17532.0,13015,28804,1431.9,97.0,124.0,1.347,59.5,,,2025-02-15,17.532,3.6152777777777776,1.4319000000000002,BackcountrySki
13624006122,Lunch Run,Run,Run,2025-02-14T11:27:04Z,11743.8,3375,3385,230.4,144.7,163.0,3.48,84.4,,,2025-02-14,11.743799999999998,0.9375,0.2304,Run
13618484575,Evening Weight Training,WeightTraining,WeightTraining,2025-02-13T18:07:24Z,0.0,956,956,0.0,98.5,136.0,0.0,,,,2025-02-13,0.0,0.26555555555555554,0.0,WeightTraining
13618483928,Afternoon Row,Rowing,Rowing,2025-02-13T17:05:25Z,0.0,3693,3693,0.0,133.4,177.0,0.0,25.3,,,2025-02-13,0.0,1.0258333333333334,0.0,Rowing
13618482878,Evening Workout,Workout,Workout,2025-02-12T20:17:37Z,0.0,4849,4849,0.0,105.5,148.0,0.0,,,,2025-02-12,0.0,1.3469444444444445,0.0,Workout
13601679524,Evening Run,Run,Run,2025-02-11T19:25:04Z,2203.5,888,907,90.2,130.0,144.0,2.481,81.8,,,2025-02-11,2.2035,0.24666666666666667,0.0902,Run
13601676858,Evening Run,Run,Run,2025-02-11T19:00:50Z,5077.5,1009,1009,4.0,168.7,189.0,5.032,90.1,,,2025-02-11,5.0775,0.2802777777777778,0.004,Run
13601674145,Evening Run,Run,Run,2025-02-11T18:19:28Z,5753.7,1940,2198,20.9,149.1,168.0,2.966,82.2,,,2025-02-11,5.7537,0.5388888888888889,0.0209,Run
13590232040,Schwimmen am Nachmittag,Swim,Swim,2025-02-10T13:43:58Z,2525.0,2760,2760,0.0,,,0.915,,,,2025-02-10,2.525,0.7666666666666667,0.0,Swim
13583377038,Afternoon Weight Training,WeightTraining,WeightTraining,2025-02-09T15:52:34Z,0.0,1527,1527,0.0,85.7,136.0,0.0,,,,2025-02-09,0.0,0.4241666666666667,0.0,WeightTraining
13583209820,Pour la vue,Run,Run,2025-02-09T14:44:58Z,8630.1,2851,3464,143.4,158.3,177.0,3.027,82.6,,,2025-02-09,8.6301,0.7919444444444445,0.1434,Run
13573244387,Very Föhny or very funny?,BackcountrySki,BackcountrySki,2025-02-08T08:52:27Z,15129.0,11925,23275,1438.3,95.0,130.0,1.269,58.7,,,2025-02-08,15.129,3.3125,1.4383,BackcountrySki
13565658380,Afternoon Run,Run,Run,2025-02-07T17:16:53Z,10667.7,3166,3438,273.5,145.7,176.0,3.369,82.9,,,2025-02-07,10.6677,0.8794444444444445,0.2735,Run
13554952725,Lunch Row,Rowing,Rowing,2025-02-06T12:16:53Z,0.0,3605,3605,0.0,128.9,183.0,0.0,23.9,,,2025-02-06,0.0,1.0013888888888889,0.0,Rowing
13550151436,Afternoon Ride,Ride,Ride,2025-02-05T16:29:08Z,0.0,3610,3610,0.0,127.5,150.0,0.0,,,,2025-02-05,0.0,1.0027777777777778,0.0,Ride
13539617931,Evening Run,Run,Run,2025-02-04T18:39:01Z,11516.9,3221,3413,105.3,136.9,164.0,3.576,85.4,,,2025-02-04,11.5169,0.8947222222222222,0.10529999999999999,Run
13534400692,Schwimmen am Morgen,Swim,Swim,2025-02-03T08:13:00Z,2350.0,2760,2760,0.0,,,0.851,,,,2025-02-03,2.35,0.7666666666666667,0.0,Swim
13518743270,Pain brioché au menu,BackcountrySki,BackcountrySki,2025-02-02T08:13:49Z,11042.7,8567,18138,1167.8,88.5,132.0,1.289,64.6,,,2025-02-02,11.0427,2.379722222222222,1.1678,BackcountrySki
13510150742,Tic tac ⌚️,NordicSki,NordicSki,2025-02-01T09:42:52Z,55383.4,12960,16463,1026.1,115.7,157.0,4.273,49.9,,,2025-02-01,55.3834,3.6,1.0261,NordicSki
13501976127,Afternoon Run,Run,Run,2025-01-31T15:23:07Z,10283.8,3346,3363,50.6,144.8,162.0,3.073,83.5,,,2025-01-31,10.2838,0.9294444444444444,0.0506,Run
13501972931,Afternoon Row,Rowing,Rowing,2025-01-30T16:31:29Z,0.0,3683,3683,0.0,127.7,173.0,0.0,24.1,,,2025-01-30,0.0,1.0230555555555556,0.0,Rowing
13486149413,Evening Weight Training,WeightTraining,WeightTraining,2025-01-29T19:09:21Z,0.0,1832,1832,0.0,70.1,118.0,0.0,,,,2025-01-29,0.0,0.5088888888888888,0.0,WeightTraining
13476971091,Evening Run,Run,Run,2025-01-28T18:19:13Z,11389.9,3846,4607,57.2,139.4,168.0,2.961,86.0,,,2025-01-28,11.389899999999999,1.0683333333333334,0.0572,Run
13466492229,Schwimmen am Nachmittag,Swim,Swim,2025-01-27T16:21:10Z,2300.0,2640,2640,0.0,,,0.871,,,,2025-01-27,2.3,0.7333333333333333,0.0,Swim
13458970494,Afternoon Run,Run,Run,2025-01-26T16:11:20Z,8037.4,2401,2524,170.6,145.7,159.0,3.348,83.8,,,2025-01-26,8.0374,0.6669444444444445,0.1706,Run
13450102276,Bachtel en bermuda,Ride,Ride,2025-01-25T12:48:02Z,113643.0,15916,16590,2093.8,141.1,177.0,7.14,,162.9,2593.5,2025-01-25,113.643,4.421111111111111,2.0938000000000003,Ride
13441745882,Evening Weight Training,WeightTraining,WeightTraining,2025-01-24T18:48:13Z,0.0,2038,2038,0.0,72.6,101.0,0.0,,,,2025-01-24,0.0,0.5661111111111111,0.0,WeightTraining
13434768765,Afternoon Ride,Ride,Ride,2025-01-23T16:36:04Z,0.0,3603,3603,0.0,137.2,154.0,0.0,,,,2025-01-23,0.0,1.0008333333333332,0.0,Ride
13424367555,Syndrome du télé-travail,Run,Run,2025-01-22T16:48:24Z,15014.5,3729,3902,91.4,146.5,177.0,4.026,87.0,,,2025-01-22,15.0145,1.0358333333333334,0.09140000000000001,Run
13414875089,Soupe de nowel,Walk,Walk,2025-01-21T15:13:45Z,6047.2,5593,6461,445.7,62.9,89.0,1.081,52.1,,,2025-01-21,6.0472,1.553611111111111,0.4457,Walk
13411970899,Morning Row,Rowing,Rowing,2025-01-21T07:00:07Z,0.0,3609,3609,0.0,127.3,165.0,0.0,24.3,,,2025-01-21,0.0,1.0025,0.0,Rowing
13409647635,Evening Weight Training,WeightTraining,WeightTraining,2025-01-20T19:06:43Z,0.0,1211,1211,0.0,79.7,113.0,0.0,,,,2025-01-20,0.0,0.3363888888888889,0.0,WeightTraining
13404095423,Lunch Run,Run,Run,2025-01-20T11:18:16Z,10197.3,3376,3797,56.5,142.0,155.0,3.021,83.8,,,2025-01-20,10.197299999999998,0.9377777777777778,0.0565,Run
13398237307,Afternoon Ride,Ride,Ride,2025-01-19T14:32:08Z,0.0,7215,7215,0.0,143.5,185.0,0.0,,,,2025-01-19,0.0,2.004166666666667,0.0,Ride
13389268607,Spontanéité,BackcountrySki,BackcountrySki,2025-01-18T09:01:46Z,14340.5,10975,22112,1251.7,98.5,126.0,1.307,62.2,,,2025-01-18,14.3405,3.048611111111111,1.2517,BackcountrySki
13381250375,Gewichtstraining am Abend,WeightTraining,WeightTraining,2025-01-17T20:00:14Z,0.0,900,900,0.0,,,0.0,,,,2025-01-17,0.0,0.25,0.0,WeightTraining
13380908354,Evening Row,Rowing,Rowing,2025-01-17T18:25:14Z,0.0,3061,3061,0.0,147.3,172.0,0.0,22.6,,,2025-01-17,0.0,0.8502777777777778,0.0,Rowing
13371485509,Afternoon Run,Run,Run,2025-01-16T16:35:50Z,10108.4,2957,3034,251.2,144.2,192.0,3.418,83.6,,,2025-01-16,10.1084,0.8213888888888888,0.2512,Run
13362970979,Afternoon Ride,Ride,Ride,2025-01-15T17:04:41Z,0.0,3646,3646,0.0,137.2,154.0,0.0,,,,2025-01-15,0.0,1.0127777777777778,0.0,Ride
13354692720,Zurück in Zürich,Run,Run,2025-01-14T18:23:11Z,14621.4,3828,4229,175.3,148.5,173.0,3.82,88.0,,,2025-01-14,14.6214,1.0633333333333332,0.1753,Run
13348446978,Evening Weight Training,WeightTraining,WeightTraining,2025-01-13T18:32:46Z,0.0,1746,1746,0.0,107.7,138.0,0.0,,,,2025-01-13,0.0,0.485,0.0,WeightTraining
13344746455,Afternoon Row,Rowing,Rowing,2025-01-13T17:55:01Z,0.0,1874,1874,0.0,141.3,175.0,0.0,24.5,,,2025-01-13,0.0,0.5205555555555555,0.0,Rowing
13316055854,Schwimmen am Morgen,Swim,Swim,2025-01-10T12:48:37Z,4025.0,5400,5400,0.0,,,0.745,,,,2025-01-10,4.025,1.5,0.0,Swim
13307888118,Rattrapage,Run,Run,2025-01-09T07:03:22Z,11428.5,3601,3629,39.4,136.7,150.0,3.174,84.2,,,2025-01-09,11.4285,1.0002777777777778,0.0394,Run
13303233165,Afternoon Ride,Ride,Ride,2025-01-08T16:32:56Z,0.0,3639,3639,0.0,144.9,172.0,0.0,,,,2025-01-08,0.0,1.0108333333333333,0.0,Ride
13302812899,Afternoon Weight Training,WeightTraining,WeightTraining,2025-01-08T16:09:18Z,0.0,1278,1278,0.0,92.8,121.0,0.0,,,,2025-01-08,0.0,0.355,0.0,WeightTraining
13294802049,Afternoon Ride,Ride,Ride,2025-01-07T16:58:43Z,0.0,5122,5122,0.0,135.3,153.0,0.0,,,,2025-01-07,0.0,1.4227777777777777,0.0,Ride
13273202407,Morning Run,Run,Run,2025-01-05T08:36:47Z,6806.5,2153,3437,110.5,132.9,150.0,3.161,83.3,,,2025-01-05,6.8065,0.5980555555555556,0.1105,Run
13267744440,Épinette noire & blanc,NordicSki,NordicSki,2025-01-04T11:12:38Z,24371.6,6362,9111,471.2,126.8,157.0,3.831,53.0,,,2025-01-04,24.371599999999997,1.7672222222222222,0.4712,NordicSki
13257454387,Le fou du roi,NordicSki,NordicSki,2025-01-03T08:55:16Z,47325.3,10072,10535,740.9,137.3,179.0,4.699,50.4,,,2025-01-03,47.325300000000006,2.7977777777777777,0.7409,NordicSki
13250567802,Bienville sur neige,TrailRun,Run,2025-01-02T15:25:32Z,7029.5,2310,9163,57.6,122.4,159.0,3.043,83.9,,,2025-01-02,7.0295,0.6416666666666667,0.0576,TrailRun
13242551006,Gewichtstraining am Abend,WeightTraining,WeightTraining,2025-01-02T00:24:36Z,0.0,3600,3600,0.0,,,0.0,,,,2025-01-02,0.0,1.0,0.0,WeightTraining
13234634863,Afternoon Run,Run,Run,2024-12-31T16:24:30Z,6121.5,1913,1937,19.8,139.6,155.0,3.2,86.2,,,2024-12-31,6.1215,0.5313888888888889,0.0198,Run
13218701488,Afternoon Ride,Ride,Ride,2024-12-29T13:18:32Z,0.0,3605,3605,0.0,136.4,157.0,0.0,,,,2024-12-29,0.0,1.0013888888888889,0.0,Ride
13210923166,Afternoon Weight Training,WeightTraining,WeightTraining,2024-12-28T14:34:07Z,0.0,1273,1273,0.0,88.0,112.0,0.0,,,,2024-12-28,0.0,0.3536111111111111,0.0,WeightTraining
13210666099,Lunch Run,Run,Run,2024-12-28T12:58:34Z,11137.7,3299,3690,106.6,141.9,169.0,3.376,83.6,,,2024-12-28,11.1377,0.9163888888888889,0.1066,Run
13204073080,Retour,Ride,Ride,2024-12-27T14:59:25Z,8003.2,1144,1144,15.8,131.9,156.0,6.996,,60.2,68.9,2024-12-27,8.0032,0.31777777777777777,0.0158,Ride
13204072525,Montée de la face de singe,Walk,Walk,2024-12-27T14:11:36Z,1125.8,1620,2659,182.8,107.0,128.0,0.695,73.5,,,2024-12-27,1.1258,0.45,0.18280000000000002,Walk
13204071394,Tirant un brin,Ride,Ride,2024-12-27T13:35:54Z,8119.6,1711,1771,126.9,100.1,121.0,4.746,,95.7,163.7,2024-12-27,8.1196,0.4752777777777778,0.1269,Ride
13197140400,Afternoon Ride,Ride,Ride,2024-12-26T17:25:30Z,0.0,3607,3607,0.0,153.5,182.0,0.0,,,,2024-12-26,0.0,1.0019444444444445,0.0,Ride
13189777453,Afternoon Run,Run,Run,2024-12-25T16:18:04Z,5605.4,2038,2250,0.0,133.7,148.0,2.75,83.3,,,2024-12-25,5.6053999999999995,0.5661111111111111,0.0,Run
13183834479,Jeu de lumière,TrailRun,Run,2024-12-24T13:59:05Z,10353.4,3736,4337,158.4,138.2,154.0,2.771,81.7,,,2024-12-24,10.353399999999999,1.0377777777777777,0.1584,TrailRun
13183501290,Afternoon Weight Training,WeightTraining,WeightTraining,2024-12-24T13:12:11Z,0.0,1945,1945,0.0,81.5,116.0,0.0,,,,2024-12-24,0.0,0.5402777777777777,0.0,WeightTraining
13177365806,Le calvaire glacial,Ride,Ride,2024-12-23T13:32:02Z,27017.3,4986,5555,599.0,124.5,156.0,5.419,,116.3,579.7,2024-12-23,27.0173,1.385,0.599,Ride
13170639508,Afternoon Weight Training,WeightTraining,WeightTraining,2024-12-22T15:06:57Z,0.0,643,643,0.0,122.3,137.0,0.0,,,,2024-12-22,0.0,0.1786111111111111,0.0,WeightTraining
13170584958,Afternoon Run,Run,Run,2024-12-22T14:13:53Z,10720.0,3017,3017,0.0,154.4,183.0,3.553,84.7,,,2024-12-22,10.72,0.8380555555555556,0.0,Run
13170347971,Afternoon Weight Training,WeightTraining,WeightTraining,2024-12-22T14:00:11Z,0.0,800,800,0.0,74.4,106.0,0.0,,,,2024-12-22,0.0,0.2222222222222222,0.0,WeightTraining
13157921659,Afternoon Run,Run,Run,2024-12-20T17:41:28Z,8057.5,2565,2622,122.5,144.3,158.0,3.141,84.5,,,2024-12-20,8.0575,0.7125,0.1225,Run
13149930860,Lunch Weight Training,WeightTraining,WeightTraining,2024-12-19T12:15:21Z,0.0,1032,1032,0.0,91.3,121.0,0.0,,,,2024-12-19,0.0,0.2866666666666667,0.0,WeightTraining
13149814227,Lunch Ride,Ride,Ride,2024-12-19T11:27:59Z,0.0,2738,2738,0.0,141.2,172.0,0.0,,,,2024-12-19,0.0,0.7605555555555555,0.0,Ride
13144549244,Lunch Run,Run,Run,2024-12-18T11:55:58Z,11264.8,2932,3391,10.5,151.4,173.0,3.842,87.4,,,2024-12-18,11.2648,0.8144444444444444,0.0105,Run
13137740360,Afternoon Weight Training,WeightTraining,WeightTraining,2024-12-17T15:59:15Z,0.0,1156,1156,0.0,97.6,117.0,0.0,,,,2024-12-17,0.0,0.3211111111111111,0.0,WeightTraining
13137624459,Afternoon Ride,Ride,Ride,2024-12-17T15:23:32Z,0.0,2107,2107,0.0,138.4,174.0,0.0,,,,2024-12-17,0.0,0.5852777777777778,0.0,Ride
13130755724,Afternoon Run,Run,Run,2024-12-16T17:09:43Z,4772.0,1408,1574,3.1,145.6,162.0,3.389,86.7,,,2024-12-16,4.772,0.39111111111111113,0.0031,Run
13120741024,"Soleil à ZH, long time no see",Ride,Ride,2024-12-15T12:24:54Z,22601.9,4438,4683,445.9,101.6,140.0,5.093,,98.4,436.6,2024-12-15,22.6019,1.2327777777777778,0.44589999999999996,Ride
13116327175,L’année prochaine je mets des collants,BackcountrySki,BackcountrySki,2024-12-14T17:59:59Z,4328.8,2601,2601,686.2,174.4,184.0,1.664,50.5,,,2024-12-14,4.3288,0.7225,0.6862,BackcountrySki
13108807925,Evening Weight Training,WeightTraining,WeightTraining,2024-12-13T19:36:40Z,0.0,935,935,0.0,63.0,79.0,0.0,,,,2024-12-13,0.0,0.25972222222222224,0.0,WeightTraining
13103949785,Afternoon Row,Rowing,Rowing,2024-12-12T17:10:59Z,0.0,3527,3527,0.0,134.4,180.0,0.0,26.2,,,2024-12-12,0.0,0.9797222222222223,0.0,Rowing
13087739115,Jouer au colibri,Run,Run,2024-12-10T18:23:00Z,12855.5,3583,4552,123.2,152.6,188.0,3.588,84.1,,,2024-12-10,12.8555,0.9952777777777778,0.1232,Run
13080058851,Schwimmen am Nachmittag,Swim,Swim,2024-12-09T17:48:19Z,2500.0,2700,2700,0.0,,,0.926,,,,2024-12-09,2.5,0.75,0.0,Swim
13073395575,Foolish child,Ride,Ride,2024-12-08T15:25:45Z,16130.9,3733,3879,439.0,115.4,158.0,4.321,,104.7,390.7,2024-12-08,16.1309,1.0369444444444444,0.439,Ride
13064528959,Bon bain bonne douche,TrailRun,Run,2024-12-07T10:49:39Z,13779.5,5402,5956,565.2,125.9,171.0,2.551,78.6,,,2024-12-07,13.7795,1.5005555555555556,0.5652,TrailRun
13059440682,Run and swim,Run,Run,2024-12-06T15:12:43Z,8230.2,2685,3226,57.7,140.4,155.0,3.065,83.2,,,2024-12-06,8.2302,0.7458333333333333,0.0577,Run
13050227522,Morning Ride,Ride,Ride,2024-12-05T06:47:37Z,0.0,3747,3747,0.0,143.4,175.0,0.0,,,,2024-12-05,0.0,1.0408333333333333,0.0,Ride
13039710267,Evening Run,Run,Run,2024-12-03T18:25:40Z,13698.5,3626,4335,325.4,157.1,189.0,3.778,84.3,,,2024-12-03,13.6985,1.0072222222222222,0.32539999999999997,Run
13028574897,Schwimmen am Morgen,Swim,Swim,2024-12-02T06:50:00Z,2600.0,2760,2760,0.0,,,0.942,,,,2024-12-02,2.6,0.7666666666666667,0.0,Swim
13022937200,Lunch Run,Run,Run,2024-12-01T12:43:27Z,9015.9,2728,2811,216.0,137.1,160.0,3.305,84.0,,,2024-12-01,9.0159,0.7577777777777778,0.216,Run
13015566699,First first tour,BackcountrySki,BackcountrySki,2024-11-30T08:47:46Z,10954.6,8677,15371,1046.8,91.3,117.0,1.262,57.4,,,2024-11-30,10.954600000000001,2.410277777777778,1.0468,BackcountrySki
13001057871,Lunch Row,Rowing,Rowing,2024-11-28T11:42:02Z,0.0,2736,2736,0.0,132.2,167.0,0.0,27.9,,,2024-11-28,0.0,0.76,0.0,Rowing
12996356921,Evening Weight Training,WeightTraining,WeightTraining,2024-11-27T18:12:32Z,0.0,2128,2128,0.0,65.3,106.0,0.0,,,,2024-11-27,0.0,0.5911111111111111,0.0,WeightTraining
12989536122,Evening Run,Run,Run,2024-11-26T18:19:00Z,15411.1,4437,4819,276.1,155.6,187.0,3.473,82.3,,,2024-11-26,15.411100000000001,1.2325,0.2761,Run
12977722457,Schwimmen am Morgen,Swim,Swim,2024-11-25T06:21:00Z,2500.0,2700,2700,0.0,,,0.926,,,,2024-11-25,2.5,0.75,0.0,Swim
12972438157,Süessli Loipe,NordicSki,NordicSki,2024-11-24T10:55:39Z,34076.0,8127,9516,335.4,136.9,165.0,4.193,50.6,,,2024-11-24,34.076,2.2575,0.3354,NordicSki
12964427906,Lunch Run,Run,Run,2024-11-23T11:48:46Z,10139.4,3137,3228,234.8,141.7,156.0,3.232,83.0,,,2024-11-23,10.1394,0.8713888888888889,0.2348,Run
12959743299,Afternoon Row,Rowing,Rowing,2024-11-22T17:13:55Z,0.0,3351,3351,0.0,132.2,181.0,0.0,29.9,,,2024-11-22,0.0,0.9308333333333333,0.0,Rowing
12951993591,Afternoon Run,Run,Run,2024-11-21T15:48:20Z,7331.1,2077,2101,152.1,142.6,155.0,3.53,85.1,,,2024-11-21,7.3311,0.5769444444444445,0.15209999999999999,Run
12937661831,Afternoon Run,Run,Run,2024-11-19T16:40:26Z,15674.1,4105,4877,49.1,150.3,186.0,3.818,85.3,,,2024-11-19,15.674100000000001,1.1402777777777777,0.049100000000000005,Run
12926938902,Schwimmen am Morgen,Swim,Swim,2024-11-18T07:22:40Z,2600.0,2760,2760,0.0,,,0.942,,,,2024-11-18,2.6,0.7666666666666667,0.0,Swim
12914086424,Mauvais côté givré,TrailRun,Run,2024-11-16T12:00:47Z,20071.2,10801,12018,1512.1,116.3,162.0,1.858,76.0,,,2024-11-16,20.0712,3.000277777777778,1.5121,TrailRun
12903954592,Morning Weight Training,WeightTraining,WeightTraining,2024-11-15T07:22:40Z,0.0,613,613,0.0,84.5,100.0,0.0,,,,2024-11-15,0.0,0.17027777777777778,0.0,WeightTraining
12903921449,Morning Run,Run,Run,2024-11-15T06:37:53Z,8224.4,2454,2457,145.7,137.4,150.0,3.351,83.7,,,2024-11-15,8.2244,0.6816666666666666,0.1457,Run
12900320969,Afternoon Row,Rowing,Rowing,2024-11-14T17:13:11Z,0.0,3205,3205,0.0,134.9,176.0,0.0,28.0,,,2024-11-14,0.0,0.8902777777777777,0.0,Rowing
12894363088,Schwimmen am Morgen,Swim,Swim,2024-11-13T06:37:00Z,2600.0,2700,2700,0.0,,,0.963,,,,2024-11-13,2.6,0.75,0.0,Swim
12885430273,Evening Run,Run,Run,2024-11-12T18:18:09Z,12261.5,3858,4185,223.0,141.8,159.0,3.178,82.4,,,2024-11-12,12.2615,1.0716666666666668,0.223,Run
12877523595,Evening Weight Training,WeightTraining,WeightTraining,2024-11-11T18:45:46Z,0.0,2076,2076,0.0,69.6,114.0,0.0,,,,2024-11-11,0.0,0.5766666666666667,0.0,WeightTraining
12869115915,La muntogna orandscha,TrailRun,Run,2024-11-10T09:06:40Z,19685.4,9504,9741,1460.7,149.5,167.0,2.071,71.5,,,2024-11-10,19.6854,2.64,1.4607,TrailRun
12861290627,Allegra Scuol,TrailRun,Run,2024-11-09T12:34:40Z,20020.0,7777,8378,1033.2,144.6,176.0,2.574,78.4,,,2024-11-09,20.02,2.160277777777778,1.0332000000000001,TrailRun
12849741451,Schwimmen am Morgen,Swim,Swim,2024-11-08T06:34:00Z,2700.0,2700,2700,0.0,,,1.0,,,,2024-11-08,2.7,0.75,0.0,Swim
12845930832,Afternoon Row,Rowing,Rowing,2024-11-07T17:13:00Z,0.0,3619,3619,0.0,131.8,177.0,0.0,25.3,,,2024-11-07,0.0,1.0052777777777777,0.0,Rowing
12837759846,Afternoon Run,Run,Run,2024-11-06T16:40:36Z,6038.5,1831,1944,124.4,128.8,151.0,3.298,83.5,,,2024-11-06,6.0385,0.5086111111111111,0.12440000000000001,Run
12830049819,EEG trio ride,Ride,Ride,2024-11-05T11:46:49Z,53696.0,13540,22361,1054.6,123.5,156.0,3.966,,78.3,1059.5,2024-11-05,53.696,3.761111111111111,1.0546,Ride
12825905424,Schwimmen am Morgen,Swim,Swim,2024-11-04T06:00:00Z,2600.0,2719,2719,0.0,,,0.956,,,,2024-11-04,2.6,0.7552777777777778,0.0,Swim
12813889415,Season finale,Ride,Ride,2024-11-03T08:44:04Z,113960.0,17915,24758,2757.7,135.5,183.0,6.361,,151.6,2716.1,2024-11-03,113.96,4.976388888888889,2.7577,Ride
12804704572,Lunch Run,Run,Run,2024-11-02T12:39:01Z,12691.5,3399,3552,23.1,147.9,179.0,3.734,84.9,,,2024-11-02,12.6915,0.9441666666666667,0.023100000000000002,Run
12798873005,Evening Weight Training,WeightTraining,WeightTraining,2024-11-01T18:30:27Z,0.0,2357,2357,0.0,70.4,112.0,0.0,,,,2024-11-01,0.0,0.6547222222222222,0.0,WeightTraining
12789066242,Lunch Run,Run,Run,2024-10-31T12:54:13Z,10832.0,3182,3194,76.3,133.4,151.0,3.404,84.5,,,2024-10-31,10.832,0.8838888888888888,0.07629999999999999,Run
12783768802,Evening Row,Rowing,Rowing,2024-10-30T18:15:34Z,0.0,3824,3824,0.0,124.1,165.0,0.0,23.9,,,2024-10-30,0.0,1.0622222222222222,0.0,Rowing
12774494361,Afternoon Run,Run,Run,2024-10-29T16:50:09Z,8148.4,2655,2901,377.3,141.3,171.0,3.069,81.4,,,2024-10-29,8.148399999999999,0.7375,0.3773,Run
12775877958,Schwimmen am Nachmittag,Swim,Swim,2024-10-28T17:25:52Z,2000.0,2700,2700,0.0,,,0.741,,,,2024-10-28,2.0,0.75,0.0,Swim
12756427133,Lunch Run,Run,Run,2024-10-27T11:51:00Z,8587.6,2622,2714,140.7,129.5,142.0,3.275,83.6,,,2024-10-27,8.5876,0.7283333333333334,0.1407,Run
12727866410,Morning Walk,Walk,Walk,2024-10-23T09:02:03Z,4066.5,4744,38312,287.2,81.4,123.0,0.857,54.4,,,2024-10-23,4.0665,1.3177777777777777,0.2872,Walk
12703006796,Le toux et la jambe de bois,TrailRun,Run,2024-10-20T10:18:35Z,23603.4,13742,18244,1388.0,120.8,166.0,1.718,72.9,,,2024-10-20,23.6034,3.817222222222222,1.388,TrailRun
12691382199,Morning Ride,Ride,Ride,2024-10-19T10:02:25Z,75763.5,9382,9870,416.7,125.3,145.0,8.075,,134.2,1258.9,2024-10-19,75.7635,2.6061111111111113,0.4167,Ride
12682506107,Schwimmen am Morgen,Swim,Swim,2024-10-18T06:52:58Z,2475.0,2736,2736,0.0,,,0.905,,,,2024-10-18,2.475,0.76,0.0,Swim
12678389823,Afternoon Run,Run,Run,2024-10-17T16:43:57Z,9353.6,3096,3123,298.7,134.3,153.0,3.021,83.2,,,2024-10-17,9.3536,0.86,0.29869999999999997,Run
12667930019,Lunch Row,Rowing,Rowing,2024-10-16T11:14:14Z,0.0,3203,3203,0.0,127.6,160.0,0.0,25.3,,,2024-10-16,0.0,0.8897222222222222,0.0,Rowing
12659891817,Lunch Run,Run,Run,2024-10-15T11:55:31Z,10597.4,3074,3086,78.7,134.2,145.0,3.447,85.8,,,2024-10-15,10.5974,0.8538888888888889,0.0787,Run
12651176395,Schwimmen am Morgen,Swim,Swim,2024-10-14T05:56:00Z,2500.0,2700,2700,0.0,,,0.926,,,,2024-10-14,2.5,0.75,0.0,Swim
12638573563,Alpenbrevet du lapin energizer,Ride,Ride,2024-10-12T08:10:10Z,212917.0,33074,35868,5061.1,138.4,187.0,6.438,,149.5,4943.5,2024-10-12,212.917,9.187222222222223,5.061100000000001,Ride
12630902381,Evening Row,Rowing,Rowing,2024-10-11T18:25:13Z,0.0,3206,3206,0.0,127.6,183.0,0.0,22.7,,,2024-10-11,0.0,0.8905555555555555,0.0,Rowing
12622997115,Evening Run,Run,Run,2024-10-10T18:11:28Z,10022.5,2905,2963,66.8,133.7,148.0,3.45,85.3,,,2024-10-10,10.0225,0.8069444444444445,0.0668,Run
12612872446,Lunch Row,Rowing,Rowing,2024-10-09T12:16:59Z,0.0,3747,3747,0.0,123.4,177.0,0.0,24.0,,,2024-10-09,0.0,1.0408333333333333,0.0,Rowing
12607524604,Partie en fou,Run,Run,2024-10-08T18:25:08Z,11709.4,4106,4340,445.4,156.8,187.0,2.852,82.7,,,2024-10-08,11.7094,1.1405555555555555,0.44539999999999996,Run
12599862241,Gewichtstraining am Abend,WeightTraining,WeightTraining,2024-10-07T20:13:10Z,0.0,1800,1800,0.0,,,0.0,,,,2024-10-07,0.0,0.5,0.0,WeightTraining
12599860003,Schwimmen am Abend,Swim,Swim,2024-10-07T06:00:43Z,2575.0,2700,2700,0.0,,,0.954,,,,2024-10-07,2.575,0.75,0.0,Swim
12603450013,Morning Walk,Walk,Walk,2024-10-06T08:33:03Z,17934.5,16259,20838,591.1,89.2,132.0,1.103,63.2,,,2024-10-06,17.9345,4.516388888888889,0.5911000000000001,Walk
12603442072,Lunch Walk,Walk,Walk,2024-10-05T11:06:57Z,10105.0,11725,17663,1473.0,91.6,167.0,0.862,56.1,,,2024-10-05,10.105,3.2569444444444446,1.473,Walk
12571468521,Lunch Run,Run,Run,2024-10-04T12:15:31Z,10460.2,3023,3029,76.8,145.5,166.0,3.46,84.7,,,2024-10-04,10.4602,0.8397222222222223,0.0768,Run
12555002281,Lunch Row,Rowing,Rowing,2024-10-02T11:13:06Z,0.0,3346,3346,0.0,135.8,166.0,0.0,26.5,,,2024-10-02,0.0,0.9294444444444444,0.0,Rowing
12550735493,Berg sous les mers,Run,Run,2024-10-01T18:26:30Z,14492.8,4617,4693,510.9,150.9,185.0,3.139,81.8,,,2024-10-01,14.492799999999999,1.2825,0.5109,Run
12537470600,Schwimmen am Morgen,Swim,Swim,2024-09-30T06:54:00Z,2800.0,2700,2700,0.0,,,1.037,,,,2024-09-30,2.8,0.75,0.0,Swim
12530285369,Morning Ride,Ride,Ride,2024-09-29T10:02:47Z,49070.6,6316,6587,430.6,125.9,178.0,7.769,,134.8,851.4,2024-09-29,49.0706,1.7544444444444445,0.43060000000000004,Ride
12521564855,Morning Run,Run,Run,2024-09-28T10:25:52Z,6779.3,2394,2897,50.8,119.1,150.0,2.832,83.2,,,2024-09-28,6.7793,0.665,0.0508,Run
12516866738,Afternoon Run,Run,Run,2024-09-27T17:13:57Z,11010.2,3205,3208,259.7,139.0,156.0,3.435,82.9,,,2024-09-27,11.010200000000001,0.8902777777777777,0.2597,Run
12510310632,Evening Row,Rowing,Rowing,2024-09-26T18:18:49Z,0.0,3630,3630,0.0,127.9,176.0,0.0,26.5,,,2024-09-26,0.0,1.0083333333333333,0.0,Rowing
12502066443,Afternoon Ride,Ride,Ride,2024-09-25T17:36:20Z,28447.3,4085,4177,438.2,112.5,139.0,6.964,,135.9,555.1,2024-09-25,28.4473,1.1347222222222222,0.4382,Ride
12493155359,Afternoon Run,Run,Run,2024-09-24T17:13:23Z,10491.8,2852,3338,258.3,147.5,183.0,3.679,84.3,,,2024-09-24,10.4918,0.7922222222222223,0.25830000000000003,Run
12485978198,Evening Weight Training,WeightTraining,WeightTraining,2024-09-23T20:13:54Z,0.0,1260,1260,0.0,76.1,99.0,0.0,,,,2024-09-23,0.0,0.35,0.0,WeightTraining
12481094910,Schwimmen am Morgen,Swim,Swim,2024-09-23T07:11:12Z,2775.0,2700,2700,0.0,,,1.028,,,,2024-09-23,2.775,0.75,0.0,Swim
12475047532,La gang d’overreacher,TrailRun,Run,2024-09-22T07:55:42Z,16811.1,15644,18039,1341.9,102.9,145.0,1.075,70.0,,,2024-09-22,16.8111,4.345555555555555,1.3419,TrailRun
12468670491,Pfanni after all,Ride,Ride,2024-09-21T16:20:02Z,50699.5,7044,7263,717.3,119.3,147.0,7.198,,140.1,986.8,2024-09-21,50.6995,1.9566666666666668,0.7172999999999999,Ride
12456237404,T-Bow,WeightTraining,WeightTraining,2024-09-19T17:40:59Z,0.0,3600,3600,0.0,,,0.0,,,,2024-09-19,0.0,1.0,0.0,WeightTraining
12444616570,Full moon 🌝,Run,Run,2024-09-18T18:14:33Z,11706.7,4518,8842,303.0,122.1,150.0,2.591,81.4,,,2024-09-18,11.706700000000001,1.255,0.303,Run
12434005647,Afternoon Row,Rowing,Rowing,2024-09-17T16:53:56Z,0.0,3137,3137,0.0,115.8,172.0,0.0,23.6,,,2024-09-17,0.0,0.8713888888888889,0.0,Rowing
12434002745,Schwimmen am Abend,Swim,Swim,2024-09-16T18:22:00Z,2425.0,2640,2640,0.0,,,0.919,,,,2024-09-16,2.425,0.7333333333333333,0.0,Swim
12406767984,Improvisation Wildstrubel,TrailRun,Run,2024-09-14T10:15:05Z,34788.1,12457,12532,1549.2,165.0,180.0,2.793,78.2,,,2024-09-14,34.7881,3.460277777777778,1.5492000000000001,TrailRun
12399801221,Afternoon Run,Run,Run,2024-09-13T15:24:36Z,6086.2,1804,1818,127.8,137.3,154.0,3.374,84.6,,,2024-09-13,6.0862,0.5011111111111111,0.1278,Run
12382031214,Lunch Trail Run,TrailRun,Run,2024-09-11T11:29:02Z,8064.7,2480,2523,208.3,130.9,172.0,3.252,82.8,,,2024-09-11,8.0647,0.6888888888888889,0.2083,TrailRun
12371557672,Morning Run,Run,Run,2024-09-10T06:10:14Z,9199.1,2961,2971,178.4,124.8,148.0,3.107,82.0,,,2024-09-10,9.1991,0.8225,0.1784,Run
12367764148,Evening Weight Training,WeightTraining,WeightTraining,2024-09-09T18:34:08Z,0.0,1977,1977,0.0,72.1,118.0,0.0,,,,2024-09-09,0.0,0.5491666666666667,0.0,WeightTraining
12356992120,Tasty Susten,RockClimbing,RockClimbing,2024-09-07T07:47:59Z,5794.8,7336,41702,1068.1,85.4,129.0,0.79,54.4,,,2024-09-07,5.7948,2.037777777777778,1.0680999999999998,RockClimbing
12342513853,Afternoon Trail Run,TrailRun,Run,2024-09-06T17:53:32Z,13217.4,3911,3923,426.0,144.3,178.0,3.38,82.4,,,2024-09-06,13.2174,1.0863888888888888,0.426,TrailRun
12333340127,Afternoon Trail Run,TrailRun,Run,2024-09-05T16:26:56Z,6365.8,1956,2002,147.7,130.4,150.0,3.254,81.3,,,2024-09-05,6.3658,0.5433333333333333,0.1477,TrailRun
12326372918,Evening Ride,Ride,Ride,2024-09-04T18:45:56Z,16774.9,3975,4201,480.8,121.2,177.0,4.22,,105.3,418.5,2024-09-04,16.774900000000002,1.1041666666666667,0.4808,Ride
12316700246,Evening Run,Run,Run,2024-09-03T18:27:16Z,8361.3,2499,2558,108.3,129.1,142.0,3.346,83.4,,,2024-09-03,8.3613,0.6941666666666667,0.1083,Run
12309121674,Evening Ride,Ride,Ride,2024-09-02T20:00:00Z,0.0,1800,1800,0.0,,,0.0,,,,2024-09-02,0.0,0.5,0.0,Ride
12308520380,Evening Weight Training,WeightTraining,WeightTraining,2024-09-02T19:30:28Z,0.0,2012,2012,0.0,71.9,102.0,0.0,,,,2024-09-02,0.0,0.5588888888888889,0.0,WeightTraining
12288267383,La guêpe fait son chemin,TrailRun,Run,2024-08-31T07:42:53Z,35309.8,16850,17821,2594.3,151.0,181.0,2.096,76.4,,,2024-08-31,35.3098,4.680555555555555,2.5943,TrailRun
12278337635,Morning Run,Run,Run,2024-08-30T06:20:51Z,10050.2,3086,3110,145.3,126.2,140.0,3.257,85.1,,,2024-08-30,10.0502,0.8572222222222222,0.1453,Run
12274651125,Evening Weight Training,WeightTraining,WeightTraining,2024-08-29T18:47:18Z,0.0,2001,2001,0.0,67.6,104.0,0.0,,,,2024-08-29,0.0,0.5558333333333333,0.0,WeightTraining
12266173140,Evening Run,Run,Run,2024-08-28T18:36:53Z,11846.5,3581,3610,335.6,140.0,171.0,3.308,83.6,,,2024-08-28,11.8465,0.9947222222222222,0.3356,Run
12256993987,Evening Run,Run,Run,2024-08-27T18:23:26Z,8722.6,2725,2800,206.2,128.5,151.0,3.201,82.3,,,2024-08-27,8.7226,0.7569444444444444,0.2062,Run
12247331109,Afternoon Swim,Swim,Swim,2024-08-26T16:38:57Z,600.0,670,1022,0.0,110.2,121.0,0.896,,,,2024-08-26,0.6,0.18611111111111112,0.0,Swim
12237983669,Evening Run,Run,Run,2024-08-23T19:15:58Z,1419.9,546,1367,2.7,112.4,125.0,2.601,81.5,,,2024-08-23,1.4199000000000002,0.15166666666666667,0.0027,Run
12240191885,À travers la Suisse,MountainBikeRide,Ride,2024-08-19T09:27:52Z,702042.0,197289,528447,23030.4,121.1,163.0,3.558,,94.4,18633.2,2024-08-19,702.042,54.8025,23.0304,MountainBikeRide
12168317457,Bonne ouverture,Run,Run,2024-08-17T07:36:55Z,24011.4,10286,11513,1739.6,130.0,155.0,2.334,74.8,,,2024-08-17,24.011400000000002,2.857222222222222,1.7395999999999998,Run
12165252508,Morning Run,Run,Run,2024-08-16T06:39:10Z,8379.1,2630,2630,141.9,127.8,144.0,3.186,82.8,,,2024-08-16,8.379100000000001,0.7305555555555555,0.1419,Run
12155844684,Evening Weight Training,WeightTraining,WeightTraining,2024-08-15T18:43:04Z,0.0,1984,1984,0.0,73.8,104.0,0.0,,,,2024-08-15,0.0,0.5511111111111111,0.0,WeightTraining
12147896954,Evening Run,Run,Run,2024-08-14T18:35:14Z,18333.8,5652,5698,643.9,146.4,179.0,3.244,82.4,,,2024-08-14,18.3338,1.57,0.6439,Run
12139242948,Evening Run,Run,Run,2024-08-13T19:27:23Z,12892.8,3949,3957,168.8,131.2,143.0,3.265,82.3,,,2024-08-13,12.8928,1.0969444444444445,0.1688,Run
12112581961,Sierre-Zinal 🙌⛰️,Run,Run,2024-08-10T11:10:08Z,31639.6,11943,12061,2170.4,166.1,180.0,2.649,73.8,,,2024-08-10,31.639599999999998,3.3175,2.1704,Run
12107868919,Morning Run,Run,Run,2024-08-10T07:42:19Z,1131.6,330,330,0.0,112.6,126.0,3.429,82.2,,,2024-08-10,1.1316,0.09166666666666666,0.0,Run
12101906464,Lunch Run,Run,Run,2024-08-09T12:02:47Z,5636.7,1698,1724,101.0,142.9,171.0,3.32,84.0,,,2024-08-09,5.636699999999999,0.4716666666666667,0.101,Run
12095785051,Afternoon Run,Run,Run,2024-08-08T16:14:01Z,6081.1,1835,3296,53.9,136.1,171.0,3.314,84.4,,,2024-08-08,6.0811,0.5097222222222222,0.053899999999999997,Run
12088592108,Evening Swim,Swim,Swim,2024-08-07T19:19:00Z,2300.0,1821,2001,0.0,148.4,171.0,1.263,,,,2024-08-07,2.3,0.5058333333333334,0.0,Swim
12078803192,Afternoon Run,Run,Run,2024-08-06T17:44:19Z,10095.2,2928,3145,46.9,151.8,183.0,3.448,82.9,,,2024-08-06,10.0952,0.8133333333333334,0.0469,Run
12077736077,Gewichtstraining am Nachmittag,WeightTraining,WeightTraining,2024-08-05T10:33:00Z,0.0,1800,1800,0.0,,,0.0,,,,2024-08-05,0.0,0.5,0.0,WeightTraining
12062097393,Almagallerhorn,Hike,Hike,2024-08-04T09:35:05Z,6368.2,6196,18540,1011.4,90.2,122.0,1.028,62.3,,,2024-08-04,6.3682,1.721111111111111,1.0114,Hike
12049723506,Lagginhorn 🪶💨,Run,Run,2024-08-03T05:44:29Z,20027.2,15816,19479,2348.6,148.1,165.0,1.266,54.9,,,2024-08-03,20.0272,4.3933333333333335,2.3486,Run
12036574279,Afternoon Run,Run,Run,2024-08-01T14:22:47Z,9721.6,3058,3981,32.0,122.1,140.0,3.179,84.2,,,2024-08-01,9.7216,0.8494444444444444,0.032,Run
12025923034,Morning Run,Run,Run,2024-07-31T10:50:30Z,14014.3,5230,5362,704.8,150.9,182.0,2.68,82.3,,,2024-07-31,14.014299999999999,1.4527777777777777,0.7048,Run
12018008574,Clariden ben smooth,Hike,Hike,2024-07-30T07:14:41Z,12388.2,14545,23975,1351.5,87.0,128.0,0.852,62.2,,,2024-07-30,12.388200000000001,4.040277777777778,1.3515,Hike
12007705446,Morning Run,Run,Run,2024-07-29T07:49:37Z,6309.3,1985,2045,18.1,112.7,130.0,3.178,85.2,,,2024-07-29,6.3093,0.5513888888888889,0.0181,Run
11999152230,Morning Walk,Walk,Walk,2024-07-28T07:16:48Z,6496.1,5028,5297,171.8,79.6,109.0,1.292,54.9,,,2024-07-28,6.4961,1.3966666666666667,0.1718,Walk
11999096597,Morning Run,Run,Run,2024-07-27T07:59:48Z,26160.5,15090,17288,2085.7,144.3,164.0,1.734,65.5,,,2024-07-27,26.1605,4.191666666666666,2.0856999999999997,Run
11999083738,Evening Walk,Walk,Walk,2024-07-26T18:37:50Z,7150.7,5963,6477,358.7,83.2,122.0,1.199,52.0,,,2024-07-26,7.1507,1.656388888888889,0.35869999999999996,Walk
11979540180,Evening Run,Run,Run,2024-07-25T18:30:41Z,12893.6,3677,3734,417.4,157.6,175.0,3.507,84.3,,,2024-07-25,12.893600000000001,1.021388888888889,0.4174,Run
11974804983,Evening Walk,Walk,Walk,2024-07-24T18:13:01Z,581.6,402,1104,0.0,65.0,93.0,1.447,47.2,,,2024-07-24,0.5816,0.11166666666666666,0.0,Walk
11961952378,Afternoon Run,Run,Run,2024-07-23T17:52:14Z,11577.7,4124,4146,550.0,146.9,181.0,2.807,82.4,,,2024-07-23,11.5777,1.1455555555555557,0.55,Run
11953830799,Evening Weight Training,WeightTraining,WeightTraining,2024-07-22T19:29:17Z,0.0,2036,2036,0.0,79.4,122.0,0.0,,,,2024-07-22,0.0,0.5655555555555556,0.0,WeightTraining
11942109779,Morning Run,Run,Run,2024-07-21T09:48:59Z,15306.8,7178,7479,1413.2,153.9,172.0,2.132,73.5,,,2024-07-21,15.306799999999999,1.9938888888888888,1.4132,Run
11944701700,Fahrt am Nachmittag,Ride,Ride,2024-07-20T09:50:00Z,10000.0,3600,3600,0.0,,,2.778,,,,2024-07-20,10.0,1.0,0.0,Ride
11940465317,Feeling de vacances et bivouac,Ride,Ride,2024-07-20T09:28:18Z,34068.3,10906,21818,1145.3,105.2,163.0,3.124,,81.0,883.5,2024-07-20,34.0683,3.0294444444444446,1.1453,Ride
11932045876,Evening Ride,Ride,Ride,2024-07-19T18:42:26Z,15448.2,3425,4125,412.4,114.4,165.0,4.51,,101.9,349.1,2024-07-19,15.4482,0.9513888888888888,0.4124,Ride
11932045554,Afternoon Ride,Ride,Ride,2024-07-19T17:32:19Z,6408.9,1400,1792,19.2,97.4,125.0,4.578,,32.3,45.2,2024-07-19,6.4089,0.3888888888888889,0.0192,Ride
11920722919,Afternoon Run,Run,Run,2024-07-18T17:21:44Z,11093.8,3602,3703,451.5,141.8,178.0,3.08,83.6,,,2024-07-18,11.0938,1.0005555555555556,0.4515,Run
11914281217,Nachtschwimmen,Swim,Swim,2024-07-17T16:34:45Z,2950.0,2700,2700,0.0,,,1.093,,,,2024-07-17,2.95,0.75,0.0,Swim
11903922509,Evening Run,Run,Run,2024-07-16T18:25:59Z,13244.5,4176,4661,181.5,146.9,184.0,3.172,81.6,,,2024-07-16,13.2445,1.16,0.1815,Run
11902863879,Tendresse et allégresse,Ride,Ride,2024-07-15T18:58:49Z,12442.4,3479,3983,285.5,98.3,127.0,3.576,,72.9,253.6,2024-07-15,12.4424,0.9663888888888889,0.2855,Ride
11888076003,Morning Ride,Ride,Ride,2024-07-14T08:10:58Z,144939.0,23014,33430,3336.3,130.8,230.0,6.298,,155.9,3588.8,2024-07-14,144.939,6.392777777777778,3.3363,Ride
11876242426,Lunch Run,Run,Run,2024-07-13T11:02:55Z,8662.9,2645,4387,77.2,138.5,160.0,3.275,86.3,,,2024-07-13,8.6629,0.7347222222222223,0.0772,Run
11876238399,Morning Run,Run,Run,2024-07-13T09:21:30Z,6876.8,2166,2608,67.7,121.1,138.0,3.175,85.2,,,2024-07-13,6.8768,0.6016666666666667,0.0677,Run
11876281624,Schwimmen am Mittag,Swim,Swim,2024-07-13T05:55:10Z,2000.0,1800,1800,0.0,,,1.111,,,,2024-07-13,2.0,0.5,0.0,Swim
11871691682,Evening Weight Training,WeightTraining,WeightTraining,2024-07-12T18:49:04Z,0.0,2157,2157,0.0,73.3,105.0,0.0,,,,2024-07-12,0.0,0.5991666666666666,0.0,WeightTraining
11863540421,Afternoon Run,Run,Run,2024-07-11T17:20:38Z,10378.4,3077,3143,165.8,135.5,148.0,3.373,84.3,,,2024-07-11,10.3784,0.8547222222222223,0.1658,Run
11855753004,Afternoon Ride,Ride,Ride,2024-07-10T16:52:09Z,56986.4,7225,7472,486.6,125.7,168.0,7.887,,145.7,1052.3,2024-07-10,56.9864,2.0069444444444446,0.48660000000000003,Ride
11848245184,Evening Run,Run,Run,2024-07-09T19:37:58Z,4421.5,1804,1924,139.4,116.7,130.0,2.451,83.1,,,2024-07-09,4.4215,0.5011111111111111,0.1394,Run
11839004535,Evening Run,Run,Run,2024-07-08T18:05:09Z,6790.2,1957,1987,62.3,142.5,157.0,3.47,84.9,,,2024-07-08,6.7902,0.5436111111111112,0.062299999999999994,Run
11832042552,Evening Run,Run,Run,2024-07-07T18:00:54Z,15002.8,4039,4227,130.9,150.7,186.0,3.714,86.3,,,2024-07-07,15.002799999999999,1.1219444444444444,0.13090000000000002,Run
11819239138,Morning Run,Run,Run,2024-07-06T08:04:52Z,12743.3,4188,4922,170.9,115.7,145.0,3.043,83.4,,,2024-07-06,12.7433,1.1633333333333333,0.1709,Run
11814552945,Morning Weight Training,WeightTraining,WeightTraining,2024-07-05T07:49:28Z,0.0,878,878,0.0,74.0,103.0,0.0,,,,2024-07-05,0.0,0.24388888888888888,0.0,WeightTraining
11810401153,Evening Ride,Ride,Ride,2024-07-04T18:04:39Z,15702.6,3404,3447,263.2,121.3,171.0,4.613,,81.4,277.1,2024-07-04,15.7026,0.9455555555555556,0.2632,Ride
11804293374,Morning Run,Run,Run,2024-07-04T08:37:32Z,8685.9,2701,2729,72.2,123.9,140.0,3.216,84.6,,,2024-07-04,8.6859,0.7502777777777778,0.0722,Run
11801444988,Evening Run,Run,Run,2024-07-03T18:06:18Z,11480.2,3633,3766,97.4,121.3,141.0,3.16,84.1,,,2024-07-03,11.4802,1.0091666666666668,0.0974,Run
11787425073,Morning Run,Run,Run,2024-07-02T07:24:09Z,2672.4,799,1272,8.6,119.9,134.0,3.345,87.2,,,2024-07-02,2.6724,0.22194444444444444,0.0086,Run
11782469841,Lunch Ride,Ride,Ride,2024-07-01T12:38:58Z,103470.0,13320,13959,1407.3,133.2,172.0,7.768,,156.6,2086.1,2024-07-01,103.47,3.7,1.4073,Ride
11775506659,Morning Walk,Walk,Walk,2024-06-30T08:42:04Z,9254.3,7867,12279,26.0,77.5,115.0,1.176,64.8,,,2024-06-30,9.254299999999999,2.185277777777778,0.026,Walk
11775498937,Morning Walk,Walk,Walk,2024-06-29T08:42:11Z,7535.1,9917,21529,1019.8,93.7,129.0,0.76,59.6,,,2024-06-29,7.535100000000001,2.754722222222222,1.0198,Walk
11775487932,Afternoon Run,Run,Run,2024-06-28T15:57:37Z,3693.2,3388,3453,570.1,101.6,159.0,1.09,68.1,,,2024-06-28,3.6932,0.9411111111111111,0.5701,Run
11775485851,Lunch Walk,Walk,Walk,2024-06-28T12:01:06Z,5736.3,6729,8895,763.5,88.4,121.0,0.852,55.0,,,2024-06-28,5.7363,1.8691666666666666,0.7635,Walk
11741529234,Morning Run,Run,Run,2024-06-26T06:58:27Z,10695.3,3177,3239,160.7,126.9,144.0,3.366,85.3,,,2024-06-26,10.6953,0.8825,0.16069999999999998,Run
11734014480,Morning Run,Run,Run,2024-06-25T10:40:56Z,8836.3,2405,2423,235.2,151.1,178.0,3.674,85.4,,,2024-06-25,8.8363,0.6680555555555555,0.2352,Run
11729866458,Evening Weight Training,WeightTraining,WeightTraining,2024-06-24T19:00:37Z,0.0,2260,2260,0.0,75.0,103.0,0.0,,,,2024-06-24,0.0,0.6277777777777778,0.0,WeightTraining
11728729576,Schwimmen am Morgen,Swim,Swim,2024-06-24T00:28:00Z,2500.0,2700,2700,0.0,,,0.926,,,,2024-06-24,2.5,0.75,0.0,Swim
11720119098,Morning Run,Run,Run,2024-06-23T10:56:37Z,22985.8,7537,8024,757.5,133.3,157.0,3.05,82.8,,,2024-06-23,22.985799999999998,2.093611111111111,0.7575,Run
11710966573,Morning Ride,Ride,Ride,2024-06-22T10:32:14Z,59358.4,8224,8423,1134.2,130.4,178.0,7.218,,156.2,1284.8,2024-06-22,59.3584,2.2844444444444445,1.1342,Ride
11720847194,Schwimmen am Nachmittag,Swim,Swim,2024-06-21T00:00:50Z,2500.0,2700,2700,0.0,,,0.926,,,,2024-06-21,2.5,0.75,0.0,Swim
11699030837,Evening Run,Run,Run,2024-06-20T18:07:50Z,11975.5,3653,3708,298.9,134.0,149.0,3.278,83.9,,,2024-06-20,11.9755,1.0147222222222223,0.2989,Run
11692167460,Gewichtstraining am Abend,WeightTraining,WeightTraining,2024-06-19T14:23:02Z,0.0,3600,3600,0.0,,,0.0,,,,2024-06-19,0.0,1.0,0.0,WeightTraining
11682944571,Evening Run,Run,Run,2024-06-18T18:16:43Z,11862.1,4241,4974,181.1,149.8,183.0,2.797,82.1,,,2024-06-18,11.8621,1.1780555555555556,0.18109999999999998,Run
11664444212,Galenstock,BackcountrySki,BackcountrySki,2024-06-16T04:53:40Z,16805.2,12833,27680,1037.1,102.6,134.0,1.31,58.1,,,2024-06-16,16.8052,3.564722222222222,1.0371,BackcountrySki
11663593015,Evening Walk,Walk,Walk,2024-06-15T18:29:05Z,7350.1,7998,9939,1012.5,67.3,108.0,0.919,53.8,,,2024-06-15,7.3501,2.2216666666666667,1.0125,Walk
11651405741,Jurassic park version sur 2 roues,Ride,Ride,2024-06-14T09:41:23Z,208015.0,26635,28839,3226.8,132.0,169.0,7.81,,179.8,4790.0,2024-06-14,208.015,7.398611111111111,3.2268000000000003,Ride
11638269859,Forchlauf,Run,Run,2024-06-12T19:00:02Z,14993.5,3394,3398,250.1,178.4,188.0,4.418,87.4,,,2024-06-12,14.9935,0.9427777777777778,0.2501,Run
11638266120,Evening Run,Run,Run,2024-06-12T18:36:35Z,2199.2,751,949,29.8,139.8,152.0,2.928,84.9,,,2024-06-12,2.1992,0.2086111111111111,0.0298,Run
11628291715,Evening Run,Run,Run,2024-06-11T18:22:51Z,6011.1,1793,1810,54.9,137.5,172.0,3.353,85.5,,,2024-06-11,6.011100000000001,0.49805555555555553,0.0549,Run
11612560990,Afternoon Ride,Ride,Ride,2024-06-09T14:34:58Z,46352.8,6359,6613,398.5,109.6,148.0,7.289,,121.2,770.5,2024-06-09,46.3528,1.7663888888888888,0.3985,Ride
11603461570,🎉🎂,TrailRun,Run,2024-06-08T08:52:40Z,21120.7,15080,20423,1428.8,113.4,172.0,1.401,63.4,,,2024-06-08,21.1207,4.188888888888889,1.4287999999999998,TrailRun
11594320081,Morning Run,Run,Run,2024-06-07T07:35:41Z,6240.9,1846,1856,11.8,128.5,138.0,3.381,85.6,,,2024-06-07,6.2409,0.5127777777777778,0.011800000000000001,Run
11582712878,Gewichtstraining am Abend,WeightTraining,WeightTraining,2024-06-05T14:49:47Z,0.0,2661,2661,0.0,,,0.0,,,,2024-06-05,0.0,0.7391666666666666,0.0,WeightTraining
11573485218,Evening Run,Run,Run,2024-06-04T18:17:14Z,16773.2,4867,5355,351.8,161.7,188.0,3.446,84.2,,,2024-06-04,16.7732,1.3519444444444444,0.3518,Run
11564808871,Gewichtstraining am Abend,WeightTraining,WeightTraining,2024-06-03T12:44:09Z,0.0,2400,2400,0.0,,,0.0,,,,2024-06-03,0.0,0.6666666666666666,0.0,WeightTraining
11561435843,Schwimmen am Morgen,Swim,Swim,2024-06-03T03:45:41Z,2500.0,2700,2700,0.0,,,0.926,,,,2024-06-03,2.5,0.75,0.0,Swim
11557280833,Afternoon Ride,Ride,Ride,2024-06-02T15:44:01Z,57456.9,7319,7539,501.9,130.1,179.0,7.85,,144.4,1056.9,2024-06-02,57.456900000000005,2.0330555555555554,0.5019,Ride
11548485496,2 gars en promenade,Run,Run,2024-06-01T12:33:35Z,32061.8,10808,12639,792.0,129.2,150.0,2.966,83.8,,,2024-06-01,32.0618,3.002222222222222,0.792,Run
11538744219,Morning Run,Run,Run,2024-05-31T07:34:05Z,6254.9,1837,1895,11.8,136.3,157.0,3.405,85.8,,,2024-05-31,6.254899999999999,0.5102777777777778,0.011800000000000001,Run
11529989552,Schwimmen am Morgen,Swim,Swim,2024-05-30T00:54:27Z,2575.0,2700,2700,0.0,,,0.954,,,,2024-05-30,2.575,0.75,0.0,Swim
11526146186,Afternoon Run,Run,Run,2024-05-29T17:54:51Z,14111.7,3678,3685,82.9,161.2,182.0,3.837,86.5,,,2024-05-29,14.1117,1.0216666666666667,0.0829,Run
11518452236,Evening Ride,Ride,Ride,2024-05-28T18:24:18Z,26873.3,3735,3786,456.0,138.1,181.0,7.195,,151.6,566.1,2024-05-28,26.8733,1.0375,0.456,Ride
11510201212,Afternoon Swim,Swim,Swim,2024-05-27T17:30:38Z,1650.0,1642,1647,0.0,120.1,149.0,1.005,,,,2024-05-27,1.65,0.45611111111111113,0.0,Swim
11508180196,Afternoon Run,Run,Run,2024-05-25T13:46:50Z,15188.7,13220,13311,351.9,104.1,156.0,1.149,64.7,,,2024-05-25,15.1887,3.672222222222222,0.3519,Run
11508170883,Lunch Run,Run,Run,2024-05-25T11:26:10Z,3955.8,1476,2325,68.7,123.3,155.0,2.68,76.1,,,2024-05-25,3.9558,0.41,0.0687,Run
11508168913,Afternoon Run,Run,Run,2024-05-24T13:26:41Z,3981.7,1581,1632,197.2,137.8,163.0,2.518,81.1,,,2024-05-24,3.9817,0.43916666666666665,0.1972,Run
11472804786,Evening Run,Run,Run,2024-05-22T18:08:19Z,12461.6,3671,3994,459.8,144.5,183.0,3.395,84.6,,,2024-05-22,12.4616,1.0197222222222222,0.4598,Run
11460545398,Schwimmen am Morgen,Swim,Swim,2024-05-21T00:20:00Z,2500.0,2700,2700,0.0,,,0.926,,,,2024-05-21,2.5,0.75,0.0,Swim
11457183988,Afternoon Ride,Ride,Ride,2024-05-20T17:19:44Z,45699.2,7276,7597,828.0,115.4,142.0,6.281,,129.4,941.6,2024-05-20,45.6992,2.0211111111111113,0.828,Ride
11446715155,Morning Trail Run,TrailRun,Run,2024-05-19T10:21:44Z,22461.7,9882,11248,852.3,120.3,153.0,2.273,73.8,,,2024-05-19,22.4617,2.745,0.8523,TrailRun
11438876559,Lunch Ride,Ride,Ride,2024-05-18T11:31:04Z,67354.7,11434,12076,1287.8,123.4,177.0,5.891,,122.7,1403.1,2024-05-18,67.3547,3.176111111111111,1.2878,Ride
11441154773,Yoga am Abend,Yoga,Yoga,2024-05-17T13:24:00Z,0.0,1800,1800,0.0,,,0.0,,,,2024-05-17,0.0,0.5,0.0,Yoga
11426101308,Evening Run,Run,Run,2024-05-16T19:10:42Z,12419.8,3221,3331,209.0,146.3,174.0,3.856,87.0,,,2024-05-16,12.419799999999999,0.8947222222222222,0.209,Run
11417538551,Schwimmen am Morgen,Swim,Swim,2024-05-15T00:18:00Z,2625.0,2700,2700,0.0,,,0.972,,,,2024-05-15,2.625,0.75,0.0,Swim
11401937586,« gravel » bike,Ride,Ride,2024-05-13T11:06:42Z,35437.5,7421,8743,1134.9,114.1,160.0,4.775,,130.2,966.4,2024-05-13,35.4375,2.0613888888888887,1.1349,Ride
11395232085,Chianti en duo,Ride,Ride,2024-05-12T10:39:31Z,69007.7,12671,23674,1256.1,108.4,169.0,5.446,,102.1,1293.9,2024-05-12,69.0077,3.519722222222222,1.2561,Ride
11386413810,Dolce Vita sul l’Eroica,Ride,Ride,2024-05-11T08:00:24Z,207497.0,31275,34555,3914.3,135.3,166.0,6.635,,139.8,4372.4,2024-05-11,207.497,8.6875,3.9143000000000003,Ride
11379848240,Siena shake out,Run,Run,2024-05-10T17:56:41Z,7413.7,2549,2704,170.2,126.8,139.0,2.908,80.6,,,2024-05-10,7.4136999999999995,0.7080555555555555,0.1702,Run
11350170995,Schwimmen am Morgen,Swim,Swim,2024-05-07T00:34:44Z,2500.0,2700,2700,0.0,,,0.926,,,,2024-05-07,2.5,0.75,0.0,Swim
11339253927,Afternoon Ride,Ride,Ride,2024-05-05T14:27:00Z,70742.1,9177,9597,557.3,117.3,139.0,7.709,,135.0,1238.8,2024-05-05,70.74210000000001,2.549166666666667,0.5572999999999999,Ride
11329707555,SOLA Strecke 9,Run,Run,2024-05-04T12:58:23Z,11202.2,2633,2633,231.1,172.8,183.0,4.255,88.6,,,2024-05-04,11.202200000000001,0.7313888888888889,0.2311,Run
11329703716,Lunch Run,Run,Run,2024-05-04T12:26:02Z,2938.6,946,971,34.0,150.8,162.0,3.106,85.3,,,2024-05-04,2.9386,0.2627777777777778,0.034,Run
11323368940,Afternoon Run,Run,Run,2024-05-03T17:26:57Z,5510.9,1598,1749,52.6,143.0,159.0,3.449,85.5,,,2024-05-03,5.5108999999999995,0.4438888888888889,0.0526,Run
11317185706,Evening Weight Training,WeightTraining,WeightTraining,2024-05-02T19:31:12Z,0.0,1782,1782,0.0,68.0,105.0,0.0,,,,2024-05-02,0.0,0.495,0.0,WeightTraining
11309191152,Afternoon Run,Run,Run,2024-05-01T16:14:44Z,9437.4,7405,9629,895.0,105.7,148.0,1.274,54.4,,,2024-05-01,9.4374,2.0569444444444445,0.895,Run
11297483420,Lunch Run,Run,Run,2024-04-30T12:18:57Z,7690.5,2217,2217,116.1,136.9,150.0,3.469,87.4,,,2024-04-30,7.6905,0.6158333333333333,0.1161,Run
11288496821,Morning Swim,Swim,Swim,2024-04-29T07:20:00Z,2500.0,2700,2700,0.0,,,0.926,,,,2024-04-29,2.5,0.75,0.0,Swim
11278342977,Self-propelled skitour -> la cerise sur le sunday,Ride,Ride,2024-04-27T15:57:26Z,93887.1,11732,13675,374.0,,,8.003,,113.0,1325.9,2024-04-27,93.8871,3.258888888888889,0.374,Ride
11278344178,Self-propelled skitour -> le plat de résistance,BackcountrySki,BackcountrySki,2024-04-27T09:43:09Z,14914.5,16399,19828,2196.0,,,0.909,,,,2024-04-27,14.9145,4.5552777777777775,2.196,BackcountrySki
11276959772,Self-propelled skitour -> amuse-geule,Ride,Ride,2024-04-27T03:35:02Z,99675.6,17319,22227,1297.7,118.7,150.0,5.755,,102.8,1780.6,2024-04-27,99.6756,4.810833333333333,1.2977,Ride
11265756725,Morning Yoga,Yoga,Yoga,2024-04-26T06:09:37Z,0.0,1802,1802,0.0,54.7,82.0,0.0,,,,2024-04-26,0.0,0.5005555555555555,0.0,Yoga
11263238082,Evening Run,Run,Run,2024-04-25T18:09:07Z,6496.9,1920,1938,115.0,139.3,157.0,3.384,86.9,,,2024-04-25,6.496899999999999,0.5333333333333333,0.115,Run
11251227884,Morning Swim,Swim,Swim,2024-04-24T06:03:56Z,2500.0,2709,2766,0.0,133.0,160.0,0.923,,,,2024-04-24,2.5,0.7525,0.0,Swim
11247914170,Schnell shorts,Run,Run,2024-04-23T18:18:57Z,14757.1,3995,5112,165.7,155.4,189.0,3.694,85.9,,,2024-04-23,14.757100000000001,1.1097222222222223,0.1657,Run
11235869461,Afternoon Weight Training,WeightTraining,WeightTraining,2024-04-21T17:33:59Z,0.0,4533,4533,0.0,66.3,106.0,0.0,,,,2024-04-21,0.0,1.2591666666666668,0.0,WeightTraining
11228955738,Morning Swim,Swim,Swim,2024-04-21T09:05:04Z,2750.0,2706,2740,0.0,135.7,169.0,1.016,,,,2024-04-21,2.75,0.7516666666666667,0.0,Swim
11225925005,Pas simple les vacances,Run,Run,2024-04-20T18:37:35Z,12437.6,3368,3951,196.9,140.7,177.0,3.693,87.0,,,2024-04-20,12.4376,0.9355555555555556,0.19690000000000002,Run
11215037798,Prater avec Niklas,Run,Run,2024-04-19T08:58:26Z,10072.2,2916,3197,12.5,139.9,157.0,3.454,87.1,,,2024-04-19,10.0722,0.81,0.0125,Run
11192904954,Sont où les viennoiseries?,Run,Run,2024-04-16T08:32:00Z,11008.8,3154,4283,40.4,136.8,159.0,3.49,87.1,,,2024-04-16,11.008799999999999,0.8761111111111111,0.0404,Run
11171825615,Tzuri arrière pays,Ride,Ride,2024-04-13T10:13:53Z,110043.0,14929,17350,1533.2,131.0,182.0,7.371,,144.4,2156.1,2024-04-13,110.043,4.146944444444444,1.5332000000000001,Ride
11157877001,Afternoon Run,Run,Run,2024-04-11T17:06:02Z,9047.4,2704,2765,212.4,135.1,155.0,3.346,85.1,,,2024-04-11,9.0474,0.7511111111111111,0.2124,Run
11152244223,Night Weight Training,WeightTraining,WeightTraining,2024-04-10T21:24:34Z,0.0,628,628,0.0,78.4,113.0,0.0,,,,2024-04-10,0.0,0.17444444444444446,0.0,WeightTraining
11146853518,Morning Swim,Swim,Swim,2024-04-10T06:04:40Z,2050.0,1840,1924,0.0,151.1,192.0,1.114,,,,2024-04-10,2.05,0.5111111111111111,0.0,Swim
11144287746,Toblerone lap,Run,Run,2024-04-09T18:18:05Z,14018.3,4309,4792,288.1,150.5,185.0,3.253,83.5,,,2024-04-09,14.0183,1.1969444444444444,0.2881,Run
11128456951,Afternoon Ride,Ride,Ride,2024-04-07T16:22:21Z,26735.1,3767,3907,526.3,132.4,178.0,7.097,,157.4,592.7,2024-04-07,26.7351,1.0463888888888888,0.5263,Ride
11120855479,Ça se mélange les senteurs,Ride,Ride,2024-04-06T16:35:20Z,58544.4,7330,7390,388.5,116.1,165.0,7.987,,137.1,1004.6,2024-04-06,58.5444,2.036111111111111,0.3885,Ride
11109383779,Morning Swim,Swim,Swim,2024-04-05T06:04:44Z,3150.0,2720,2741,0.0,134.5,167.0,1.158,,,,2024-04-05,3.15,0.7555555555555555,0.0,Swim
11106614516,Seuil au monde,Run,Run,2024-04-04T18:42:00Z,15027.2,3704,3837,88.0,153.7,174.0,4.057,87.8,,,2024-04-04,15.0272,1.028888888888889,0.088,Run
11099492185,Le fameux Oberstrasse,Run,Run,2024-04-03T18:27:19Z,8842.4,2801,3260,156.2,120.4,154.0,3.157,84.6,,,2024-04-03,8.8424,0.7780555555555555,0.15619999999999998,Run
11092545705,Evening Weight Training,WeightTraining,WeightTraining,2024-04-02T19:34:14Z,0.0,2146,2146,0.0,80.9,117.0,0.0,,,,2024-04-02,0.0,0.5961111111111111,0.0,WeightTraining
11080694203,Poisson d’avril,Run,Run,2024-04-01T06:35:48Z,15292.2,4593,4630,177.9,137.2,156.0,3.329,85.1,,,2024-04-01,15.292200000000001,1.2758333333333334,0.1779,Run
11076539974,Dans l’eau de pâques,Swim,Swim,2024-03-31T14:03:10Z,4200.0,3986,4002,0.0,135.9,173.0,1.054,,,,2024-03-31,4.2,1.1072222222222223,0.0,Swim
11075368519,Sucré et sablé,BackcountrySki,BackcountrySki,2024-03-31T08:55:55Z,7833.6,6935,13057,833.8,115.2,153.0,1.13,49.0,,,2024-03-31,7.833600000000001,1.926388888888889,0.8338,BackcountrySki
11071221243,Allegra,Run,Run,2024-03-30T15:23:46Z,13115.7,3778,3934,143.1,147.1,167.0,3.472,85.9,,,2024-03-30,13.1157,1.0494444444444444,0.1431,Run
11068617898,Sahara lumber 🪵,NordicSki,NordicSki,2024-03-30T08:20:52Z,45204.1,13133,15634,670.2,134.6,152.0,3.442,51.2,,,2024-03-30,45.2041,3.6480555555555556,0.6702,NordicSki
11062836369,Draggy dans l’engadine,NordicSki,NordicSki,2024-03-29T13:14:29Z,31041.7,11016,12975,247.8,135.6,152.0,2.818,49.5,,,2024-03-29,31.041700000000002,3.06,0.24780000000000002,NordicSki
11056814505,Fait du bien une ligne droite,Ride,Ride,2024-03-28T18:27:26Z,26552.9,3365,3365,173.9,120.1,151.0,7.891,,134.0,450.9,2024-03-28,26.5529,0.9347222222222222,0.1739,Ride
11050894128,Der die oder das double threshold,Run,Run,2024-03-27T17:53:14Z,11009.6,2775,2906,122.5,149.5,174.0,3.967,87.9,,,2024-03-27,11.0096,0.7708333333333334,0.1225,Run
11046362102,Morning Swim,Swim,Swim,2024-03-27T06:04:22Z,2950.0,2708,2714,0.0,148.3,182.0,1.089,,,,2024-03-27,2.95,0.7522222222222222,0.0,Swim
11034824760,eeg skitour 🎿,BackcountrySki,BackcountrySki,2024-03-25T08:56:36Z,13283.5,9990,19606,1116.9,88.0,121.0,1.33,58.7,,,2024-03-25,13.2835,2.775,1.1169,BackcountrySki
11027493083,Multi météo,Run,Run,2024-03-24T11:34:49Z,13073.3,3884,5018,98.4,123.7,147.0,3.366,87.2,,,2024-03-24,13.0733,1.0788888888888888,0.0984,Run
11022274111,Afternoon Ride,Ride,Ride,2024-03-23T15:45:45Z,27191.5,3896,3991,531.5,133.4,174.0,6.979,,159.0,619.3,2024-03-23,27.1915,1.0822222222222222,0.5315,Ride
11018553153,Morning Run,Run,Run,2024-03-23T07:12:50Z,8457.3,2412,2454,145.5,133.9,145.0,3.506,87.3,,,2024-03-23,8.4573,0.67,0.1455,Run
11012351407,Morning Swim,Swim,Swim,2024-03-22T06:05:27Z,2900.0,2704,2737,0.0,131.4,171.0,1.072,,,,2024-03-22,2.9,0.7511111111111111,0.0,Swim
11008966336,Dégourdissage,Run,Run,2024-03-21T17:35:32Z,6585.1,2018,2110,139.5,128.1,145.0,3.263,85.3,,,2024-03-21,6.585100000000001,0.5605555555555556,0.1395,Run
10998040748,Morning Swim,Swim,Swim,2024-03-20T06:02:32Z,3450.0,2703,2729,0.0,138.7,180.0,1.276,,,,2024-03-20,3.45,0.7508333333333334,0.0,Swim
10995096978,C’est correct de tourner en rond,Run,Run,2024-03-19T18:18:39Z,14926.3,4480,5487,100.9,148.9,183.0,3.332,84.3,,,2024-03-19,14.9263,1.2444444444444445,0.1009,Run
10987692022,Evening Weight Training,WeightTraining,WeightTraining,2024-03-18T19:07:39Z,0.0,2212,2212,0.0,72.5,115.0,0.0,,,,2024-03-18,0.0,0.6144444444444445,0.0,WeightTraining
10978470783,Longue course aux fleurs,Run,Run,2024-03-17T10:23:18Z,21233.0,6270,6397,27.9,127.3,152.0,3.386,88.0,,,2024-03-17,21.233,1.7416666666666667,0.027899999999999998,Run
10972239050,Zürides,Ride,Ride,2024-03-16T09:40:57Z,110381.0,14817,19582,1695.7,132.7,179.0,7.45,,162.5,2407.3,2024-03-16,110.381,4.115833333333334,1.6957,Ride
10966163869,Evening Weight Training,WeightTraining,WeightTraining,2024-03-15T18:30:48Z,0.0,1807,1807,0.0,93.7,114.0,0.0,,,,2024-03-15,0.0,0.5019444444444444,0.0,WeightTraining
10959740452,Evening Weight Training,WeightTraining,WeightTraining,2024-03-14T19:02:23Z,0.0,442,442,0.0,78.9,99.0,0.0,,,,2024-03-14,0.0,0.12277777777777778,0.0,WeightTraining
10959448362,Sont pas là mes bottes,Ride,Ride,2024-03-14T15:38:16Z,74197.9,9807,10611,658.1,121.1,173.0,7.566,,133.3,1307.2,2024-03-14,74.19789999999999,2.7241666666666666,0.6581,Ride
10948272487,Morning Swim,Swim,Swim,2024-03-13T06:04:07Z,3000.0,2718,2724,0.0,120.5,146.0,1.104,,,,2024-03-13,3.0,0.755,0.0,Swim
10945191234,Un peu de drafting,Run,Run,2024-03-12T18:16:59Z,15422.4,4491,5143,220.5,147.5,187.0,3.434,84.6,,,2024-03-12,15.4224,1.2475,0.2205,Run
10938456031,Felsklettern am Abend,RockClimbing,RockClimbing,2024-03-11T13:55:48Z,0.0,5400,5400,0.0,,,0.0,,,,2024-03-11,0.0,1.5,0.0,RockClimbing
10929166105,Basse pression à l’horizon,Ride,Ride,2024-03-10T09:29:07Z,76943.4,10097,10636,784.1,130.6,178.0,7.62,,133.0,1342.9,2024-03-10,76.9434,2.8047222222222223,0.7841,Ride
10923608783,Beau temps pas de mouches,BackcountrySki,BackcountrySki,2024-03-09T08:00:14Z,24107.4,18926,28464,1735.0,88.3,133.0,1.274,63.1,,,2024-03-09,24.107400000000002,5.2572222222222225,1.735,BackcountrySki
10917785488,Evening Run,Run,Run,2024-03-08T18:23:05Z,6297.7,1812,1818,115.9,139.7,155.0,3.476,86.7,,,2024-03-08,6.2977,0.5033333333333333,0.1159,Run
10914270671,Felsklettern am Abend,RockClimbing,RockClimbing,2024-03-07T13:21:56Z,0.0,7200,7200,0.0,,,0.0,,,,2024-03-07,0.0,2.0,0.0,RockClimbing
10904942176,Un doublé mouillé,Run,Run,2024-03-06T18:18:37Z,6191.3,1999,2046,108.5,138.2,155.0,3.097,84.7,,,2024-03-06,6.1913,0.5552777777777778,0.1085,Run
10900391438,Morning Swim,Swim,Swim,2024-03-06T06:03:32Z,3050.0,2719,2739,0.0,139.4,184.0,1.122,,,,2024-03-06,3.05,0.7552777777777778,0.0,Swim
10890191253,Trail maniac,Run,Run,2024-03-04T18:34:25Z,11822.7,4514,4912,521.5,142.0,167.0,2.619,78.6,,,2024-03-04,11.822700000000001,1.2538888888888888,0.5215,Run
10900621538,Lunch Ride,Ride,Ride,2024-03-03T11:32:46Z,55328.4,7286,8761,422.3,119.1,170.0,7.594,,131.8,960.2,2024-03-03,55.3284,2.023888888888889,0.4223,Ride
10875203680,Engelberg free-for-all,Snowboard,Snowboard,2024-03-02T10:54:34Z,51328.0,15528,22310,5375.2,81.3,118.0,3.306,55.4,,,2024-03-02,51.328,4.3133333333333335,5.3751999999999995,Snowboard
10865618016,Morning Swim,Swim,Swim,2024-03-01T06:05:47Z,3100.0,2703,2713,0.0,130.9,172.0,1.147,,,,2024-03-01,3.1,0.7508333333333334,0.0,Swim
10862469934,Limmat sur le tempo,Run,Run,2024-02-29T16:38:13Z,8403.6,2196,2213,84.8,146.6,169.0,3.827,87.9,,,2024-02-29,8.4036,0.61,0.0848,Run
10862468119,Evening Run,Run,Run,2024-02-27T18:37:27Z,1643.8,452,486,11.0,132.8,150.0,3.637,90.1,,,2024-02-27,1.6438,0.12555555555555556,0.011,Run
10838585125,Morning Swim,Swim,Swim,2024-02-26T06:04:40Z,3100.0,2709,2734,0.0,151.0,195.0,1.144,,,,2024-02-26,3.1,0.7525,0.0,Swim
10835402531,Afternoon Weight Training,WeightTraining,WeightTraining,2024-02-25T16:47:29Z,0.0,974,974,0.0,89.5,112.0,0.0,,,,2024-02-25,0.0,0.27055555555555555,0.0,WeightTraining
10835186166,En talons hauts,Run,Run,2024-02-25T15:55:38Z,8584.8,2402,2570,140.6,137.0,150.0,3.574,88.3,,,2024-02-25,8.5848,0.6672222222222223,0.1406,Run
10827831709,Uri party,BackcountrySki,BackcountrySki,2024-02-24T08:55:46Z,23105.2,15997,27644,1972.4,90.8,120.0,1.444,55.9,,,2024-02-24,23.1052,4.443611111111111,1.9724000000000002,BackcountrySki
10818282038,Morning Swim,Swim,Swim,2024-02-23T06:04:22Z,2850.0,2720,2742,0.0,149.0,191.0,1.048,,,,2024-02-23,2.85,0.7555555555555555,0.0,Swim
10815405247,Premier essai et les buts,Run,Run,2024-02-22T18:33:50Z,5431.1,1546,1704,96.2,137.8,150.0,3.513,88.6,,,2024-02-22,5.431100000000001,0.42944444444444446,0.09620000000000001,Run
10805275396,Morning Swim,Swim,Swim,2024-02-21T06:04:34Z,3050.0,2734,2769,0.0,124.2,149.0,1.116,,,,2024-02-21,3.05,0.7594444444444445,0.0,Swim
10794724045,Evening Weight Training,WeightTraining,WeightTraining,2024-02-19T18:11:59Z,0.0,1525,1525,0.0,76.6,116.0,0.0,,,,2024-02-19,0.0,0.4236111111111111,0.0,WeightTraining
10791429727,Morning Swim,Swim,Swim,2024-02-19T06:03:39Z,3050.0,2712,2828,0.0,113.7,142.0,1.125,,,,2024-02-19,3.05,0.7533333333333333,0.0,Swim
10786269414,Dans le territoire Kesh jour 2,BackcountrySki,BackcountrySki,2024-02-18T07:35:20Z,13743.7,8648,18782,944.0,93.5,117.0,1.589,58.0,,,2024-02-18,13.7437,2.402222222222222,0.944,BackcountrySki
10786253185,Dans le territoire Kesh jour 1,BackcountrySki,BackcountrySki,2024-02-17T10:23:57Z,12807.8,10055,21496,1455.4,96.4,140.0,1.274,60.5,,,2024-02-17,12.807799999999999,2.7930555555555556,1.4554,BackcountrySki
10764603187,Morning Swim,Swim,Swim,2024-02-15T06:04:27Z,2750.0,2705,2840,0.0,140.6,195.0,1.017,,,,2024-02-15,2.75,0.7513888888888889,0.0,Swim
10761965960,Evening Weight Training,WeightTraining,WeightTraining,2024-02-14T18:45:51Z,0.0,965,965,0.0,80.6,99.0,0.0,,,,2024-02-14,0.0,0.26805555555555555,0.0,WeightTraining
10761715587,Evening Run,Run,Run,2024-02-14T18:22:25Z,3151.2,920,1151,15.7,130.0,148.0,3.425,90.1,,,2024-02-14,3.1512,0.25555555555555554,0.0157,Run
10751255071,Morning Swim,Swim,Swim,2024-02-13T06:05:15Z,3350.0,3025,3157,0.0,141.7,204.0,1.107,,,,2024-02-13,3.35,0.8402777777777778,0.0,Swim
10748132375,Afternoon Weight Training,WeightTraining,WeightTraining,2024-02-12T17:59:27Z,0.0,2393,2393,0.0,66.5,97.0,0.0,,,,2024-02-12,0.0,0.6647222222222222,0.0,WeightTraining
10740845404,Dans le bleu et blanc ⚜️,AlpineSki,AlpineSki,2024-02-11T10:12:44Z,30464.3,9039,16786,2161.5,73.2,104.0,3.37,54.2,,,2024-02-11,30.464299999999998,2.5108333333333333,2.1615,AlpineSki
10733720258,PVT et moquette,BackcountrySki,BackcountrySki,2024-02-10T09:33:19Z,8189.9,7437,17005,773.9,86.0,120.0,1.101,58.8,,,2024-02-10,8.1899,2.0658333333333334,0.7739,BackcountrySki
10722656292,5k guys motivation,Run,Run,2024-02-08T18:18:36Z,12163.2,3163,3322,53.5,155.0,186.0,3.845,88.6,,,2024-02-08,12.163200000000002,0.8786111111111111,0.0535,Run
10716271011,Evening Weight Training,WeightTraining,WeightTraining,2024-02-07T18:38:29Z,0.0,2418,2418,0.0,73.9,127.0,0.0,,,,2024-02-07,0.0,0.6716666666666666,0.0,WeightTraining
10708491193,Sont pareils jte dis,Run,Run,2024-02-06T16:37:07Z,7199.6,2035,2083,70.6,143.3,161.0,3.538,89.8,,,2024-02-06,7.1996,0.5652777777777778,0.0706,Run
10699043743,Morning Swim,Swim,Swim,2024-02-05T06:09:52Z,3000.0,2705,2740,0.0,128.4,160.0,1.109,,,,2024-02-05,3.0,0.7513888888888889,0.0,Swim
10689701774,Stoos-Safari,BackcountrySki,BackcountrySki,2024-02-03T09:38:45Z,19672.0,13774,20437,2224.7,102.2,159.0,1.428,58.5,,,2024-02-03,19.672,3.826111111111111,2.2247,BackcountrySki
10683307100,Afternoon Weight Training,RockClimbing,RockClimbing,2024-02-02T17:35:54Z,0.0,4158,4158,0.0,88.1,116.0,0.0,,,,2024-02-02,0.0,1.155,0.0,RockClimbing
10675666244,Jeudi norvégien,Run,Run,2024-02-01T18:02:24Z,10155.6,3096,3140,263.7,144.3,161.0,3.28,85.6,,,2024-02-01,10.1556,0.86,0.2637,Run
10669402453,On Run club,Run,Run,2024-01-31T18:01:41Z,10017.7,3390,5954,43.4,121.7,148.0,2.955,84.8,,,2024-01-31,10.017700000000001,0.9416666666666667,0.0434,Run
10667803894,Ça pousse 🌱,Ride,Ride,2024-01-31T14:14:19Z,36996.4,4630,4833,185.4,116.2,131.0,7.991,,129.3,598.6,2024-01-31,36.9964,1.2861111111111112,0.1854,Ride
10660400391,Engadiner jour 4: printanier,BackcountrySki,BackcountrySki,2024-01-30T08:24:48Z,6001.3,4651,13377,682.4,96.0,127.0,1.29,58.1,,,2024-01-30,6.0013000000000005,1.2919444444444443,0.6824,BackcountrySki
10660394363,Engadiner jour 3: tickets,BackcountrySki,BackcountrySki,2024-01-29T07:26:12Z,18096.1,10863,28483,786.9,108.8,151.0,1.666,57.8,,,2024-01-29,18.0961,3.0175,0.7868999999999999,BackcountrySki
10660384180,Engadiner jour 2: Piz d’Agnel,BackcountrySki,BackcountrySki,2024-01-28T08:06:10Z,8156.5,6295,15887,571.8,97.3,132.0,1.296,59.2,,,2024-01-28,8.1565,1.7486111111111111,0.5718,BackcountrySki
10660379389,Engadiner jour 1,BackcountrySki,BackcountrySki,2024-01-27T11:50:41Z,9272.9,8820,15737,919.0,91.4,110.0,1.051,61.3,,,2024-01-27,9.2729,2.45,0.919,BackcountrySki
10621014332,Dry run,Run,Run,2024-01-24T16:14:51Z,11025.3,3262,3685,77.0,131.1,147.0,3.38,88.3,,,2024-01-24,11.0253,0.9061111111111111,0.077,Run
10601683037,De retour au village,Run,Run,2024-01-21T14:24:01Z,8420.4,2788,3393,141.9,128.0,148.0,3.02,84.9,,,2024-01-21,8.420399999999999,0.7744444444444445,0.1419,Run
10590560206,Piquant,NordicSki,NordicSki,2024-01-19T15:51:59Z,10041.4,3010,3113,144.9,131.8,153.0,3.336,55.6,,,2024-01-19,10.0414,0.8361111111111111,0.1449,NordicSki
10586112031,Le fondeur 🙌,NordicSki,NordicSki,2024-01-18T18:38:03Z,13925.3,3893,5066,217.9,117.6,160.0,3.577,53.4,,,2024-01-18,13.9253,1.081388888888889,0.2179,NordicSki
10582180027,La colle aux dents,Run,Run,2024-01-18T07:45:28Z,5093.8,1508,3622,29.0,144.7,161.0,3.378,85.6,,,2024-01-18,5.0938,0.41888888888888887,0.029,Run
10579030516,Le tour du Mont Calme,Run,Run,2024-01-17T16:11:12Z,9300.8,3031,6735,135.1,138.6,155.0,3.069,84.4,,,2024-01-17,9.300799999999999,0.8419444444444445,0.1351,Run
10573484550,Evening Walk,Walk,Walk,2024-01-16T19:54:52Z,7133.0,3547,3583,42.1,109.0,151.0,2.011,67.9,,,2024-01-16,7.133,0.9852777777777778,0.0421,Walk
10559087850,Lunch Ride,Ride,Ride,2024-01-14T12:13:27Z,0.0,3608,3608,0.0,138.3,176.0,0.0,,,,2024-01-14,0.0,1.0022222222222221,0.0,Ride
10552716799,La mer la glace tassez vous,Run,Run,2024-01-13T14:55:29Z,10215.3,3465,3649,142.1,141.5,158.0,2.948,84.0,,,2024-01-13,10.2153,0.9625,0.1421,Run
10552717160,Fat sur clapperton,Ride,Ride,2024-01-12T15:11:01Z,10199.2,2527,2638,157.3,124.3,149.0,4.036,,61.7,155.9,2024-01-12,10.199200000000001,0.7019444444444445,0.15730000000000002,Ride
10540519987,Afternoon Run,Run,Run,2024-01-11T17:19:01Z,11983.8,2723,2744,0.0,143.0,175.0,4.401,87.6,,,2024-01-11,11.983799999999999,0.7563888888888889,0.0,Run
10534398838,Autour du bonhomme,Ride,Ride,2024-01-10T17:56:02Z,0.0,3604,3604,0.0,132.4,175.0,0.0,,,,2024-01-10,0.0,1.001111111111111,0.0,Ride
10519028602,Diamond honey,Run,Run,2024-01-08T11:45:42Z,8016.5,2338,2899,123.6,142.0,162.0,3.429,87.4,,,2024-01-08,8.0165,0.6494444444444445,0.12359999999999999,Run
10515114886,Afternoon Weight Training,WeightTraining,WeightTraining,2024-01-07T17:45:35Z,0.0,1914,1914,0.0,79.3,119.0,0.0,,,,2024-01-07,0.0,0.5316666666666666,0.0,WeightTraining
10507124288,Cric crac croc,NordicSki,NordicSki,2024-01-06T09:12:43Z,25025.3,6842,7015,472.9,95.7,141.0,3.658,48.7,,,2024-01-06,25.025299999999998,1.9005555555555556,0.4729,NordicSki
10500925991,C’était blood pareil,Run,Run,2024-01-05T15:34:12Z,6292.1,1864,1927,100.4,143.6,159.0,3.376,87.7,,,2024-01-05,6.2921000000000005,0.5177777777777778,0.1004,Run
10494818059,Snow mon méo,Run,Run,2024-01-04T14:55:47Z,8219.9,2562,2703,152.3,146.1,160.0,3.208,85.5,,,2024-01-04,8.219899999999999,0.7116666666666667,0.15230000000000002,Run
10492197968,Morning Yoga,Yoga,Yoga,2024-01-04T08:02:04Z,0.0,1846,1846,0.0,60.7,83.0,0.0,,,,2024-01-04,0.0,0.5127777777777778,0.0,Yoga
10487580812,Jusqu’à Myrand,Run,Run,2024-01-03T13:01:53Z,8367.9,2552,2616,27.0,145.6,158.0,3.279,85.3,,,2024-01-03,8.367899999999999,0.7088888888888889,0.027,Run
10483402062,Pas de track pas de problèmes,NordicSki,NordicSki,2024-01-02T10:08:34Z,23449.1,6634,7775,468.6,129.3,150.0,3.535,54.0,,,2024-01-02,23.449099999999998,1.8427777777777778,0.4686,NordicSki
10469908254,Pit stop,Run,Run,2023-12-31T12:52:30Z,6210.2,1816,1857,61.4,139.8,153.0,3.42,86.1,,,2023-12-31,6.2101999999999995,0.5044444444444445,0.061399999999999996,Run
10464724241,À la pointe avec flof,Run,Run,2023-12-30T16:02:24Z,10635.7,3034,3101,2.5,148.1,182.0,3.506,87.1,,,2023-12-30,10.6357,0.8427777777777777,0.0025,Run
10450611004,Entre buck,Run,Run,2023-12-28T08:23:24Z,7188.8,2300,2328,108.2,130.9,153.0,3.126,84.4,,,2023-12-28,7.1888000000000005,0.6388888888888888,0.1082,Run
10446961740,Afternoon Ride,Ride,Ride,2023-12-27T14:19:57Z,0.0,3694,3694,0.0,127.6,161.0,0.0,,,,2023-12-27,0.0,1.0261111111111112,0.0,Ride
10439250833,Le tour du terrain,Run,Run,2023-12-26T08:02:03Z,7040.6,2148,2202,66.3,129.7,139.0,3.278,86.3,,,2023-12-26,7.0406,0.5966666666666667,0.0663,Run
10430489411,Morning Weight Training,WeightTraining,WeightTraining,2023-12-24T09:13:32Z,0.0,1301,1301,0.0,72.8,104.0,0.0,,,,2023-12-24,0.0,0.36138888888888887,0.0,WeightTraining
10421669695,Afternoon Run,Run,Run,2023-12-22T14:11:17Z,24575.4,7226,8377,92.7,157.2,185.0,3.401,84.9,,,2023-12-22,24.575400000000002,2.007222222222222,0.0927,Run
10421666566,Morning Ride,Ride,Ride,2023-12-22T10:12:17Z,0.0,11052,11052,0.0,133.3,154.0,0.0,,,,2023-12-22,0.0,3.07,0.0,Ride
10421665317,Morning Swim,Swim,Swim,2023-12-22T08:15:19Z,4000.0,3472,4718,0.0,126.3,161.0,1.152,,,,2023-12-22,4.0,0.9644444444444444,0.0,Swim
10416399136,Tout pour le bagel,Run,Run,2023-12-21T12:57:08Z,7454.1,2371,3435,94.4,148.8,163.0,3.144,85.5,,,2023-12-21,7.4541,0.6586111111111111,0.09440000000000001,Run
10406448559,Afternoon Run,Run,Run,2023-12-19T17:15:51Z,6018.9,1840,1841,122.5,164.1,181.0,3.271,83.9,,,2023-12-19,6.0188999999999995,0.5111111111111111,0.1225,Run
10394421493,Just scratching the surface,Run,Run,2023-12-17T12:45:08Z,10074.6,2859,3002,92.5,138.5,157.0,3.524,85.7,,,2023-12-17,10.0746,0.7941666666666667,0.0925,Run
10391149426,NightAttack Flumsberg,BackcountrySki,BackcountrySki,2023-12-16T17:59:57Z,4314.2,2682,2682,685.9,83.1,103.0,1.609,50.1,,,2023-12-16,4.3142,0.745,0.6859,BackcountrySki
10382402157,Morning Swim,Swim,Swim,2023-12-15T06:11:16Z,2950.0,2412,2432,0.0,147.4,172.0,1.223,,,,2023-12-15,2.95,0.67,0.0,Swim
10380029863,Mix and match,Run,Run,2023-12-14T17:21:51Z,14274.0,4263,4383,310.2,150.4,173.0,3.348,84.0,,,2023-12-14,14.274,1.1841666666666666,0.3102,Run
10376247814,Grimpe,RockClimbing,RockClimbing,2023-12-13T13:05:43Z,0.0,7200,7200,0.0,,,0.0,,,,2023-12-13,0.0,2.0,0.0,RockClimbing
10369445105,A2,Run,Run,2023-12-12T15:17:13Z,7114.0,1991,2085,138.0,137.1,151.0,3.573,87.1,,,2023-12-12,7.114,0.5530555555555555,0.138,Run
10364493917,Evening Weight Training,WeightTraining,WeightTraining,2023-12-11T18:32:59Z,0.0,1816,1816,0.0,69.7,92.0,0.0,,,,2023-12-11,0.0,0.5044444444444445,0.0,WeightTraining
10358686204,Vue printanière,Run,Run,2023-12-10T13:58:53Z,12023.7,3516,3616,169.4,138.2,157.0,3.42,87.4,,,2023-12-10,12.023700000000002,0.9766666666666667,0.1694,Run
10353175117,Rossstock avant le vortex,BackcountrySki,BackcountrySki,2023-12-09T10:16:09Z,8295.9,6491,15139,682.0,99.6,131.0,1.278,50.8,,,2023-12-09,8.2959,1.8030555555555556,0.682,BackcountrySki
10346249017,Morning Swim,Swim,Swim,2023-12-08T06:30:46Z,2850.0,2225,2438,0.0,138.6,172.0,1.281,,,,2023-12-08,2.85,0.6180555555555556,0.0,Swim
10343797527,Une fois en collant,Run,Run,2023-12-07T17:05:15Z,14112.2,3883,4029,224.0,137.9,157.0,3.634,86.3,,,2023-12-07,14.112200000000001,1.0786111111111112,0.224,Run
10330407455,Vater Lelièvre,Run,Run,2023-12-05T06:27:45Z,10087.4,2935,3036,61.4,132.6,152.0,3.437,86.3,,,2023-12-05,10.087399999999999,0.8152777777777778,0.061399999999999996,Run
10323399021,Lekker,BackcountrySki,BackcountrySki,2023-12-03T09:18:39Z,20137.2,18733,30731,1741.0,93.6,126.0,1.075,58.3,,,2023-12-03,20.1372,5.203611111111111,1.741,BackcountrySki
10316911616,C’est de l’ambiance tout ça,Run,Run,2023-12-02T15:05:56Z,12379.3,4066,4347,279.7,138.9,165.0,3.045,81.7,,,2023-12-02,12.379299999999999,1.1294444444444445,0.2797,Run
10309707657,Morning Swim,Swim,Swim,2023-12-01T06:39:27Z,2450.0,2461,2543,0.0,148.9,182.0,0.996,,,,2023-12-01,2.45,0.6836111111111111,0.0,Swim
10307372057,Jmenquai de grip,Run,Run,2023-11-30T18:13:26Z,11613.6,3447,3458,368.2,144.6,168.0,3.369,84.0,,,2023-11-30,11.6136,0.9575,0.36819999999999997,Run
10295889114,Décoinceur,Run,Run,2023-11-28T16:18:37Z,10068.3,3045,3087,311.5,152.1,171.0,3.307,84.2,,,2023-11-28,10.068299999999999,0.8458333333333333,0.3115,Run
10290962647,Evening Weight Training,WeightTraining,WeightTraining,2023-11-27T18:15:36Z,0.0,2111,2111,0.0,73.1,123.0,0.0,,,,2023-11-27,0.0,0.5863888888888888,0.0,WeightTraining
10285623597,Premier skitour,BackcountrySki,BackcountrySki,2023-11-26T09:25:21Z,19115.0,13234,24593,1294.5,100.4,127.0,1.444,55.9,,,2023-11-26,19.115,3.676111111111111,1.2945,BackcountrySki
10279187474,Rattrapage,Run,Run,2023-11-25T14:31:45Z,10269.6,3000,3116,150.6,149.2,167.0,3.423,87.1,,,2023-11-25,10.2696,0.8333333333333334,0.15059999999999998,Run
10269578347,After Moon Run,Run,Run,2023-11-23T17:28:38Z,14017.2,3573,3821,39.8,149.0,178.0,3.923,88.0,,,2023-11-23,14.0172,0.9925,0.039799999999999995,Run
10263681761,Afternoon Weight Training,WeightTraining,WeightTraining,2023-11-22T17:58:45Z,0.0,1871,1871,0.0,79.2,110.0,0.0,,,,2023-11-22,0.0,0.5197222222222222,0.0,WeightTraining
10263430071,Mr. Hertz,Run,Run,2023-11-22T17:12:47Z,6378.1,1826,1941,127.8,144.7,167.0,3.493,91.7,,,2023-11-22,6.378100000000001,0.5072222222222222,0.1278,Run
10257549670,Inscape,Run,Run,2023-11-21T16:42:37Z,9604.6,2998,3003,402.3,146.1,178.0,3.204,84.9,,,2023-11-21,9.6046,0.8327777777777777,0.4023,Run
10244331812,Lunch Weight Training,WeightTraining,WeightTraining,2023-11-19T11:07:13Z,0.0,1873,1873,0.0,82.8,117.0,0.0,,,,2023-11-19,0.0,0.5202777777777777,0.0,WeightTraining
10244056842,Morning Run,Run,Run,2023-11-19T10:33:28Z,5023.3,1495,1571,58.0,127.7,147.0,3.36,85.1,,,2023-11-19,5.0233,0.4152777777777778,0.058,Run
10244056827,Morning Run,Run,Run,2023-11-19T10:19:33Z,1160.6,375,626,36.3,119.6,138.0,3.095,88.5,,,2023-11-19,1.1605999999999999,0.10416666666666667,0.0363,Run
10237916847,Vertical dans plusieurs domaines,Run,Run,2023-11-18T07:23:00Z,20432.1,8372,10127,1247.5,128.8,179.0,2.441,74.9,,,2023-11-18,20.4321,2.3255555555555554,1.2475,Run
10232298962,Morning Swim,Swim,Swim,2023-11-17T06:13:29Z,3050.0,2777,2909,0.0,146.6,186.0,1.098,,,,2023-11-17,3.05,0.7713888888888889,0.0,Swim
10227002783,Jeudi verti,Run,Run,2023-11-16T07:09:37Z,10100.3,3053,3084,318.6,140.1,161.0,3.308,84.0,,,2023-11-16,10.100299999999999,0.8480555555555556,0.31860000000000005,Run
10221325327,Aweille le ptit Huberman,Run,Run,2023-11-15T08:51:15Z,8483.4,2703,2777,381.2,141.4,168.0,3.139,85.4,,,2023-11-15,8.4834,0.7508333333333334,0.3812,Run
10212129308,Direct dedans,Run,Run,2023-11-13T17:37:40Z,10218.3,2741,2861,109.7,144.6,171.0,3.728,87.6,,,2023-11-13,10.2183,0.7613888888888889,0.1097,Run
10205673787,Afternoon Weight Training,WeightTraining,WeightTraining,2023-11-12T13:04:42Z,0.0,1805,1805,0.0,84.5,110.0,0.0,,,,2023-11-12,0.0,0.5013888888888889,0.0,WeightTraining
10205091584,J’ai pu de linge sec,Run,Run,2023-11-12T12:07:16Z,10343.5,2724,2724,72.6,154.5,168.0,3.797,87.3,,,2023-11-12,10.3435,0.7566666666666667,0.0726,Run
10200664870,Cozy 😎,Ride,Ride,2023-11-11T12:51:51Z,92554.9,13382,14103,1071.7,127.2,170.0,6.916,,124.5,1666.3,2023-11-11,92.55489999999999,3.7172222222222224,1.0717,Ride
10192154893,Morning Swim,Swim,Swim,2023-11-10T06:15:28Z,2850.0,2541,2759,0.0,158.1,202.0,1.122,,,,2023-11-10,2.85,0.7058333333333333,0.0,Swim
10190198570,Dirac ou ricker?,Run,Run,2023-11-09T17:44:50Z,13717.6,3830,3890,260.4,149.2,167.0,3.582,85.6,,,2023-11-09,13.717600000000001,1.0638888888888889,0.26039999999999996,Run
10190195894,Evening Weight Training,WeightTraining,WeightTraining,2023-11-08T18:54:48Z,0.0,2110,2110,0.0,71.0,107.0,0.0,,,,2023-11-08,0.0,0.5861111111111111,0.0,WeightTraining
10163706195,Lunch Weight Training,WeightTraining,WeightTraining,2023-11-05T11:40:23Z,0.0,1972,1972,0.0,88.1,119.0,0.0,,,,2023-11-05,0.0,0.5477777777777778,0.0,WeightTraining
10163292010,RPM,Run,Run,2023-11-05T10:09:41Z,16019.1,4461,4501,199.6,159.3,187.0,3.591,88.9,,,2023-11-05,16.0191,1.2391666666666667,0.1996,Run
10157868176,Les murailles,Run,Run,2023-11-04T10:20:10Z,15335.9,5700,6866,568.7,134.3,157.0,2.691,82.1,,,2023-11-04,15.335899999999999,1.5833333333333333,0.5687000000000001,Run
10149122433,Dans l’mur,Run,Run,2023-11-02T18:32:30Z,10643.9,2875,3490,44.8,138.6,161.0,3.702,84.6,,,2023-11-02,10.6439,0.7986111111111112,0.0448,Run
10140238211,Morning Swim,Swim,Swim,2023-11-01T07:00:00Z,2000.0,2400,2400,0.0,,,0.833,,,,2023-11-01,2.0,0.6666666666666666,0.0,Swim
10137182417,Comme sul loup,Run,Run,2023-10-31T17:05:31Z,9170.2,2727,3001,150.1,136.8,163.0,3.363,81.4,,,2023-10-31,9.170200000000001,0.7575,0.15009999999999998,Run
10128875609,Morning Swim,Swim,Swim,2023-10-30T07:04:10Z,2950.0,2494,2601,0.0,142.9,187.0,1.183,,,,2023-10-30,2.95,0.6927777777777778,0.0,Swim
10124933485,Bonne ventilation,Walk,Walk,2023-10-29T07:28:23Z,13193.3,9452,13963,475.9,88.8,137.0,1.396,64.7,,,2023-10-29,13.193299999999999,2.6255555555555556,0.4759,Walk
10124899130,Impro-camping ⛺️,Walk,Walk,2023-10-28T14:48:47Z,7357.7,7290,8984,836.1,93.3,138.0,1.009,57.8,,,2023-10-28,7.3576999999999995,2.025,0.8361000000000001,Walk
10108975262,Inspiré par les norvégiens,Run,Run,2023-10-26T18:07:13Z,10016.9,2977,3068,230.1,140.3,161.0,3.365,81.2,,,2023-10-26,10.0169,0.8269444444444445,0.2301,Run
10108972925,Evening Weight Training,WeightTraining,WeightTraining,2023-10-25T20:08:39Z,0.0,1891,1891,0.0,69.4,106.0,0.0,,,,2023-10-25,0.0,0.5252777777777777,0.0,WeightTraining
10100097219,No questions asked,Swim,Swim,2023-10-25T06:33:27Z,2800.0,2405,2585,0.0,139.6,181.0,1.164,,,,2023-10-25,2.8,0.6680555555555555,0.0,Swim
10084016463,Keeping it cool on spicy ridge,TrailRun,Run,2023-10-22T09:01:44Z,27102.9,15735,17484,2286.7,118.0,180.0,1.722,71.7,,,2023-10-22,27.1029,4.370833333333334,2.2866999999999997,TrailRun
10083998457,Afternoon Yoga,Yoga,Yoga,2023-10-21T17:33:32Z,0.0,1946,1946,0.0,56.3,77.0,0.0,,,,2023-10-21,0.0,0.5405555555555556,0.0,Yoga
10068266347,Evening Run,Run,Run,2023-10-19T18:58:13Z,6117.4,1704,1704,28.0,143.1,162.0,3.59,83.1,,,2023-10-19,6.1174,0.47333333333333333,0.028,Run
10062635411,Convaincu,Run,Run,2023-10-18T19:05:42Z,5216.6,1739,1751,78.2,134.7,153.0,3.0,80.7,,,2023-10-18,5.216600000000001,0.48305555555555557,0.0782,Run
10055710287,Café boisé,Run,Run,2023-10-17T17:04:37Z,8247.3,2704,2723,385.1,131.9,167.0,3.05,80.5,,,2023-10-17,8.2473,0.7511111111111111,0.3851,Run
10043966497,Fermeture de cabane ☕️,Hike,Hike,2023-10-15T09:45:54Z,25006.8,15544,23328,1300.9,106.8,157.0,1.609,69.3,,,2023-10-15,25.0068,4.317777777777778,1.3009000000000002,Hike
10036536069,Les 3 côtes en mode 🐟,Ride,Ride,2023-10-14T11:52:15Z,63171.3,8644,9066,995.8,112.5,146.0,7.308,,150.5,1300.8,2023-10-14,63.1713,2.401111111111111,0.9957999999999999,Ride
10023204186,Classique combo,Run,Run,2023-10-12T07:36:49Z,6030.3,1870,1885,17.8,124.8,146.0,3.225,82.1,,,2023-10-12,6.0303,0.5194444444444445,0.0178,Run
10020844017,Orthogonal to what?,Ride,Ride,2023-10-11T17:24:12Z,26839.4,3831,3931,459.5,116.5,172.0,7.006,,145.1,555.8,2023-10-11,26.8394,1.0641666666666667,0.4595,Ride
10010276559,Comme un lundi,Run,Run,2023-10-10T06:41:37Z,11007.6,3398,3464,189.3,128.4,152.0,3.239,81.3,,,2023-10-10,11.0076,0.9438888888888889,0.18930000000000002,Run
9997752390,Coffee break,Run,Run,2023-10-08T08:18:00Z,13246.8,4116,4200,204.0,150.8,171.0,3.218,81.2,,,2023-10-08,13.246799999999999,1.1433333333333333,0.204,Run
9982370501,Un autre tour pour le fils de l’amour,Ride,Ride,2023-10-05T17:06:17Z,20839.9,2907,2986,280.8,117.9,134.0,7.169,,139.4,405.2,2023-10-05,20.8399,0.8075,0.2808,Ride
9976301079,Les gars aussi ça peut recevoir des fleurs,Run,Run,2023-10-04T17:48:39Z,12888.1,3642,3764,39.9,138.2,182.0,3.539,83.4,,,2023-10-04,12.8881,1.0116666666666667,0.0399,Run
9962786533,"Légende locale, lets go!",Run,Run,2023-10-02T17:17:56Z,8859.9,2910,2926,274.6,124.3,145.0,3.045,79.5,,,2023-10-02,8.8599,0.8083333333333333,0.2746,Run
9956461765,Open your eyes,Run,Run,2023-10-01T11:34:35Z,5010.1,1651,10199,62.6,116.9,145.0,3.035,82.7,,,2023-10-01,5.0101,0.45861111111111114,0.0626,Run
9950623976,Boucle verticale,Ride,Ride,2023-09-30T08:01:40Z,171309.0,27220,35676,4658.6,147.1,192.0,6.293,,162.6,4427.0,2023-09-30,171.309,7.561111111111111,4.658600000000001,Ride
9938431160,Jeudi tempo,Run,Run,2023-09-28T18:23:58Z,14311.2,3602,3891,83.3,158.7,188.0,3.973,83.2,,,2023-09-28,14.311200000000001,1.0005555555555556,0.0833,Run
9932255761,Le yeutage,Run,Run,2023-09-27T19:17:13Z,6005.7,1849,1870,122.3,134.2,159.0,3.248,82.0,,,2023-09-27,6.0057,0.5136111111111111,0.12229999999999999,Run
9911662498,ZüRides punchy climbs,Ride,Ride,2023-09-24T08:45:04Z,141882.0,19712,24164,2360.0,126.9,176.0,7.198,,162.3,3198.7,2023-09-24,141.882,5.475555555555555,2.36,Ride
9905033542,Abonnement fromage 🧀,Hike,Hike,2023-09-23T11:11:22Z,15389.5,12143,16375,1296.8,106.3,160.0,1.267,67.9,,,2023-09-23,15.3895,3.3730555555555557,1.2968,Hike
9899423126,Afternoon Run,Run,Run,2023-09-22T17:12:07Z,10035.4,3177,3200,259.8,133.2,149.0,3.159,80.9,,,2023-09-22,10.0354,0.8825,0.25980000000000003,Run
9888756179,Trotte,Run,Run,2023-09-20T16:35:54Z,8161.2,2756,2908,257.0,129.3,148.0,2.961,80.6,,,2023-09-20,8.1612,0.7655555555555555,0.257,Run
9866384363,Wildstrubel 25,TrailRun,Run,2023-09-17T09:59:57Z,25200.4,8244,8261,1137.1,172.3,189.0,3.057,78.0,,,2023-09-17,25.200400000000002,2.29,1.1371,TrailRun
9849022090,Affûtage avec flof,Run,Run,2023-09-14T18:19:39Z,8711.7,3049,3254,159.8,114.5,139.0,2.857,79.6,,,2023-09-14,8.7117,0.8469444444444445,0.1598,Run
9837390060,EEG mtb group ride,MountainBikeRide,Ride,2023-09-12T13:06:25Z,55611.1,14214,36514,1110.1,,,3.912,,98.8,1404.9,2023-09-12,55.6111,3.9483333333333333,1.1100999999999999,MountainBikeRide
9823697026,Le rêve aux bleuets,Ride,Ride,2023-09-10T18:43:44Z,35970.9,2753,2753,57.6,130.2,179.0,13.066,,142.0,391.0,2023-09-10,35.9709,0.7647222222222222,0.0576,Ride
9823694454,Brüchig qui disaient,Walk,Walk,2023-09-10T11:09:59Z,6803.0,8391,23610,781.4,95.5,138.0,0.811,59.6,,,2023-09-10,6.803,2.3308333333333335,0.7814,Walk
9823686394,Up we go,Ride,Ride,2023-09-10T07:58:47Z,35960.1,8906,9538,1849.8,124.6,152.0,4.038,,167.6,1492.2,2023-09-10,35.9601,2.473888888888889,1.8497999999999999,Ride
9803184418,Carry the form,Run,Run,2023-09-07T18:09:24Z,11083.0,3360,3681,42.4,145.4,188.0,3.299,80.7,,,2023-09-07,11.083,0.9333333333333333,0.0424,Run
9796674314,Evening Run,Run,Run,2023-09-06T18:47:18Z,9129.7,2799,2874,138.7,127.5,143.0,3.262,81.4,,,2023-09-06,9.129700000000001,0.7775,0.1387,Run
9775515608,Descendre au royaume de la meringue,Ride,Ride,2023-09-03T12:56:30Z,9570.3,924,1000,6.6,124.9,146.0,10.357,,24.4,22.5,2023-09-03,9.5703,0.25666666666666665,0.0066,Ride
9775514920,Lapin alpin,Run,Run,2023-09-03T11:46:19Z,8125.8,3506,3839,658.8,163.4,193.0,2.318,72.7,,,2023-09-03,8.1258,0.9738888888888889,0.6587999999999999,Run
9775510724,Repartir les machines,Ride,Ride,2023-09-03T09:19:35Z,12462.6,5761,8600,920.0,108.6,174.0,2.163,,118.9,685.1,2023-09-03,12.4626,1.6002777777777777,0.92,Ride
9769774116,Loop pentue entouré de géants,Ride,Ride,2023-09-02T08:59:40Z,68597.7,21601,33538,2751.0,122.2,168.0,3.176,,99.6,2152.1,2023-09-02,68.5977,6.000277777777778,2.751,Ride
9763228458,Bern Oberland kiss,Run,Run,2023-09-01T18:25:46Z,5651.6,2815,3152,271.5,100.2,130.0,2.008,75.7,,,2023-09-01,5.6516,0.7819444444444444,0.2715,Run
9756692419,Par en haut,Run,Run,2023-08-31T17:10:16Z,10378.1,3796,3871,423.6,133.0,179.0,2.734,79.2,,,2023-08-31,10.3781,1.0544444444444445,0.42360000000000003,Run
9744200147,Prime or composite…anyway,Run,Run,2023-08-29T18:35:29Z,8265.1,2806,2853,379.8,133.3,166.0,2.945,81.5,,,2023-08-29,8.2651,0.7794444444444445,0.3798,Run
9729700791,Linéaire avec la flof,Run,Run,2023-08-27T11:05:24Z,15023.4,4354,5142,119.8,140.3,177.0,3.45,83.7,,,2023-08-27,15.023399999999999,1.2094444444444445,0.1198,Run
9725667964,Schwarzhorn avec les collaborateurs 👌,Walk,Walk,2023-08-26T09:20:23Z,12598.5,14364,20909,990.7,82.0,121.0,0.877,55.6,,,2023-08-26,12.5985,3.99,0.9907,Walk
9713515159,Le speedgoat dans les rosiers,Run,Run,2023-08-24T19:01:37Z,9197.5,3187,3274,303.7,129.8,176.0,2.886,78.3,,,2023-08-24,9.1975,0.8852777777777778,0.30369999999999997,Run
9706218122,Traversée du lac Zurich,Swim,Swim,2023-08-23T16:50:41Z,1771.1,1362,1362,2.7,98.5,110.0,1.3,53.3,,,2023-08-23,1.7711,0.37833333333333335,0.0027,Swim
9706217502,Afternoon Ride,Ride,Ride,2023-08-22T17:59:23Z,19534.9,2699,4436,130.7,103.8,136.0,7.238,,112.6,304.0,2023-08-22,19.5349,0.7497222222222222,0.13069999999999998,Ride
9687150120,Pizzo Penca,TrailRun,Run,2023-08-20T07:34:32Z,23850.2,20288,23590,1395.3,124.3,188.0,1.176,61.9,,,2023-08-20,23.8502,5.635555555555555,1.3953,TrailRun
9687133179,Sommelier alpin,Walk,Walk,2023-08-19T14:39:39Z,4041.1,4644,6548,594.3,114.7,143.0,0.87,59.7,,,2023-08-19,4.0411,1.29,0.5942999999999999,Walk
9687128617,Aiguille au max,Run,Run,2023-08-19T13:51:19Z,4347.5,2561,2696,646.7,164.9,174.0,1.698,59.0,,,2023-08-19,4.3475,0.7113888888888888,0.6467,Run
9687127064,Rejoindre la compagnie par le Gotthard,Ride,Ride,2023-08-19T08:53:58Z,90316.2,14195,16318,2071.5,137.9,176.0,6.363,,153.1,2173.0,2023-08-19,90.3162,3.9430555555555555,2.0715,Ride
9667643158,Mtb urbain mit boub,Ride,Ride,2023-08-17T18:47:40Z,10825.7,2910,3124,220.3,101.3,130.0,3.72,,69.5,202.2,2023-08-17,10.825700000000001,0.8083333333333333,0.22030000000000002,Ride
9660881755,Ménage au grenier,Run,Run,2023-08-16T18:27:34Z,11518.9,3725,3871,263.6,135.3,182.0,3.092,79.9,,,2023-08-16,11.5189,1.0347222222222223,0.2636,Run
9654097388,🏊‍♂️🥊,Swim,Swim,2023-08-15T18:38:41Z,3500.0,2862,3032,0.0,114.7,141.0,1.223,,,,2023-08-15,3.5,0.795,0.0,Swim
9640406216,À 2 Haribo de la fin ,Walk,Walk,2023-08-13T08:38:28Z,20861.6,17944,26752,660.5,74.7,105.0,1.163,56.0,,,2023-08-13,20.8616,4.984444444444445,0.6605,Walk
9640392138,Ptite game de yum alpine,Walk,Walk,2023-08-12T12:31:32Z,18089.7,15948,20657,1648.2,95.0,137.0,1.134,53.6,,,2023-08-12,18.0897,4.43,1.6482,Walk
9626901844,Courant de face🤦‍♂️,Swim,Swim,2023-08-11T07:41:04Z,944.3,1611,1611,36.5,77.4,88.0,0.586,50.9,,,2023-08-11,0.9442999999999999,0.4475,0.0365,Swim
9614710772,Petits et moyens obstacles,Ride,Ride,2023-08-09T17:50:13Z,43934.0,5856,6148,370.1,117.0,164.0,7.502,,132.8,777.7,2023-08-09,43.934,1.6266666666666667,0.37010000000000004,Ride
9600857591,Pas de poule mouillée,Run,Run,2023-08-07T17:39:50Z,11918.2,3665,3754,378.2,137.0,181.0,3.252,80.8,,,2023-08-07,11.9182,1.0180555555555555,0.3782,Run
9593064970,Ils chassaient les oranges ,RockClimbing,RockClimbing,2023-08-06T11:38:58Z,0.0,6060,6060,0.0,95.8,134.0,0.0,,,,2023-08-06,0.0,1.6833333333333333,0.0,RockClimbing
9589170962,Uetliberg en samedi,Run,Run,2023-08-05T11:35:46Z,10585.0,4569,6258,459.2,126.2,153.0,2.317,78.4,,,2023-08-05,10.585,1.2691666666666668,0.4592,Run
9580562303,Allalin->Feekopf->Alphubel ,Walk,Walk,2023-08-03T07:22:57Z,10372.4,13040,28558,950.6,89.2,130.0,0.795,57.4,,,2023-08-03,10.372399999999999,3.6222222222222222,0.9506,Walk
9568886974,Alpen durst 🍹,RockClimbing,RockClimbing,2023-08-02T07:46:51Z,5152.7,6388,26752,757.9,92.2,133.0,0.807,60.6,,,2023-08-02,5.152699999999999,1.7744444444444445,0.7579,RockClimbing
9557680012,Weissmies 🤍,Hike,Hike,2023-07-31T06:11:03Z,27695.1,26016,44802,2655.7,90.4,134.0,1.065,57.2,,,2023-07-31,27.6951,7.226666666666667,2.6557,Hike
9542709815,Lunch Ride,Ride,Ride,2023-07-29T11:45:37Z,16532.0,2977,3133,88.2,118.4,159.0,5.553,,58.6,174.3,2023-07-29,16.532,0.8269444444444445,0.0882,Ride
9542708062,Saucette,Swim,Swim,2023-07-29T10:41:32Z,1450.0,1261,1564,0.0,129.2,151.0,1.15,,,,2023-07-29,1.45,0.3502777777777778,0.0,Swim
9542707370,Morning Ride,Ride,Ride,2023-07-29T09:29:56Z,15713.6,2883,3410,65.2,99.5,140.0,5.45,,55.1,158.8,2023-07-29,15.7136,0.8008333333333333,0.06520000000000001,Ride
9542705258,Morning Run,Run,Run,2023-07-28T06:41:52Z,11321.5,3908,5006,128.3,135.4,159.0,2.897,81.0,,,2023-07-28,11.3215,1.0855555555555556,0.12830000000000003,Run
9526865091,Auto-guidage,Ride,Ride,2023-07-26T18:12:09Z,43444.2,5601,5799,550.6,122.8,155.0,7.757,,155.1,868.5,2023-07-26,43.444199999999995,1.5558333333333334,0.5506,Ride
9520574699,Essayer d’allumer une clope sous la pluie,Run,Run,2023-07-25T18:00:17Z,10052.5,3069,3096,172.7,145.8,173.0,3.275,81.6,,,2023-07-25,10.0525,0.8525,0.1727,Run
9507003636,Ptit coup d’Allenmoos,Swim,Swim,2023-07-23T16:00:58Z,2350.0,2001,2354,0.0,94.0,118.0,1.174,,,,2023-07-23,2.35,0.5558333333333333,0.0,Swim
9499768190,Endu-grimpe,Run,Run,2023-07-22T11:16:15Z,17819.7,5262,7127,278.6,140.6,171.0,3.386,83.0,,,2023-07-22,17.8197,1.4616666666666667,0.2786,Run
11278306662,Evening Ride,Ride,Ride,2023-07-20T18:03:30Z,70773.7,7528,7863,1107.9,,,9.401,,283.7,2135.7,2023-07-20,70.77369999999999,2.091111111111111,1.1079,Ride
9489622651,Zürides ⚡️,Ride,Ride,2023-07-20T17:35:33Z,83913.3,9662,11003,1198.7,151.5,193.0,8.685,,244.2,2359.4,2023-07-20,83.9133,2.6838888888888888,1.1987,Ride
9482421290,Pump up session,RockClimbing,RockClimbing,2023-07-19T18:05:39Z,0.0,1987,1987,0.0,102.8,130.0,0.0,,,,2023-07-19,0.0,0.5519444444444445,0.0,RockClimbing
9475564841,Limmat wake up,Swim,Swim,2023-07-18T06:30:59Z,998.5,1839,1839,6.8,80.8,117.0,0.543,45.0,,,2023-07-18,0.9985,0.5108333333333334,0.0068,Swim
9461653637,Spin to win,Ride,Ride,2023-07-16T11:48:27Z,63209.5,8406,8740,476.1,107.7,130.0,7.52,,124.0,1042.0,2023-07-16,63.2095,2.335,0.4761,Ride
9457047295,Chemin des cols alpins (Airolo-Gspon),Walk,Walk,2023-07-10T09:20:59Z,139017.0,108247,443754,8407.0,86.2,153.0,1.284,57.7,,,2023-07-10,139.017,30.06861111111111,8.407,Walk
9403744229,🎰,Run,Run,2023-07-07T07:37:16Z,5583.7,1854,1867,18.2,141.7,152.0,3.012,81.5,,,2023-07-07,5.583699999999999,0.515,0.0182,Run
9401861959,Chef kiss sur le Bachtel,Ride,Ride,2023-07-06T18:42:49Z,81601.0,11535,12542,1293.9,129.5,187.0,7.074,,148.2,1709.9,2023-07-06,81.601,3.2041666666666666,1.2939,Ride
9394533484,Écoute passive,Run,Run,2023-07-05T19:12:02Z,5743.8,1831,1840,119.9,128.4,145.0,3.137,81.4,,,2023-07-05,5.7438,0.5086111111111111,0.1199,Run
9389179082,Evening Weight Training,RockClimbing,RockClimbing,2023-07-04T19:22:50Z,0.0,7072,7072,0.0,100.8,142.0,0.0,,,,2023-07-04,0.0,1.9644444444444444,0.0,RockClimbing
9387564366,Allez tu as le temps,Ride,Ride,2023-07-04T17:19:53Z,19543.9,2807,2865,308.6,114.9,170.0,6.963,,136.5,383.1,2023-07-04,19.5439,0.7797222222222222,0.30860000000000004,Ride
9382175047,Evening Yoga,Yoga,Yoga,2023-07-03T19:31:20Z,0.0,1833,1833,0.0,56.8,84.0,0.0,,,,2023-07-03,0.0,0.5091666666666667,0.0,Yoga
9373102047,La vue c’est du bonus,Walk,Walk,2023-07-02T09:07:35Z,5013.5,6029,8556,1094.6,87.9,111.0,0.832,60.3,,,2023-07-02,5.0135,1.6747222222222222,1.0946,Walk
9367515070,Usure dans le pré-Jura,Ride,Ride,2023-07-01T09:21:04Z,114707.0,15500,15697,1809.2,140.2,185.0,7.4,,158.2,2452.8,2023-07-01,114.707,4.305555555555555,1.8092000000000001,Ride
9357474073,Cadence drill,Ride,Ride,2023-06-29T15:24:35Z,55380.3,7204,8779,487.0,118.8,173.0,7.687,,132.3,952.8,2023-06-29,55.380300000000005,2.0011111111111113,0.487,Ride
9351161421,"1,2 avec la sœur ",Walk,Walk,2023-06-28T08:51:56Z,10308.4,10687,18484,313.6,74.8,119.0,0.965,59.2,,,2023-06-28,10.308399999999999,2.968611111111111,0.31360000000000005,Walk
9351154032,Vers leutschachhütte avec TJ,Walk,Walk,2023-06-27T14:02:27Z,5946.1,6364,8556,847.8,92.0,129.0,0.934,54.2,,,2023-06-27,5.9461,1.7677777777777777,0.8478,Walk
9331723595,La crête de Glarus,TrailRun,Run,2023-06-25T08:41:06Z,13235.1,13876,17433,1124.1,100.6,133.0,0.954,63.5,,,2023-06-25,13.235100000000001,3.8544444444444443,1.1240999999999999,TrailRun
9324499695,Bonne Saint-Jean 💙⚜️,Ride,Ride,2023-06-24T10:08:13Z,66264.2,9232,9513,1293.4,129.3,186.0,7.178,,161.6,1492.3,2023-06-24,66.2642,2.5644444444444443,1.2934,Ride
9319248479,EEG retreat,Walk,Walk,2023-06-22T08:26:39Z,11374.8,13323,20974,837.3,91.8,135.0,0.854,58.1,,,2023-06-22,11.374799999999999,3.700833333333333,0.8372999999999999,Walk
9310405803,HM pace,TrailRun,Run,2023-06-21T11:01:30Z,3781.7,2273,2897,359.7,122.2,137.0,1.664,67.1,,,2023-06-21,3.7817,0.6313888888888889,0.35969999999999996,TrailRun
9305323053,Limmat-clope,Swim,Swim,2023-06-21T06:57:45Z,1180.6,1321,1321,0.0,84.1,93.0,0.894,47.8,,,2023-06-21,1.1805999999999999,0.36694444444444446,0.0,Swim
9302387052,Convection appréciée ,Ride,Ride,2023-06-20T18:17:04Z,29459.8,3926,4099,242.6,111.1,138.0,7.504,,126.3,495.7,2023-06-20,29.459799999999998,1.0905555555555555,0.24259999999999998,Ride
9289701215,J’ai retrouvé l’autre moitié❤️,TrailRun,Run,2023-06-18T08:33:59Z,20146.6,15072,18307,1560.8,105.4,128.0,1.337,61.6,,,2023-06-18,20.1466,4.1866666666666665,1.5608,TrailRun
9284067845,De l’or en barre ,Ride,Ride,2023-06-17T18:12:06Z,26865.7,3726,3939,403.9,116.5,160.0,7.21,,143.8,535.8,2023-06-17,26.8657,1.035,0.4039,Ride
9272369570,Zürides jeudredi,Ride,Ride,2023-06-15T17:39:57Z,73703.0,9353,12263,883.8,127.5,191.0,7.88,,165.0,1543.4,2023-06-15,73.703,2.5980555555555553,0.8837999999999999,Ride
9262186669,Loup de mer,Swim,Swim,2023-06-14T07:43:30Z,1580.5,1221,1221,71.8,52.4,72.0,1.294,45.8,,,2023-06-14,1.5805,0.33916666666666667,0.0718,Swim
9252144255,Afternoon Run,Run,Run,2023-06-12T17:47:55Z,5151.6,1691,1722,100.5,120.6,146.0,3.046,81.5,,,2023-06-12,5.1516,0.4697222222222222,0.1005,Run
9238710197,"Grande visite, grand tour",Ride,Ride,2023-06-10T09:06:13Z,127510.0,18058,21206,1763.8,125.4,166.0,7.061,,141.8,2560.3,2023-06-10,127.51,5.016111111111111,1.7638,Ride
9218281593,Trempette ,Run,Run,2023-06-07T06:59:02Z,10521.0,3171,4082,14.6,137.0,153.0,3.318,82.4,,,2023-06-07,10.521,0.8808333333333334,0.0146,Run
9233536331,Morning Ride,Ride,Ride,2023-06-04T09:00:16Z,103175.0,13395,15300,1477.3,,,7.703,,162.4,2175.7,2023-06-04,103.175,3.720833333333333,1.4773,Ride
9200293957,Tortuosité ,Ride,Ride,2023-06-04T08:31:08Z,110074.0,14202,16783,1537.7,136.1,179.0,7.751,,163.3,2319.3,2023-06-04,110.074,3.945,1.5377,Ride
9195859315,Le petit coup de pied,Ride,Ride,2023-06-03T17:30:02Z,35278.0,4418,4525,262.7,117.6,149.0,7.985,,140.0,618.6,2023-06-03,35.278,1.2272222222222222,0.2627,Ride
9186453402,Course-baignade ,Run,Run,2023-06-02T07:33:40Z,6113.5,1976,1993,12.9,137.7,149.0,3.094,82.2,,,2023-06-02,6.1135,0.5488888888888889,0.0129,Run
9169921012,Ça brasse à oerlikon,Run,Run,2023-05-30T17:26:47Z,4061.6,1267,1454,66.0,118.2,135.0,3.206,80.9,,,2023-05-30,4.0616,0.35194444444444445,0.066,Run
9161027898,Brunch,Ride,Ride,2023-05-29T08:34:20Z,41021.2,5241,5310,240.5,112.6,127.0,7.827,,125.4,657.3,2023-05-29,41.0212,1.4558333333333333,0.2405,Ride
9151768488,In the dutch train,Ride,Ride,2023-05-27T10:08:57Z,152379.0,21203,32794,3302.6,143.8,197.0,7.187,,171.4,3634.8,2023-05-27,152.379,5.889722222222222,3.3026,Ride
9136866666,Dj Stub,Run,Run,2023-05-25T11:38:19Z,6088.0,1734,1783,61.7,139.0,154.0,3.511,83.5,,,2023-05-25,6.088,0.4816666666666667,0.061700000000000005,Run
9135751742,Evening Ride,Ride,Ride,2023-05-24T18:06:17Z,17563.8,2668,2742,365.4,113.2,137.0,6.583,,162.8,434.2,2023-05-24,17.5638,0.7411111111111112,0.3654,Ride
9126505618,Pilote auto,Run,Run,2023-05-23T18:06:28Z,7075.1,2232,2330,137.5,122.4,144.0,3.17,80.7,,,2023-05-23,7.0751,0.62,0.1375,Run
9121160858,Poisson-volant,Ride,Ride,2023-05-22T17:46:54Z,40027.6,5326,5343,255.7,114.7,142.0,7.516,,127.3,677.9,2023-05-22,40.0276,1.4794444444444443,0.2557,Ride
9113388461,Slush puppy,Hike,Hike,2023-05-21T07:12:17Z,10812.8,12484,21031,1122.7,91.5,117.0,0.866,57.7,,,2023-05-21,10.8128,3.4677777777777776,1.1227,Hike
9113376042,Le tour des indécis ,Hike,Hike,2023-05-20T13:10:30Z,8433.4,9222,14025,412.9,89.0,119.0,0.914,54.1,,,2023-05-20,8.433399999999999,2.5616666666666665,0.4129,Hike
9094346246,ZüRides,Ride,Ride,2023-05-18T08:42:06Z,161521.0,20210,26331,2613.6,128.9,183.0,7.992,,196.4,3969.7,2023-05-18,161.521,5.613888888888889,2.6136,Ride
9076433088,WU Supermarkt ,Run,Run,2023-05-15T17:47:58Z,10106.2,2554,2607,70.1,146.6,171.0,3.957,83.9,,,2023-05-15,10.106200000000001,0.7094444444444444,0.0701,Run
9069745979,Récup parapapapam,Ride,Ride,2023-05-14T13:17:39Z,27177.3,3735,4013,336.6,105.8,131.0,7.276,,139.1,519.6,2023-05-14,27.1773,1.0375,0.3366,Ride
9064512195,Afternoon Run,Run,Run,2023-05-13T17:11:19Z,3474.6,1161,1161,74.0,152.3,164.0,2.993,82.5,,,2023-05-13,3.4745999999999997,0.3225,0.074,Run
9064511350,PhD retreat up the hill,Run,Run,2023-05-13T13:14:57Z,9523.1,4148,5816,525.8,134.3,171.0,2.296,76.7,,,2023-05-13,9.523100000000001,1.1522222222222223,0.5257999999999999,Run
9055910732,Wake up in the fog,Run,Run,2023-05-12T07:03:41Z,7936.8,2941,3320,146.5,136.4,153.0,2.699,79.7,,,2023-05-12,7.9368,0.8169444444444445,0.1465,Run
9047470051,Tigra up the telegraph road,Ride,Ride,2023-05-10T18:41:36Z,17647.1,3221,3271,281.7,110.0,141.0,5.479,,97.6,314.3,2023-05-10,17.6471,0.8947222222222222,0.2817,Ride
9040537304,Par 1,Run,Run,2023-05-09T17:59:14Z,7020.6,2073,2107,137.1,143.1,163.0,3.387,82.4,,,2023-05-09,7.0206,0.5758333333333333,0.1371,Run
9035783973,Avec le grand dutch,Ride,Ride,2023-05-08T18:21:32Z,52381.8,7475,8001,765.1,125.5,180.0,7.008,,131.3,981.6,2023-05-08,52.381800000000005,2.076388888888889,0.7651,Ride
9029517764,Evening Weight Training,WeightTraining,WeightTraining,2023-05-07T19:07:57Z,0.0,1901,1901,0.0,112.8,139.0,0.0,,,,2023-05-07,0.0,0.5280555555555555,0.0,WeightTraining
9019949320,SOLA Strecke 6,Run,Run,2023-05-06T11:15:23Z,10266.0,2427,2430,213.4,178.8,194.0,4.23,84.2,,,2023-05-06,10.266,0.6741666666666667,0.2134,Run
9010531736,Direct dans les mirettes,Run,Run,2023-05-04T18:46:27Z,7760.4,2402,2595,130.2,122.8,147.0,3.231,82.0,,,2023-05-04,7.7604,0.6672222222222223,0.13019999999999998,Run
9004074258,Un tigra sunrise bitte,Ride,Ride,2023-05-03T18:27:17Z,12389.1,2503,2669,229.6,118.9,146.0,4.95,,91.0,227.8,2023-05-03,12.389100000000001,0.6952777777777778,0.2296,Ride
8998501453,Partie en fumée,Run,Run,2023-05-02T18:08:52Z,7357.6,2403,2570,159.7,151.7,172.0,3.062,81.5,,,2023-05-02,7.357600000000001,0.6675,0.15969999999999998,Run
8991257521,Afternoon Yoga,Yoga,Yoga,2023-05-01T16:18:50Z,0.0,4058,4058,0.0,61.4,85.0,0.0,,,,2023-05-01,0.0,1.1272222222222221,0.0,Yoga
8983898903,Flower child after all,Ride,Ride,2023-04-30T07:51:03Z,155252.0,21718,24760,1629.1,133.4,177.0,7.149,,119.2,2588.9,2023-04-30,155.252,6.032777777777778,1.6291,Ride
8978968067,Impro sur la 9,Ride,Ride,2023-04-29T12:20:54Z,129506.0,18040,20323,1221.7,124.1,168.0,7.179,,131.4,2371.0,2023-04-29,129.506,5.011111111111111,1.2217,Ride
8967616537,Brise d’été,Run,Run,2023-04-27T18:22:36Z,9508.6,2943,3024,169.4,134.5,158.0,3.231,81.5,,,2023-04-27,9.5086,0.8175,0.1694,Run
8961947002,Dérivée seconde et autres,Run,Run,2023-04-26T19:03:59Z,10129.0,3146,3293,258.0,154.5,174.0,3.22,81.6,,,2023-04-26,10.129,0.8738888888888889,0.258,Run
8955640119,Muscu,WeightTraining,WeightTraining,2023-04-25T12:29:00Z,0.0,1800,1800,0.0,,,0.0,,,,2023-04-25,0.0,0.5,0.0,WeightTraining
8949277206,Repartir la machine,Run,Run,2023-04-24T17:56:35Z,7826.8,2422,2492,175.6,143.8,165.0,3.232,82.1,,,2023-04-24,7.8268,0.6727777777777778,0.1756,Run
8938489460,3:3 Ski -> vélo,Ride,Ride,2023-04-22T16:25:16Z,72292.7,11181,14910,399.1,134.2,166.0,6.466,,76.8,859.0,2023-04-22,72.2927,3.1058333333333334,0.3991,Ride
8938483509,2:3 Chaiserstock bien réchauffé ,BackcountrySki,BackcountrySki,2023-04-22T08:56:09Z,11699.5,11653,23554,1152.2,106.3,150.0,1.004,52.8,,,2023-04-22,11.6995,3.2369444444444446,1.1522000000000001,BackcountrySki
8938477032,1:3 Vélo -> ski,Ride,Ride,2023-04-22T03:40:15Z,73628.8,13318,16272,1174.4,122.8,169.0,5.529,,113.4,1509.7,2023-04-22,73.6288,3.6994444444444445,1.1744,Ride
8926303611,Sola recon,Run,Run,2023-04-20T18:50:02Z,11728.2,3312,3639,222.0,144.7,169.0,3.541,82.6,,,2023-04-20,11.728200000000001,0.92,0.222,Run
8920190590,Ptite passe de roche,Ride,Ride,2023-04-19T18:02:19Z,27858.5,4180,4585,374.2,112.8,144.0,6.665,,126.1,527.1,2023-04-19,27.8585,1.1611111111111112,0.3742,Ride
8914034911,Enlever les multiples ,Run,Run,2023-04-18T18:19:12Z,11194.3,3194,4084,189.0,139.5,171.0,3.505,82.5,,,2023-04-18,11.1943,0.8872222222222222,0.189,Run
8892486293,Taquiner le Pilatus avant les commissions,Run,Run,2023-04-15T07:13:31Z,13643.8,5261,5712,971.8,128.9,157.0,2.593,78.1,,,2023-04-15,13.643799999999999,1.4613888888888888,0.9718,Run
8890047879,Se réchauffer pour le Lidl,Run,Run,2023-04-14T18:00:32Z,7076.1,2145,2271,144.8,143.0,163.0,3.299,81.0,,,2023-04-14,7.0761,0.5958333333333333,0.1448,Run
8876723085,Radar météo ,Run,Run,2023-04-12T11:13:51Z,10536.3,2826,2910,68.5,148.8,169.0,3.728,82.0,,,2023-04-12,10.536299999999999,0.785,0.0685,Run
9091985138,Afternoon Ride,Ride,Ride,2023-04-10T14:56:43Z,54504.1,7329,7963,635.2,,,7.437,,136.7,1001.7,2023-04-10,54.5041,2.035833333333333,0.6352000000000001,Ride
8866687246,Jusqu’au Rhône,Ride,Ride,2023-04-10T14:56:08Z,63605.8,8631,9226,710.6,121.2,155.0,7.369,,135.0,1165.2,2023-04-10,63.6058,2.3975,0.7106,Ride
8860801690,Zinal-Zermatt jour 2: RIP toblerone,BackcountrySki,BackcountrySki,2023-04-09T06:55:17Z,20627.4,12532,26710,1020.3,95.3,119.0,1.646,64.1,,,2023-04-09,20.6274,3.4811111111111113,1.0203,BackcountrySki
8860761354,Zinal-Zermatt jour 1: le jass,BackcountrySki,BackcountrySki,2023-04-08T08:15:49Z,11942.8,13370,15956,1254.8,97.5,122.0,0.893,64.4,,,2023-04-08,11.9428,3.713888888888889,1.2548,BackcountrySki
8847793060,Afternoon Run,Run,Run,2023-04-07T14:38:18Z,6142.7,1805,1822,119.0,154.6,174.0,3.403,82.0,,,2023-04-07,6.1427,0.5013888888888889,0.119,Run
8843939663,Smart le pedro,Ride,Ride,2023-04-06T18:29:03Z,23751.0,3697,6130,139.8,120.3,143.0,6.424,,101.2,374.2,2023-04-06,23.751,1.0269444444444444,0.1398,Ride
8838228135,Piano piano,Run,Run,2023-04-05T18:59:10Z,9113.8,2414,2500,60.8,150.6,173.0,3.775,82.8,,,2023-04-05,9.1138,0.6705555555555556,0.0608,Run
8829826103,🆙 avec coach,Run,Run,2023-04-04T12:27:22Z,5070.2,1794,1818,202.6,128.2,148.0,2.826,80.7,,,2023-04-04,5.0702,0.49833333333333335,0.2026,Run
8820059330,C’est pas 2-3 flats qui va m’arrêter ,Ride,Ride,2023-04-02T12:55:31Z,90125.6,13616,14209,1788.9,127.0,174.0,6.619,,147.8,2012.5,2023-04-02,90.1256,3.7822222222222224,1.7889000000000002,Ride
8814131025,Afternoon Weight Training,WeightTraining,WeightTraining,2023-04-01T17:18:01Z,0.0,1912,1912,0.0,111.4,139.0,0.0,,,,2023-04-01,0.0,0.5311111111111111,0.0,WeightTraining
8809259057,"Après la pluie, le beau temps",Run,Run,2023-03-31T18:58:48Z,9430.5,2723,3483,147.8,135.0,151.0,3.463,82.1,,,2023-03-31,9.4305,0.7563888888888889,0.14780000000000001,Run
8804049507,Bécik à bras,Ride,Ride,2023-03-30T17:57:39Z,31486.9,4428,5036,259.4,116.7,151.0,7.111,,122.7,543.5,2023-03-30,31.486900000000002,1.23,0.25939999999999996,Ride
8792822902,Evening Ride,Ride,Ride,2023-03-28T18:10:01Z,24893.3,3666,5047,241.6,116.0,139.0,6.79,,117.1,429.4,2023-03-28,24.8933,1.0183333333333333,0.24159999999999998,Ride
8787354775,Evening Yoga,Yoga,Yoga,2023-03-27T19:22:56Z,0.0,2793,2793,0.0,68.2,90.0,0.0,,,,2023-03-27,0.0,0.7758333333333334,0.0,Yoga
8778729474,Mission solo au Rigi,TrailRun,Run,2023-03-26T08:27:42Z,18684.2,7429,8565,1254.9,133.6,172.0,2.515,74.9,,,2023-03-26,18.6842,2.0636111111111113,1.2549000000000001,TrailRun
8774486966,Faire le métier dans les alpes zurichoise,Ride,Ride,2023-03-25T11:13:50Z,53928.8,8280,10699,1007.0,,,6.513,,143.1,1184.6,2023-03-25,53.9288,2.3,1.007,Ride
8776387423,Lunch Ride,Ride,Ride,2023-03-25T11:13:00Z,47465.6,7208,9557,958.7,133.6,170.0,6.585,,150.2,1082.5,2023-03-25,47.4656,2.002222222222222,0.9587,Ride
8770811024,Tranquille niveau mouche ,Run,Run,2023-03-24T18:51:02Z,8476.7,2456,2730,82.6,147.8,165.0,3.451,80.9,,,2023-03-24,8.476700000000001,0.6822222222222222,0.08259999999999999,Run
8759623875,Track sesh,Run,Run,2023-03-22T18:24:24Z,10450.8,2905,3279,88.2,138.0,157.0,3.598,82.8,,,2023-03-22,10.4508,0.8069444444444445,0.0882,Run
8753982634,Cul-de-sac ou quoi,Run,Run,2023-03-21T19:33:04Z,5689.9,1871,1915,134.1,137.3,160.0,3.041,79.8,,,2023-03-21,5.6899,0.5197222222222222,0.1341,Run
8740405451,Qwick-qwick,Ride,Ride,2023-03-19T10:16:41Z,55055.8,7706,8441,477.9,116.2,147.0,7.145,,122.1,940.8,2023-03-19,55.055800000000005,2.1405555555555558,0.4779,Ride
8735430391,Euro-style,BackcountrySki,BackcountrySki,2023-03-18T08:11:51Z,23338.9,17332,26934,1614.5,103.8,147.0,1.347,60.3,,,2023-03-18,23.338900000000002,4.814444444444445,1.6145,BackcountrySki
8727694185,Rise and shine,Run,Run,2023-03-17T05:58:47Z,7280.1,2325,2351,143.6,137.0,155.0,3.131,81.2,,,2023-03-17,7.2801,0.6458333333333334,0.1436,Run
8725210066,"L’aigle me surveillait, j’ai viré de bord",Ride,Ride,2023-03-16T17:29:35Z,28774.9,4010,4499,293.1,118.5,136.0,7.176,,129.9,521.0,2023-03-16,28.774900000000002,1.113888888888889,0.2931,Ride
8719976255,Evening Yoga,Yoga,Yoga,2023-03-15T18:58:44Z,0.0,2483,2483,0.0,55.1,81.0,0.0,,,,2023-03-15,0.0,0.6897222222222222,0.0,Yoga
8714880368,Avec la gang de Höng,Run,Run,2023-03-14T18:17:46Z,16147.2,5158,5552,552.5,150.8,168.0,3.131,82.0,,,2023-03-14,16.1472,1.4327777777777777,0.5525,Run
8702426513,Grimentz entre quebs,Snowboard,Snowboard,2023-03-12T10:26:22Z,27121.3,6761,14787,2816.8,75.3,110.0,4.011,53.2,,,2023-03-12,27.121299999999998,1.8780555555555556,2.8168,Snowboard
8695663848,Uetliberg dans son manteau blanc,Run,Run,2023-03-11T12:26:10Z,9186.5,2392,2488,67.9,154.9,177.0,3.841,86.0,,,2023-03-11,9.1865,0.6644444444444444,0.0679,Run
8689473683,La petite fenêtre ,Run,Run,2023-03-10T06:34:06Z,7861.8,2457,2615,195.4,142.0,163.0,3.2,81.4,,,2023-03-10,7.861800000000001,0.6825,0.19540000000000002,Run
8682226692,Evening Yoga,Yoga,Yoga,2023-03-08T19:16:13Z,0.0,1810,1810,0.0,56.5,76.0,0.0,,,,2023-03-08,0.0,0.5027777777777778,0.0,Yoga
8671140611,Irchel club,Run,Run,2023-03-06T18:17:23Z,12262.4,4089,4833,275.5,142.4,164.0,2.999,82.8,,,2023-03-06,12.2624,1.1358333333333333,0.2755,Run
8659412423,Pump it up,Ride,Ride,2023-03-04T14:59:09Z,67313.9,9216,10365,641.1,122.7,164.0,7.304,,130.8,1205.6,2023-03-04,67.31389999999999,2.56,0.6411,Ride
8654310464,Tout ça pour 4 tounes,Run,Run,2023-03-03T19:31:51Z,10033.3,2901,3012,157.9,149.8,171.0,3.459,84.1,,,2023-03-03,10.033299999999999,0.8058333333333333,0.1579,Run
8643404258,around and around,Run,Run,2023-03-01T18:54:20Z,10064.6,2793,3049,68.6,162.9,181.0,3.604,83.1,,,2023-03-01,10.0646,0.7758333333333334,0.0686,Run
8631916172,Gradient ascent method,Run,Run,2023-02-27T18:13:16Z,8217.7,2525,2660,236.2,145.6,168.0,3.255,81.7,,,2023-02-27,8.2177,0.7013888888888888,0.2362,Run
8626003101,Un petit coup de Bise,Hike,Hike,2023-02-26T09:53:07Z,10841.9,9435,12369,494.2,74.7,122.0,1.149,61.0,,,2023-02-26,10.841899999999999,2.620833333333333,0.4942,Hike
8617600370,La tour ❤️,Run,Run,2023-02-25T07:07:42Z,6111.7,1811,1837,103.3,138.9,153.0,3.375,83.1,,,2023-02-25,6.1117,0.5030555555555556,0.1033,Run
8610548660,Evening Run,Run,Run,2023-02-23T18:28:35Z,7133.5,2233,2247,170.8,140.8,158.0,3.195,83.5,,,2023-02-23,7.1335,0.6202777777777778,0.1708,Run
8605630975,Evening Run,Run,Run,2023-02-22T19:32:58Z,7127.8,2148,2225,145.2,149.3,166.0,3.318,78.8,,,2023-02-22,7.127800000000001,0.5966666666666667,0.1452,Run
8600402957,Evening Weight Training,WeightTraining,WeightTraining,2023-02-21T18:01:59Z,0.0,3085,3085,0.0,114.8,147.0,0.0,,,,2023-02-21,0.0,0.8569444444444444,0.0,WeightTraining
8587493985,Escapade en ski de fond,NordicSki,NordicSki,2023-02-19T10:35:32Z,36081.0,10002,15307,758.8,117.3,169.0,3.607,50.4,,,2023-02-19,36.081,2.7783333333333333,0.7587999999999999,NordicSki
8582542111,Cappu de fortune,Ride,Ride,2023-02-18T15:09:11Z,67136.0,8958,9600,464.7,112.8,151.0,7.495,,121.8,1091.2,2023-02-18,67.136,2.4883333333333333,0.4647,Ride
8570034245,Lunch Run,Run,Run,2023-02-16T11:12:00Z,4493.4,1569,1569,0.0,135.7,160.0,2.864,84.2,,,2023-02-16,4.493399999999999,0.43583333333333335,0.0,Run
8566329343,Eux-autres avec leurs clochers,Ride,Ride,2023-02-15T16:58:39Z,23432.8,3534,3963,184.3,112.3,130.0,6.631,,109.4,386.6,2023-02-15,23.4328,0.9816666666666667,0.18430000000000002,Ride
8560721101,Un petit rosé svp,Ride,Ride,2023-02-14T16:59:28Z,23146.9,3532,3996,217.0,115.8,140.0,6.553,,109.7,387.6,2023-02-14,23.146900000000002,0.9811111111111112,0.217,Ride
8555296088,Evening Run,Run,Run,2023-02-13T18:25:02Z,4693.5,1556,1573,109.9,147.8,160.0,3.016,80.7,,,2023-02-13,4.6935,0.43222222222222223,0.10990000000000001,Run
8546903163,Course-trempette,Run,Run,2023-02-12T09:35:17Z,5527.7,1627,1672,14.0,140.1,159.0,3.397,81.6,,,2023-02-12,5.527699999999999,0.4519444444444444,0.014,Run
8542121710,Highway 66 🏍️,Ride,Ride,2023-02-11T11:22:58Z,42892.6,5898,6404,175.9,117.7,140.0,7.272,,109.9,648.4,2023-02-11,42.8926,1.6383333333333334,0.1759,Ride
8538686607,Limmat state of mind,Run,Run,2023-02-10T19:14:20Z,4471.2,1336,1499,20.1,141.7,155.0,3.347,82.6,,,2023-02-10,4.4712,0.3711111111111111,0.0201,Run
8522012811,Avec mon nouveau Tigra,Ride,Ride,2023-02-07T17:18:30Z,23137.6,4991,5993,429.0,122.4,157.0,4.636,,86.8,433.3,2023-02-07,23.1376,1.386388888888889,0.429,Ride
8516138255,Long time no see,Run,Run,2023-02-06T18:29:23Z,3020.8,1203,1259,94.2,122.2,145.0,2.511,80.4,,,2023-02-06,3.0208000000000004,0.33416666666666667,0.0942,Run
8508880399,Un petit tour de 29,Ride,Ride,2023-02-05T11:31:39Z,25720.9,4333,5089,381.2,125.9,155.0,5.936,,111.3,482.3,2023-02-05,25.7209,1.2036111111111112,0.3812,Ride
8504031758,Mêlé comme un spaghetti ,Ride,Ride,2023-02-04T14:45:15Z,16586.3,3321,4134,252.6,111.4,130.0,4.994,,92.2,306.2,2023-02-04,16.586299999999998,0.9225,0.2526,Ride
8494197433,D’la bonne air,Ride,Ride,2023-02-02T18:17:05Z,11599.5,2430,2758,161.6,118.1,142.0,4.773,,77.7,188.8,2023-02-02,11.5995,0.675,0.1616,Ride
8483126505,Albishorn avec le groupe… plus fondue,Hike,Hike,2023-01-31T17:41:12Z,1935.9,2205,2706,185.1,88.3,103.0,0.878,52.3,,,2023-01-31,1.9359000000000002,0.6125,0.1851,Hike
8472065974,Finalement🙌,Ride,Ride,2023-01-29T15:15:42Z,15501.5,3011,3263,252.0,122.7,155.0,5.148,,96.8,291.5,2023-01-29,15.5015,0.8363888888888888,0.252,Ride
8455537726,Morning Ride,Ride,Ride,2023-01-26T10:41:10Z,0.0,1695,1695,0.0,98.5,130.0,0.0,,,,2023-01-26,0.0,0.4708333333333333,0.0,Ride
8451518885,Vielen danke Caterina,NordicSki,NordicSki,2023-01-25T14:27:11Z,5974.5,1770,1770,40.5,106.0,128.0,3.375,48.6,,,2023-01-25,5.9745,0.49166666666666664,0.0405,NordicSki
8444517857,Morning Ride,Ride,Ride,2023-01-24T10:25:00Z,0.0,1504,1504,0.0,88.8,117.0,0.0,,,,2023-01-24,0.0,0.4177777777777778,0.0,Ride
8440959510,Keep on moving,NordicSki,NordicSki,2023-01-23T16:11:55Z,4624.0,1398,1398,30.1,87.3,107.0,3.308,47.0,,,2023-01-23,4.624,0.3883333333333333,0.030100000000000002,NordicSki
8435800810,Afternoon Ride,Ride,Ride,2023-01-22T14:42:16Z,0.0,1504,1504,0.0,90.6,112.0,0.0,,,,2023-01-22,0.0,0.4177777777777778,0.0,Ride
8429552776,Afternoon Workout,IceSkate,IceSkate,2023-01-21T13:15:36Z,4595.2,1271,1271,0.0,83.7,97.0,3.615,67.0,,,2023-01-21,4.5952,0.35305555555555557,0.0,IceSkate
8419196579,Afternoon Ride,Ride,Ride,2023-01-19T14:37:45Z,0.0,1577,1577,0.0,104.5,132.0,0.0,,,,2023-01-19,0.0,0.43805555555555553,0.0,Ride
8413052740,Lunch Ride,Ride,Ride,2023-01-18T11:54:52Z,0.0,1718,1718,0.0,94.3,111.0,0.0,,,,2023-01-18,0.0,0.4772222222222222,0.0,Ride
8408840421,-1 arnolito,NordicSki,NordicSki,2023-01-17T15:50:16Z,6465.5,2071,2089,66.5,102.6,120.0,3.122,47.8,,,2023-01-17,6.4655,0.5752777777777778,0.0665,NordicSki
8398110472,🌞❄️,NordicSki,NordicSki,2023-01-15T09:43:02Z,15165.2,5983,7720,169.8,87.7,115.0,2.535,50.5,,,2023-01-15,15.1652,1.6619444444444444,0.1698,NordicSki
8390379121,driiiiiing driiiiing,BackcountrySki,BackcountrySki,2023-01-14T06:38:37Z,5936.6,4825,6828,588.4,88.8,114.0,1.23,58.0,,,2023-01-14,5.9366,1.3402777777777777,0.5883999999999999,BackcountrySki
8387559346,Afternoon Workout,BackcountrySki,BackcountrySki,2023-01-13T17:49:17Z,3283.8,2554,4942,314.5,87.5,105.0,1.286,50.9,,,2023-01-13,3.2838000000000003,0.7094444444444444,0.3145,BackcountrySki
8382396921,its beginning to look,Run,Run,2023-01-12T16:52:07Z,4096.7,1640,2533,81.8,129.1,152.0,2.498,82.9,,,2023-01-12,4.0967,0.45555555555555555,0.0818,Run
8377066137,"1,2 test",Ride,Ride,2023-01-11T16:24:49Z,0.0,2404,2404,0.0,116.2,162.0,0.0,,,,2023-01-11,0.0,0.6677777777777778,0.0,Ride
8371537998,Afternoon Workout,IceSkate,IceSkate,2023-01-10T16:30:12Z,14336.8,2436,2436,0.0,105.3,124.0,5.885,69.8,,,2023-01-10,14.336799999999998,0.6766666666666666,0.0,IceSkate
8365426232,Afternoon Workout,IceSkate,IceSkate,2023-01-09T14:17:07Z,12489.3,2444,2444,0.0,74.4,90.0,5.11,66.6,,,2023-01-09,12.4893,0.6788888888888889,0.0,IceSkate
8360246237,Morning Workout,NordicSki,NordicSki,2023-01-08T10:19:37Z,11823.2,3430,3606,196.1,82.0,112.0,3.447,48.3,,,2023-01-08,11.8232,0.9527777777777777,0.1961,NordicSki
8348383541,Lunch Run,Run,Run,2023-01-06T12:10:15Z,4575.3,1601,1601,18.4,136.3,150.0,2.858,83.2,,,2023-01-06,4.5753,0.44472222222222224,0.0184,Run
8343404061,msa avec les cousins,BackcountrySki,BackcountrySki,2023-01-05T10:31:45Z,9729.3,6430,9827,919.4,88.1,109.0,1.513,59.7,,,2023-01-05,9.729299999999999,1.7861111111111112,0.9194,BackcountrySki
8338028596,Afternoon Weight Training,WeightTraining,WeightTraining,2023-01-04T13:00:51Z,0.0,1169,1169,0.0,93.5,120.0,0.0,,,,2023-01-04,0.0,0.32472222222222225,0.0,WeightTraining
8337862930,Lunch Run,Run,Run,2023-01-04T11:54:31Z,12215.5,3236,3297,54.6,147.8,172.0,3.775,81.4,,,2023-01-04,12.2155,0.8988888888888888,0.0546,Run
8333591168,un petit coup de classique,NordicSki,NordicSki,2023-01-03T11:41:40Z,20808.3,5122,6555,410.8,130.8,157.0,4.063,56.3,,,2023-01-03,20.8083,1.4227777777777777,0.4108,NordicSki
8333205962,Abendtraining,Workout,Workout,2023-01-02T20:04:36Z,5230.0,1736,1736,0.0,,,3.013,,,,2023-01-02,5.23,0.4822222222222222,0.0,Workout
8333588041,Afternoon Run,Run,Run,2023-01-01T15:16:03Z,6127.4,1817,1837,20.2,144.5,164.0,3.372,82.6,,,2023-01-01,6.1274,0.5047222222222222,0.0202,Run
8318056464,Afternoon Workout,NordicSki,NordicSki,2022-12-31T13:09:38Z,20648.8,5358,5830,336.5,136.9,165.0,3.854,49.2,,,2022-12-31,20.648799999999998,1.4883333333333333,0.3365,NordicSki
8308352934,jme suis quasiment baigné ,Run,Run,2022-12-29T13:03:49Z,10162.7,2988,3110,15.5,141.5,157.0,3.401,82.2,,,2022-12-29,10.162700000000001,0.83,0.0155,Run
8303295070,touring aves les petites soeurs,BackcountrySki,BackcountrySki,2022-12-27T09:48:02Z,9125.4,7322,20247,638.7,91.7,131.0,1.246,61.8,,,2022-12-27,9.125399999999999,2.033888888888889,0.6387,BackcountrySki
8294348081,Lunch Ride,Ride,Ride,2022-12-26T11:50:53Z,0.0,3614,3614,0.0,152.4,180.0,0.0,,,,2022-12-26,0.0,1.0038888888888888,0.0,Ride
8287665846,Afternoon Weight Training,WeightTraining,WeightTraining,2022-12-24T16:00:55Z,0.0,1817,1817,0.0,98.4,129.0,0.0,,,,2022-12-24,0.0,0.5047222222222222,0.0,WeightTraining
8287583558,Afternoon Run,Run,Run,2022-12-24T14:55:34Z,8008.3,2549,2601,84.4,135.0,154.0,3.142,81.9,,,2022-12-24,8.0083,0.7080555555555555,0.0844,Run
8283218539,Afternoon Ride,Ride,Ride,2022-12-23T13:56:59Z,0.0,3613,3613,0.0,128.1,148.0,0.0,,,,2022-12-23,0.0,1.003611111111111,0.0,Ride
8279442823,Lunch Weight Training,WeightTraining,WeightTraining,2022-12-22T12:55:57Z,0.0,2206,2206,0.0,113.1,132.0,0.0,,,,2022-12-22,0.0,0.6127777777777778,0.0,WeightTraining
8279442725,Lunch Run,Run,Run,2022-12-22T12:04:49Z,7016.4,2098,2098,106.5,143.9,157.0,3.344,82.0,,,2022-12-22,7.0164,0.5827777777777777,0.1065,Run
8276188065,camp d'entraînement Audet partie 2,Run,Run,2022-12-21T15:33:48Z,10022.8,2708,2748,2.6,161.7,178.0,3.701,83.2,,,2022-12-21,10.0228,0.7522222222222222,0.0026,Run
8275126367,camp d'entraînement Audet partie 1,Ride,Ride,2022-12-21T10:07:00Z,0.0,5043,5043,0.0,145.2,188.0,0.0,,,,2022-12-21,0.0,1.4008333333333334,0.0,Ride
8271909757,un sapin de noël et son reine ,Ride,Ride,2022-12-20T11:13:34Z,49883.4,6712,12521,269.8,127.3,173.0,7.432,,120.4,808.1,2022-12-20,49.8834,1.8644444444444443,0.2698,Ride
8263984306,petite ligne gagon😎,BackcountrySki,BackcountrySki,2022-12-18T10:56:25Z,3325.0,1988,2942,299.2,97.0,123.0,1.673,61.1,,,2022-12-18,3.325,0.5522222222222222,0.29919999999999997,BackcountrySki
8260061586,Lunch Weight Training,WeightTraining,WeightTraining,2022-12-17T12:44:41Z,0.0,1956,1956,0.0,110.9,131.0,0.0,,,,2022-12-17,0.0,0.5433333333333333,0.0,WeightTraining
8260061310,Lunch Run,Run,Run,2022-12-17T12:04:17Z,7065.7,1836,1851,54.5,137.3,150.0,3.848,80.9,,,2022-12-17,7.0657,0.51,0.0545,Run
8260060547,Morning Run,Run,Run,2022-12-16T10:26:12Z,10119.2,3388,3635,115.8,129.0,147.0,2.987,81.4,,,2022-12-16,10.119200000000001,0.9411111111111111,0.1158,Run
8252938252,Morning Run,Run,Run,2022-12-15T10:16:16Z,12096.5,7378,9181,424.9,107.9,136.0,1.64,73.2,,,2022-12-15,12.0965,2.0494444444444446,0.4249,Run
8245672141,Afternoon Run,Run,Run,2022-12-13T17:38:30Z,10426.6,3252,3367,126.3,155.1,182.0,3.206,80.0,,,2022-12-13,10.4266,0.9033333333333333,0.1263,Run
8241716046,Evening Run,Run,Run,2022-12-12T18:00:03Z,5020.3,1630,1950,69.8,127.6,144.0,3.08,80.4,,,2022-12-12,5.0203,0.4527777777777778,0.0698,Run
8240358634,Lunch Swim,Swim,Swim,2022-12-12T11:40:26Z,3050.0,2505,2667,0.0,135.2,152.0,1.218,,,,2022-12-12,3.05,0.6958333333333333,0.0,Swim
8239489225,Lunch Workout,NordicSki,NordicSki,2022-12-11T11:45:31Z,23111.1,6599,7058,457.9,123.8,149.0,3.502,51.6,,,2022-12-11,23.111099999999997,1.8330555555555557,0.4579,NordicSki
8231488852,la course au ptit dej,Run,Run,2022-12-10T08:05:58Z,5372.2,1835,2350,82.3,117.3,141.0,2.928,81.9,,,2022-12-10,5.372199999999999,0.5097222222222222,0.0823,Run
8229144118,Afternoon Ride,Ride,Ride,2022-12-09T17:14:38Z,0.0,2713,2713,0.0,117.3,139.0,0.0,,,,2022-12-09,0.0,0.7536111111111111,0.0,Ride
8225516283,Afternoon Run,Run,Run,2022-12-08T17:43:19Z,11180.7,3074,3420,35.5,162.9,181.0,3.637,81.3,,,2022-12-08,11.1807,0.8538888888888889,0.0355,Run
8225516213,Afternoon Weight Training,WeightTraining,WeightTraining,2022-12-07T16:48:16Z,0.0,2524,2524,0.0,109.8,152.0,0.0,,,,2022-12-07,0.0,0.7011111111111111,0.0,WeightTraining
8215648115,Lunch Run,Run,Run,2022-12-06T12:02:13Z,9118.3,2464,2499,26.1,156.0,174.0,3.701,80.8,,,2022-12-06,9.1183,0.6844444444444444,0.0261,Run
8208944128,TGTG - nina,Run,Run,2022-12-04T20:49:15Z,2935.1,1012,1237,79.6,130.3,149.0,2.9,79.3,,,2022-12-04,2.9351,0.2811111111111111,0.07959999999999999,Run
8207900474,skiiiiii,NordicSki,NordicSki,2022-12-04T11:59:59Z,23947.4,6499,6923,455.3,132.7,151.0,3.685,51.8,,,2022-12-04,23.947400000000002,1.8052777777777778,0.45530000000000004,NordicSki
8207897779,Afternoon Ride,Ride,Ride,2022-12-03T16:36:29Z,0.0,2467,2467,0.0,119.2,140.0,0.0,,,,2022-12-03,0.0,0.6852777777777778,0.0,Ride
8207897542,Afternoon Ride,Ride,Ride,2022-12-02T16:46:50Z,0.0,2707,2707,0.0,124.0,183.0,0.0,,,,2022-12-02,0.0,0.7519444444444444,0.0,Ride
8189904995,Lunch Run,Run,Run,2022-11-30T11:32:56Z,8852.3,2412,2493,55.3,139.8,161.0,3.67,82.7,,,2022-11-30,8.8523,0.67,0.055299999999999995,Run
8186871849,Afternoon Run,Run,Run,2022-11-29T17:29:26Z,8018.8,2433,2957,106.0,129.6,142.0,3.296,81.0,,,2022-11-29,8.0188,0.6758333333333333,0.106,Run
8182185787,Afternoon Weight Training,WeightTraining,WeightTraining,2022-11-28T17:30:38Z,0.0,2292,2292,0.0,101.0,133.0,0.0,,,,2022-11-28,0.0,0.6366666666666667,0.0,WeightTraining
8177473314,Afternoon Run,Run,Run,2022-11-27T13:22:34Z,6207.7,1810,3269,20.4,136.5,148.0,3.43,80.5,,,2022-11-27,6.2077,0.5027777777777778,0.020399999999999998,Run
8167170556,Lunch Run,Run,Run,2022-11-25T11:14:37Z,8398.1,2620,2683,139.5,140.0,152.0,3.205,81.4,,,2022-11-25,8.398100000000001,0.7277777777777777,0.1395,Run
8163114426,Lunch Ride,Ride,Ride,2022-11-24T11:42:01Z,0.0,2505,2505,0.0,131.1,173.0,0.0,,,,2022-11-24,0.0,0.6958333333333333,0.0,Ride
8158422987,Lunch Swim,Swim,Swim,2022-11-23T11:48:22Z,3050.0,2599,2759,0.0,112.5,127.0,1.174,,,,2022-11-23,3.05,0.7219444444444445,0.0,Swim
8150899471,Evening Run,Run,Run,2022-11-21T18:08:04Z,9238.9,3085,3212,26.9,129.8,145.0,2.995,80.9,,,2022-11-21,9.2389,0.8569444444444444,0.0269,Run
8145716359,Lunch Ride,Ride,Ride,2022-11-20T11:16:07Z,0.0,3645,3645,0.0,141.0,175.0,0.0,,,,2022-11-20,0.0,1.0125,0.0,Ride
8141361410,Morning Run,Run,Run,2022-11-19T09:10:59Z,3378.2,2499,2566,342.7,97.3,126.0,1.352,72.7,,,2022-11-19,3.3781999999999996,0.6941666666666667,0.3427,Run
8142110631,Lauf am Morgen,Run,Run,2022-11-19T09:10:50Z,8973.3,5971,6091,458.5,,,1.503,,,,2022-11-19,8.9733,1.658611111111111,0.4585,Run
8136888809,Morning Ride,Ride,Ride,2022-11-18T10:57:57Z,0.0,2713,2713,0.0,125.2,176.0,0.0,,,,2022-11-18,0.0,0.7536111111111111,0.0,Ride
8126177510,Morning Run,Run,Run,2022-11-16T07:50:39Z,11007.9,3047,3391,44.9,145.0,158.0,3.613,81.7,,,2022-11-16,11.0079,0.8463888888888889,0.044899999999999995,Run
8124049375,Evening Ride,Ride,Ride,2022-11-15T18:32:41Z,0.0,2707,2707,0.0,125.9,147.0,0.0,,,,2022-11-15,0.0,0.7519444444444444,0.0,Ride
8117645575,Lunch Swim,Swim,Swim,2022-11-14T11:51:23Z,2750.0,2422,2544,0.0,130.1,147.0,1.135,,,,2022-11-14,2.75,0.6727777777777778,0.0,Swim
8113923619,dans les brumes ,Run,Run,2022-11-13T10:28:22Z,25181.0,10619,11793,781.2,126.4,157.0,2.371,76.3,,,2022-11-13,25.181,2.9497222222222224,0.7812,Run
8103642537,Afternoon Run,Run,Run,2022-11-11T16:37:36Z,10329.1,2629,2698,111.2,147.5,160.0,3.929,82.7,,,2022-11-11,10.3291,0.7302777777777778,0.11120000000000001,Run
8099538554,Evening Ride,Ride,Ride,2022-11-10T19:03:58Z,0.0,2715,2715,0.0,126.4,148.0,0.0,,,,2022-11-10,0.0,0.7541666666666667,0.0,Ride
8093147389,Lunch Swim,Swim,Swim,2022-11-09T12:20:41Z,2750.0,2290,2404,0.0,123.0,156.0,1.201,,,,2022-11-09,2.75,0.6361111111111111,0.0,Swim
8089571157,Afternoon Run,Run,Run,2022-11-08T17:29:07Z,10166.8,2577,2662,47.8,159.5,180.0,3.945,82.7,,,2022-11-08,10.166799999999999,0.7158333333333333,0.047799999999999995,Run
8082048149, Beacon hill,Run,Run,2022-11-07T06:45:15Z,5858.2,1758,6700,43.7,118.9,146.0,3.332,82.5,,,2022-11-07,5.8582,0.48833333333333334,0.0437,Run
8077096814,morning boston ,Run,Run,2022-11-06T06:56:02Z,10179.0,2900,3100,15.3,133.2,146.0,3.51,81.0,,,2022-11-06,10.179,0.8055555555555556,0.015300000000000001,Run
8074493199,Evening Yoga,Yoga,Yoga,2022-11-05T18:58:59Z,0.0,1803,1803,0.0,51.0,72.0,0.0,,,,2022-11-05,0.0,0.5008333333333334,0.0,Yoga
8063836705,👩‍❤️‍💋‍👨,Run,Run,2022-11-03T14:25:32Z,6456.1,1854,1984,29.7,138.4,158.0,3.482,80.5,,,2022-11-03,6.4561,0.515,0.0297,Run
8060011379,Afternoon Swim,Swim,Swim,2022-11-02T17:27:02Z,3025.0,2942,3068,0.0,122.6,140.0,1.028,,,,2022-11-02,3.025,0.8172222222222222,0.0,Swim
8055057771,Afternoon Run,Run,Run,2022-11-01T17:26:42Z,7909.1,2631,4662,88.6,154.2,168.0,3.006,80.1,,,2022-11-01,7.9091000000000005,0.7308333333333333,0.0886,Run
8049662082,Afternoon Run,Run,Run,2022-10-31T16:57:16Z,11898.8,3186,3228,123.8,153.5,177.0,3.735,80.9,,,2022-10-31,11.8988,0.885,0.1238,Run
8044772519,c'est pas fini!,Ride,Ride,2022-10-30T13:49:09Z,54344.0,6981,7057,157.4,,,7.785,,113.8,794.3,2022-10-30,54.344,1.9391666666666667,0.1574,Ride
8039378186,5@7,Ride,Ride,2022-10-29T16:56:39Z,9361.2,1908,5469,102.2,111.8,138.0,4.906,,70.4,134.4,2022-10-29,9.3612,0.53,0.1022,Ride
8033939290,Afternoon Run,Run,Run,2022-10-28T17:33:32Z,5647.2,1812,1827,83.8,135.3,149.0,3.117,81.2,,,2022-10-28,5.6472,0.5033333333333333,0.0838,Run
8028244520,Lunch Swim,Swim,Swim,2022-10-27T12:03:49Z,3100.0,3020,3109,0.0,96.6,112.0,1.026,,,,2022-10-27,3.1,0.8388888888888889,0.0,Swim
8019784319,Evening Run,Run,Run,2022-10-25T18:33:19Z,10834.5,3719,4092,22.9,149.9,174.0,2.913,79.7,,,2022-10-25,10.8345,1.0330555555555556,0.0229,Run
8014095489,Afternoon Ride,Ride,Ride,2022-10-24T16:30:56Z,34965.4,4580,4670,225.1,117.1,135.0,7.634,,134.6,616.6,2022-10-24,34.9654,1.2722222222222221,0.2251,Ride
8009520441,Afternoon Ride,Ride,Ride,2022-10-23T13:40:18Z,18395.1,5298,8457,663.5,129.3,178.0,3.472,,109.1,577.9,2022-10-23,18.3951,1.4716666666666667,0.6635,Ride
8003806768,Afternoon Run,Run,Run,2022-10-22T15:06:22Z,9071.6,2695,3195,107.6,147.5,182.0,3.366,81.2,,,2022-10-22,9.0716,0.7486111111111111,0.1076,Run
7998707631,Afternoon Ride,Ride,Ride,2022-10-21T16:09:30Z,46353.6,5853,6164,220.6,148.9,187.0,7.92,,141.8,830.0,2022-10-21,46.3536,1.6258333333333332,0.2206,Ride
7994482281,base ou bass,Run,Run,2022-10-20T16:33:26Z,10254.6,2799,2892,31.9,165.6,184.0,3.664,81.5,,,2022-10-20,10.2546,0.7775,0.0319,Run
7989816225,chassant le soleil,Ride,Ride,2022-10-19T16:57:26Z,30934.6,3969,4119,204.2,122.7,150.0,7.794,,141.1,560.1,2022-10-19,30.9346,1.1025,0.2042,Ride
7983835846,Lunch Swim,Swim,Swim,2022-10-18T12:02:30Z,2550.0,2471,2476,0.0,119.1,144.0,1.032,,,,2022-10-18,2.55,0.6863888888888889,0.0,Swim
7979389678,oui coach garmin,Run,Run,2022-10-17T17:14:59Z,10217.3,2724,2927,65.1,152.5,170.0,3.751,81.2,,,2022-10-17,10.2173,0.7566666666666667,0.06509999999999999,Run
7974206482,nachos porfavor,Ride,Ride,2022-10-16T11:00:19Z,24941.8,7263,8557,845.5,124.6,167.0,3.434,,100.2,727.6,2022-10-16,24.9418,2.0175,0.8455,Ride
7968390213,👌🍂,Ride,Ride,2022-10-15T12:22:02Z,85294.3,10505,11490,835.1,127.2,170.0,8.119,,160.5,1686.1,2022-10-15,85.2943,2.9180555555555556,0.8351000000000001,Ride
7954293591,Afternoon Ride,Ride,Ride,2022-10-12T16:45:08Z,34630.1,4478,4702,145.6,121.3,145.0,7.733,,129.8,581.1,2022-10-12,34.6301,1.2438888888888888,0.1456,Ride
7948934179,coule rivière coule,Run,Run,2022-10-11T17:12:43Z,13418.2,3774,3919,98.4,134.3,161.0,3.555,81.5,,,2022-10-11,13.4182,1.0483333333333333,0.0984,Run
7943114975,vaincre l'inertie d'automne,Ride,Ride,2022-10-10T13:46:39Z,60430.9,7223,7337,444.4,136.1,178.0,8.366,,158.9,1147.5,2022-10-10,60.4309,2.006388888888889,0.44439999999999996,Ride
7938018078,Afternoon Run,Run,Run,2022-10-09T13:19:25Z,5119.3,1467,1471,22.7,138.4,149.0,3.49,81.3,,,2022-10-09,5.1193,0.4075,0.022699999999999998,Run
7938017348,Lunch Swim,Swim,Swim,2022-10-09T12:12:18Z,3225.0,3142,3187,0.0,136.6,154.0,1.026,,,,2022-10-09,3.225,0.8727777777777778,0.0,Swim
7938016359,Lunch Run,Run,Run,2022-10-09T11:35:40Z,5313.7,1545,1677,12.4,135.6,154.0,3.439,81.1,,,2022-10-09,5.3137,0.42916666666666664,0.0124,Run
7932811938,Afternoon Run,Run,Run,2022-10-08T16:07:27Z,8395.1,2699,2966,31.4,133.5,184.0,3.11,78.7,,,2022-10-08,8.395100000000001,0.7497222222222222,0.0314,Run
7927044380,le grand L,Ride,Ride,2022-10-07T12:35:20Z,60280.5,7356,8024,444.1,132.4,177.0,8.195,,160.5,1180.4,2022-10-07,60.2805,2.0433333333333334,0.44410000000000005,Ride
7917590721,orange feu,Ride,Ride,2022-10-05T15:51:21Z,12365.1,4170,5707,398.0,121.5,152.0,2.965,,85.1,354.9,2022-10-05,12.3651,1.1583333333333334,0.398,Ride
7916067050,Lunch Run,Run,Run,2022-10-05T11:43:11Z,6109.9,1884,1970,83.5,128.4,146.0,3.243,79.7,,,2022-10-05,6.1099,0.5233333333333333,0.0835,Run
7912093572,gang de moules en fix,Ride,Ride,2022-10-04T12:46:27Z,53273.4,7666,11505,241.2,125.2,156.0,6.949,,100.7,771.7,2022-10-04,53.2734,2.1294444444444443,0.2412,Ride
7907045474,Afternoon Run,Run,Run,2022-10-03T16:56:24Z,9113.6,2507,2529,26.7,139.0,160.0,3.635,82.5,,,2022-10-03,9.1136,0.6963888888888888,0.026699999999999998,Run
7902436047,c'est de la couleur ça!,Ride,Ride,2022-10-02T15:49:17Z,47409.1,6626,7025,986.3,111.4,149.0,7.155,,176.6,1170.1,2022-10-02,47.409099999999995,1.8405555555555555,0.9863,Ride
7901578192,Lunch Walk,Walk,Walk,2022-10-02T11:09:45Z,9104.9,7588,9401,370.0,65.6,96.0,1.2,56.5,,,2022-10-02,9.104899999999999,2.1077777777777778,0.37,Walk
7896363083,ratio de 3.25 avec le beauf,Ride,Ride,2022-10-01T14:10:57Z,38890.9,5174,5958,209.7,131.8,159.0,7.517,,119.2,616.8,2022-10-01,38.8909,1.4372222222222222,0.2097,Ride
7891669933,la géophysique à vélo,Ride,Ride,2022-09-30T14:32:39Z,81856.1,9945,16017,537.5,129.9,168.0,8.231,,155.2,1543.5,2022-09-30,81.85610000000001,2.7625,0.5375,Ride
7887307003,regarde l'autre qui cours,Run,Run,2022-09-29T18:28:44Z,8831.7,2506,2506,113.2,144.0,177.0,3.524,81.7,,,2022-09-29,8.831700000000001,0.6961111111111111,0.11320000000000001,Run
7882839362,la ligue des B...,Skateboard,Skateboard,2022-09-28T17:44:38Z,8565.9,2993,3301,70.3,,,2.862,,,,2022-09-28,8.5659,0.8313888888888888,0.0703,Skateboard
7881674859,Lunch Swim,Swim,Swim,2022-09-28T12:25:11Z,2350.0,2212,2295,0.0,130.8,153.0,1.062,,,,2022-09-28,2.35,0.6144444444444445,0.0,Swim
7877198708,méchant ressort mon chum,Run,Run,2022-09-27T18:00:14Z,6019.7,1747,1777,82.9,135.6,154.0,3.446,79.4,,,2022-09-27,6.019699999999999,0.48527777777777775,0.0829,Run
7870508705,riki et sa pluie,Run,Run,2022-09-26T11:47:00Z,5423.5,1743,1806,71.3,136.1,160.0,3.112,80.5,,,2022-09-26,5.4235,0.4841666666666667,0.0713,Run
7867374677,parc du bic au vent,Walk,Walk,2022-09-25T14:34:41Z,8119.3,5819,6227,69.7,76.2,91.0,1.395,54.5,,,2022-09-25,8.1193,1.6163888888888889,0.0697,Walk
7859019554,grand sault💙,Run,Run,2022-09-24T07:48:00Z,4799.6,2303,2464,154.2,120.6,143.0,2.084,76.6,,,2022-09-24,4.799600000000001,0.6397222222222222,0.15419999999999998,Run
7856246742,home turf,Ride,Ride,2022-09-23T16:37:18Z,23529.9,4918,5109,569.3,128.8,172.0,4.784,,128.7,633.0,2022-09-23,23.5299,1.366111111111111,0.5692999999999999,Ride
7854634938,un petit 9 avec el padre,Walk,Walk,2022-09-23T09:43:33Z,3754.5,2290,4662,43.9,106.0,124.0,1.64,60.5,,,2022-09-23,3.7545,0.6361111111111111,0.0439,Walk
7851016459,Morning Walk,Walk,Walk,2022-09-22T10:44:35Z,2787.3,1401,1561,87.8,107.2,141.0,1.989,70.1,,,2022-09-22,2.7873,0.38916666666666666,0.0878,Walk
7847565678,"SIA jour 5 : chasseur ou chassé, chaque année faut tuer",Walk,Walk,2022-09-21T07:19:42Z,16817.7,17392,22829,408.2,78.3,107.0,0.967,52.2,,,2022-09-21,16.817700000000002,4.831111111111111,0.4082,Walk
7847560725,SIA jour 4 : le mur du jeudi,Walk,Walk,2022-09-20T07:20:17Z,27638.9,25858,31177,1113.6,78.9,107.0,1.069,53.7,,,2022-09-20,27.638900000000003,7.182777777777778,1.1136,Walk
7847552952,SIA jour 3 : m'as te le dire c'est quoi ton problème... ,Walk,Walk,2022-09-19T08:22:10Z,13564.2,14088,19741,740.3,83.6,117.0,0.963,56.0,,,2022-09-19,13.564200000000001,3.9133333333333336,0.7403,Walk
7847548585,SIA jour 2 : le marsh c'est ça la chasse,Walk,Walk,2022-09-18T08:21:10Z,16315.6,16348,20717,414.4,75.9,106.0,0.998,54.1,,,2022-09-18,16.3156,4.541111111111111,0.4144,Walk
7847543927,SIA jour 1 : trouver l'œil de l'ouragan ,Walk,Walk,2022-09-17T09:49:35Z,20340.5,20819,28341,1510.0,84.5,118.0,0.977,53.2,,,2022-09-17,20.3405,5.783055555555555,1.51,Walk
7809221702,pump it up,Ride,Ride,2022-09-14T15:45:16Z,29617.2,3853,4113,352.7,135.6,180.0,7.687,,166.0,639.5,2022-09-14,29.6172,1.0702777777777779,0.3527,Ride
7800845429,spin spin,Ride,Ride,2022-09-13T06:05:14Z,37253.9,4926,5420,285.4,119.5,141.0,7.563,,136.8,674.0,2022-09-13,37.2539,1.3683333333333334,0.2854,Ride
7792956205,buckland avec le cousin partie 2,Ride,Ride,2022-09-11T08:57:37Z,99903.7,14382,20307,915.2,118.3,158.0,6.946,,119.7,1721.1,2022-09-11,99.9037,3.995,0.9152,Ride
7787625804,une petite dose de buckland,Ride,Ride,2022-09-10T12:55:11Z,97891.3,15341,19206,1512.8,116.1,161.0,6.381,,133.2,2043.0,2022-09-10,97.8913,4.261388888888889,1.5128,Ride
7776835947,Afternoon Ride,Ride,Ride,2022-09-08T15:34:02Z,27148.2,3625,3693,232.4,123.7,152.0,7.489,,143.0,518.4,2022-09-08,27.1482,1.0069444444444444,0.2324,Ride
7772115833,Afternoon Ride,Ride,Ride,2022-09-07T17:51:31Z,3879.3,1174,1444,187.3,134.1,170.0,3.304,,126.8,148.9,2022-09-07,3.8793,0.32611111111111113,0.18730000000000002,Ride
7771997775,Afternoon Workout,Workout,Workout,2022-09-07T17:42:54Z,287.4,69,69,0.0,113.8,126.0,4.164,,,,2022-09-07,0.2874,0.019166666666666665,0.0,Workout
7771994740,Afternoon Ride,Ride,Ride,2022-09-07T16:19:58Z,8366.2,3125,4954,434.1,130.1,163.0,2.677,,111.3,347.9,2022-09-07,8.366200000000001,0.8680555555555556,0.43410000000000004,Ride
7766564189,Afternoon Ride,Ride,Ride,2022-09-06T17:09:33Z,43006.6,5719,6336,215.3,121.1,148.0,7.52,,127.7,730.2,2022-09-06,43.0066,1.5886111111111112,0.21530000000000002,Ride
7761579118,avec la brute,Ride,Ride,2022-09-05T16:41:39Z,18611.3,5470,6721,524.9,126.2,172.0,3.402,,97.3,532.2,2022-09-05,18.6113,1.5194444444444444,0.5248999999999999,Ride
7755691420,doux septembre ,Ride,Ride,2022-09-04T14:44:30Z,56029.5,7231,7683,670.5,132.9,177.0,7.749,,153.6,1110.7,2022-09-04,56.0295,2.008611111111111,0.6705,Ride
7749130663,le tour des township,Ride,Ride,2022-09-03T11:15:52Z,47571.6,8448,11293,783.5,114.3,159.0,5.631,,106.9,902.9,2022-09-03,47.5716,2.3466666666666667,0.7835,Ride
7744135383,Afternoon Run,Run,Run,2022-09-02T16:46:18Z,5571.2,3093,3652,249.8,111.3,140.0,1.801,72.9,,,2022-09-02,5.5712,0.8591666666666666,0.24980000000000002,Run
7704321474,Lunch Run,Run,Run,2022-08-26T12:21:54Z,5008.3,2443,2601,178.4,111.3,137.0,2.05,72.4,,,2022-08-26,5.0083,0.6786111111111112,0.1784,Run
7678104053,aucune frites ne fût maltraitée durant cette randonnée ,Ride,Ride,2022-08-21T05:26:05Z,235162.0,32237,41981,1903.5,135.0,172.0,7.295,,116.4,3752.6,2022-08-21,235.162,8.954722222222221,1.9035,Ride
7670814808,donnez moi une épinette noire,Ride,Ride,2022-08-20T06:18:50Z,161561.0,20187,22574,879.1,140.3,175.0,8.003,,138.5,2795.5,2022-08-20,161.561,5.6075,0.8791,Ride
7666499481,éloge de la fuite,Ride,Ride,2022-08-19T06:00:03Z,259760.0,36128,44310,3586.3,138.8,185.0,7.19,,150.1,5423.3,2022-08-19,259.76,10.035555555555556,3.5863,Ride
7656184645,Afternoon Ride,Ride,Ride,2022-08-17T16:16:24Z,15653.0,5320,8075,547.7,,,2.942,,87.0,462.9,2022-08-17,15.653,1.4777777777777779,0.5477000000000001,Ride
7648179984,Morning Swim,Swim,Swim,2022-08-16T06:35:05Z,2075.0,2616,2724,0.0,77.2,105.0,0.793,,,,2022-08-16,2.075,0.7266666666666667,0.0,Swim
7637720165,charlevoix pour emporter,Run,Run,2022-08-14T10:01:00Z,11307.9,6535,7459,645.8,119.1,165.0,1.73,71.9,,,2022-08-14,11.3079,1.8152777777777778,0.6457999999999999,Run
7633209133,Afternoon Run,Run,Run,2022-08-13T15:23:05Z,6041.2,3135,3881,279.5,123.6,157.0,1.927,73.8,,,2022-08-13,6.0412,0.8708333333333333,0.2795,Run
7622534329,le gars se prend pour un triathlète,Run,Run,2022-08-11T16:16:26Z,5529.3,1850,2001,95.9,138.6,167.0,2.989,78.9,,,2022-08-11,5.5293,0.5138888888888888,0.0959,Run
7621000765,Lunch Swim,Swim,Swim,2022-08-11T11:03:06Z,2425.0,2704,2820,0.0,136.4,161.0,0.897,,,,2022-08-11,2.425,0.7511111111111111,0.0,Swim
7615505498,un œuf battu de trop,Ride,Ride,2022-08-10T10:55:29Z,35284.3,4340,4505,223.9,125.5,177.0,8.13,,159.5,692.2,2022-08-10,35.2843,1.2055555555555555,0.22390000000000002,Ride
7605348179,🥳,Run,Run,2022-08-08T16:08:25Z,5692.1,2094,2168,97.0,132.1,153.0,2.718,77.7,,,2022-08-08,5.6921,0.5816666666666667,0.097,Run
7598248895,cantook pit stop,Run,Run,2022-08-07T09:50:53Z,4009.0,1215,1557,57.9,143.0,159.0,3.3,78.8,,,2022-08-07,4.009,0.3375,0.0579,Run
7594577648,rpm check,Ride,Ride,2022-08-06T17:19:08Z,30908.4,3654,3845,389.6,146.1,184.0,8.459,,190.5,695.9,2022-08-06,30.9084,1.015,0.3896,Ride
7591388984,Afternoon Ride,Ride,Ride,2022-08-05T16:30:03Z,3276.8,1586,2059,161.3,98.0,135.0,2.066,,89.3,141.7,2022-08-05,3.2768,0.44055555555555553,0.1613,Ride
7578534456,Afternoon Ride,Ride,Ride,2022-08-03T17:52:15Z,30124.4,3689,3784,241.6,123.2,160.0,8.166,,160.3,591.4,2022-08-03,30.1244,1.0247222222222223,0.24159999999999998,Ride
7572660508,Afternoon Run,Run,Run,2022-08-02T17:59:04Z,5756.2,1804,1878,85.9,143.6,162.0,3.191,77.9,,,2022-08-02,5.7562,0.5011111111111111,0.0859,Run
7566845469,Afternoon Ride,Ride,Ride,2022-08-01T17:35:41Z,30309.4,3863,4418,114.1,129.3,161.0,7.846,,142.2,549.4,2022-08-01,30.3094,1.0730555555555557,0.1141,Ride
7561716626,Afternoon Ride,Ride,Ride,2022-07-31T17:46:55Z,34537.6,4151,4195,213.0,122.3,159.0,8.32,,157.2,652.6,2022-07-31,34.5376,1.1530555555555555,0.213,Ride
7550477260,Evening Ride,Ride,Ride,2022-07-29T18:10:13Z,27722.1,3675,3718,256.6,119.6,150.0,7.543,,146.2,537.4,2022-07-29,27.722099999999998,1.0208333333333333,0.25660000000000005,Ride
7539814110,Afternoon Ride,Ride,Ride,2022-07-27T16:58:18Z,20721.8,2914,3221,196.5,111.8,138.0,7.111,,133.8,390.0,2022-07-27,20.721799999999998,0.8094444444444444,0.1965,Ride
7528449286,Afternoon Ride,Ride,Ride,2022-07-25T17:07:05Z,40160.5,5109,5228,278.3,123.0,174.0,7.861,,144.8,739.9,2022-07-25,40.1605,1.4191666666666667,0.2783,Ride
7523308941,Afternoon Ride,Ride,Ride,2022-07-24T16:45:14Z,11109.2,1317,1317,44.1,122.8,146.0,8.435,,139.1,183.2,2022-07-24,11.109200000000001,0.36583333333333334,0.0441,Ride
7523078976,coffee run,Run,Run,2022-07-24T15:24:36Z,6023.8,1815,2319,101.8,137.5,155.0,3.319,77.9,,,2022-07-24,6.0238000000000005,0.5041666666666667,0.1018,Run
7517385168,ride festive,Ride,Ride,2022-07-23T09:54:48Z,42986.6,5674,6250,866.2,134.6,166.0,7.576,,185.0,1049.5,2022-07-23,42.986599999999996,1.576111111111111,0.8662000000000001,Ride
7498904372,Morning Swim,Swim,Swim,2022-07-20T06:34:06Z,1600.0,2687,2739,0.0,110.8,143.0,0.595,,,,2022-07-20,1.6,0.7463888888888889,0.0,Swim
7496576404,"inspirant, HH power!⚡️",Ride,Ride,2022-07-19T17:59:25Z,30309.4,3803,4086,226.2,118.6,149.0,7.97,,150.9,573.7,2022-07-19,30.3094,1.0563888888888888,0.22619999999999998,Ride
7480677806,mit der Freundin,Run,Run,2022-07-16T18:33:19Z,6616.2,2110,2211,84.6,125.8,146.0,3.136,78.9,,,2022-07-16,6.6162,0.5861111111111111,0.0846,Run
7475086342,le revenant ,Ride,Ride,2022-07-15T17:43:30Z,34456.7,3989,4068,226.0,133.8,175.0,8.638,,175.3,699.4,2022-07-15,34.4567,1.1080555555555556,0.226,Ride
7456989515,Afternoon Run,Run,Run,2022-07-12T16:29:43Z,5195.7,1823,2079,204.6,129.6,163.0,2.85,77.8,,,2022-07-12,5.1956999999999995,0.5063888888888889,0.2046,Run
7451523937,Afternoon Run,Run,Run,2022-07-11T15:36:17Z,5471.4,2504,3982,432.1,130.4,171.0,2.185,75.9,,,2022-07-11,5.4714,0.6955555555555556,0.43210000000000004,Run
7442075867,flo-wer power,Ride,Ride,2022-07-09T11:12:37Z,12707.9,5432,7883,329.9,105.5,128.0,2.339,,57.7,313.4,2022-07-09,12.7079,1.508888888888889,0.32989999999999997,Ride
7437149048,from snacks import *,Ride,Ride,2022-07-08T15:30:58Z,62492.8,7997,8248,378.3,125.2,202.0,7.815,,135.9,1087.2,2022-07-08,62.4928,2.221388888888889,0.3783,Ride
7421881731,Evening Ride,Ride,Ride,2022-07-05T18:33:59Z,0.0,2714,2714,0.0,126.6,143.0,0.0,,,,2022-07-05,0.0,0.7538888888888889,0.0,Ride
7409360474,impro mixte,Run,Run,2022-07-03T09:30:12Z,14860.3,5552,5770,312.8,139.5,165.0,2.677,75.3,,,2022-07-03,14.860299999999999,1.5422222222222222,0.3128,Run
7405492625,soirée sucrée,Ride,Ride,2022-07-02T16:51:58Z,90197.2,10252,10383,788.5,132.8,178.0,8.798,,196.1,2010.7,2022-07-02,90.1972,2.847777777777778,0.7885,Ride
7393752116,Lunch Ride,Ride,Ride,2022-06-30T12:14:17Z,20127.5,2955,3062,330.7,128.7,180.0,6.811,,147.6,436.2,2022-06-30,20.1275,0.8208333333333333,0.3307,Ride
7384867892,Afternoon Ride,Ride,Ride,2022-06-28T17:56:08Z,49604.0,6251,6692,379.0,129.1,165.0,7.935,,152.4,952.8,2022-06-28,49.604,1.736388888888889,0.379,Ride
7374058343,défi solstice 🌞,Ride,Ride,2022-06-26T07:43:12Z,243843.0,24917,33815,1517.3,148.0,183.0,9.786,,239.8,5973.9,2022-06-26,243.843,6.921388888888889,1.5172999999999999,Ride
7363141873,Evening Ride,Ride,Ride,2022-06-24T18:46:31Z,35969.1,4320,4527,242.1,130.8,162.0,8.326,,160.3,692.3,2022-06-24,35.9691,1.2,0.24209999999999998,Ride
7355494140,Morning Run,Run,Run,2022-06-23T05:33:36Z,3242.1,1040,1135,3.4,116.7,127.0,3.117,81.4,,,2022-06-23,3.2420999999999998,0.28888888888888886,0.0034,Run
7338067324,Lunch Ride,Ride,Ride,2022-06-19T12:36:24Z,8315.0,3241,5109,172.8,92.3,126.0,2.566,,52.7,170.7,2022-06-19,8.315,0.9002777777777777,0.1728,Ride
7329338511,Morning Ride,Ride,Ride,2022-06-18T09:35:46Z,0.0,4654,4654,0.0,157.2,180.0,0.0,,,,2022-06-18,0.0,1.2927777777777778,0.0,Ride
7328884575,Morning Ride,Ride,Ride,2022-06-18T09:19:13Z,0.0,957,957,0.0,125.2,156.0,0.0,,,,2022-06-18,0.0,0.2658333333333333,0.0,Ride
7323109239,pas un grain de plus,Run,Run,2022-06-17T06:41:22Z,7248.6,2320,2579,73.2,116.7,144.0,3.124,80.4,,,2022-06-17,7.248600000000001,0.6444444444444445,0.0732,Run
7315579674,avec le capitaine,Ride,Ride,2022-06-15T16:55:11Z,55379.4,6524,6836,329.6,130.2,165.0,8.489,,166.9,1088.6,2022-06-15,55.379400000000004,1.8122222222222222,0.3296,Ride
7309716845,Afternoon Ride,Ride,Ride,2022-06-14T16:11:32Z,21460.8,3235,3339,542.9,104.1,175.0,6.634,,174.8,565.5,2022-06-14,21.4608,0.8986111111111111,0.5428999999999999,Ride
7304430207,gang de 100 génie ,Ride,Ride,2022-06-13T16:50:15Z,53874.4,6907,8039,306.4,122.6,170.0,7.8,,144.4,997.1,2022-06-13,53.8744,1.918611111111111,0.30639999999999995,Ride
7297535994,ride de soif,Ride,Ride,2022-06-12T08:43:18Z,16408.4,5621,9383,531.5,125.0,163.0,2.919,,77.2,433.8,2022-06-12,16.4084,1.561388888888889,0.5315,Ride
7292501715,WU et stacks ,Ride,Ride,2022-06-11T09:58:25Z,93332.2,10798,11502,563.4,139.2,182.0,8.643,,176.3,1903.7,2022-06-11,93.3322,2.9994444444444444,0.5634,Ride
7282782240,tant qu'à être mouillé ,Swim,Swim,2022-06-09T17:30:06Z,3025.0,3359,3393,0.0,125.8,152.0,0.901,,,,2022-06-09,3.025,0.9330555555555555,0.0,Swim
7277643923,définitivement crémeuse,Run,Run,2022-06-08T18:11:45Z,6300.2,1822,1832,110.9,121.3,162.0,3.458,79.5,,,2022-06-08,6.3002,0.5061111111111111,0.11090000000000001,Run
7272553901,avec les fondeurs,Ride,Ride,2022-06-07T17:12:14Z,55439.3,6870,7559,245.9,119.6,166.0,8.07,,148.9,1022.9,2022-06-07,55.4393,1.9083333333333334,0.2459,Ride
7259249919,à l'heure pour le brunch,Ride,Ride,2022-06-05T02:55:35Z,204021.0,23254,24078,785.3,133.5,154.0,8.774,,160.2,3725.4,2022-06-05,204.021,6.459444444444444,0.7853,Ride
7254519354,un vrai chantier,Ride,Ride,2022-06-04T09:52:37Z,47331.4,6089,8680,364.0,122.1,168.0,7.773,,144.7,880.9,2022-06-04,47.3314,1.6913888888888888,0.364,Ride
7247755653,café-clope ,Run,Run,2022-06-03T07:03:08Z,6297.3,2086,3085,118.9,105.9,143.0,3.019,80.1,,,2022-06-03,6.2973,0.5794444444444444,0.1189,Run
7245434592,serpents et salsa verde,Ride,Ride,2022-06-02T16:31:08Z,12505.6,4624,6825,496.1,,,2.704,,83.8,387.4,2022-06-02,12.505600000000001,1.2844444444444445,0.49610000000000004,Ride
7240144155,jm'enviens callé,Ride,Ride,2022-06-01T17:10:54Z,61180.0,7439,7712,461.5,138.8,185.0,8.224,,160.4,1193.3,2022-06-01,61.18,2.066388888888889,0.4615,Ride
7234709741,toute la ville en vélo,Ride,Ride,2022-05-31T17:11:17Z,66982.2,8046,8395,404.0,132.8,173.0,8.325,,155.9,1254.6,2022-05-31,66.98219999999999,2.235,0.404,Ride
7229694756,Evening Activity,WeightTraining,WeightTraining,2022-05-30T20:42:28Z,0.0,2128,2128,0.0,59.2,92.0,0.0,,,,2022-05-30,0.0,0.5911111111111111,0.0,WeightTraining
7223811867,un peu de kamasutra,Ride,Ride,2022-05-29T10:47:18Z,18903.5,7510,16520,599.5,,,2.517,,60.2,452.2,2022-05-29,18.9035,2.0861111111111112,0.5995,Ride
7218388258,i am going my way,Ride,Ride,2022-05-28T14:40:36Z,64200.8,7453,7609,408.2,138.2,185.0,8.614,,169.6,1263.8,2022-05-28,64.2008,2.0702777777777777,0.4082,Ride
7211767626,promenade de vers de terre,Run,Run,2022-05-27T11:20:35Z,5092.6,1402,1451,76.1,117.7,173.0,3.632,79.9,,,2022-05-27,5.0926,0.3894444444444444,0.0761,Run
7203026516,Afternoon Ride,Ride,Ride,2022-05-25T16:52:06Z,62681.8,7772,9860,349.5,137.1,184.0,8.065,,151.5,1177.6,2022-05-25,62.6818,2.158888888888889,0.3495,Ride
7196961317,critérium des retraités ,Ride,Ride,2022-05-24T14:35:17Z,28084.7,3677,3771,391.5,139.5,206.0,7.638,,158.2,581.7,2022-05-24,28.0847,1.021388888888889,0.3915,Ride
7191937837,cap-rouge jazzy,Ride,Ride,2022-05-23T15:27:22Z,36444.6,4810,5423,274.2,115.4,147.0,7.577,,133.0,639.9,2022-05-23,36.4446,1.336111111111111,0.2742,Ride
7187388524,tant qu'a y être ,Run,Run,2022-05-22T17:18:50Z,3301.0,930,937,42.2,129.4,160.0,3.549,79.8,,,2022-05-22,3.301,0.25833333333333336,0.0422,Run
7187330812,Afternoon Activity,WeightTraining,WeightTraining,2022-05-22T16:56:08Z,0.0,1120,1120,0.0,71.5,104.0,0.0,,,,2022-05-22,0.0,0.3111111111111111,0.0,WeightTraining
7180524701,la belle vie quoi,Ride,Ride,2022-05-21T08:49:33Z,108691.0,12049,14859,324.1,133.4,179.0,9.021,,191.4,2305.7,2022-05-21,108.691,3.3469444444444445,0.3241,Ride
7171373770,c'est bon des barres clif,Ride,Ride,2022-05-19T17:08:26Z,53513.9,7639,8211,355.8,116.6,167.0,7.005,,121.6,928.7,2022-05-19,53.5139,2.1219444444444444,0.3558,Ride
7166129237,smile 😊 ,Ride,Ride,2022-05-18T17:36:27Z,58981.2,7453,7533,387.8,,,7.914,,137.0,1020.8,2022-05-18,58.981199999999994,2.0702777777777777,0.38780000000000003,Ride
7154569131,des amis au vent,Ride,Ride,2022-05-16T16:47:46Z,57540.0,7318,7755,458.3,135.3,188.0,7.863,,152.0,1112.0,2022-05-16,57.54,2.0327777777777776,0.4583,Ride
7149307013,week-end warriors: the beginning ,Run,Run,2022-05-15T08:23:20Z,6390.3,9440,10222,393.5,84.8,123.0,0.677,62.4,,,2022-05-15,6.3903,2.6222222222222222,0.3935,Run
7151286948,bon réveil ,Ride,Ride,2022-05-14T09:02:19Z,51233.8,8013,8783,584.0,124.9,169.0,6.394,,112.8,904.0,2022-05-14,51.2338,2.2258333333333336,0.584,Ride
7149304863,Afternoon Activity,WeightTraining,WeightTraining,2022-05-13T16:16:53Z,0.0,2122,2122,0.0,79.3,120.0,0.0,,,,2022-05-13,0.0,0.5894444444444444,0.0,WeightTraining
7132888521,Afternoon Ride,Ride,Ride,2022-05-12T16:42:48Z,47299.2,6176,7101,246.0,124.6,165.0,7.659,,132.1,815.6,2022-05-12,47.2992,1.7155555555555555,0.246,Ride
7127509851,escape,Ride,Ride,2022-05-11T16:52:49Z,46277.8,5939,6138,239.6,131.0,180.0,7.792,,133.4,792.5,2022-05-11,46.277800000000006,1.6497222222222223,0.2396,Ride
7127518842,Morning Activity,Workout,Workout,2022-05-10T06:54:15Z,8145.1,3412,4687,43.6,102.6,123.0,2.387,53.2,,,2022-05-10,8.145100000000001,0.9477777777777778,0.0436,Workout
7127517622,Afternoon Activity,Workout,Workout,2022-05-09T13:27:38Z,1451.2,1199,7214,404.4,107.6,138.0,1.21,61.4,,,2022-05-09,1.4512,0.33305555555555555,0.4044,Workout
7127516385,Morning Activity,Workout,Workout,2022-05-09T10:27:46Z,1803.0,1560,7108,396.7,118.4,149.0,1.156,50.7,,,2022-05-09,1.803,0.43333333333333335,0.3967,Workout
7127514996,Morning Activity,Workout,Workout,2022-05-08T10:00:34Z,3939.2,3230,11897,538.2,103.1,143.0,1.22,57.4,,,2022-05-08,3.9392,0.8972222222222223,0.5382,Workout
7127512360,Morning Activity,Workout,Workout,2022-05-07T10:32:10Z,9740.6,9760,20164,577.0,108.5,123.0,0.998,64.9,,,2022-05-07,9.7406,2.7111111111111112,0.577,Workout
7083935122,la meilleure défense c’est l’attaque,Ride,Ride,2022-05-03T17:40:07Z,33087.5,4513,4562,452.4,135.6,178.0,7.332,,153.4,692.2,2022-05-03,33.0875,1.253611111111111,0.45239999999999997,Ride
7073259578,frshhhshsh,Ride,Ride,2022-05-01T17:28:18Z,35401.3,4695,4714,130.3,123.8,155.0,7.54,,135.6,636.4,2022-05-01,35.401300000000006,1.3041666666666667,0.1303,Ride
7067024789,track walk,Ride,Ride,2022-04-30T16:08:52Z,6957.6,2476,3231,124.6,119.6,146.0,2.81,,52.9,131.0,2022-04-30,6.9576,0.6877777777777778,0.12459999999999999,Ride
7065904558,shakerato👌,Ride,Ride,2022-04-30T09:48:34Z,68087.9,8740,9671,463.9,132.1,178.0,7.79,,136.9,1196.8,2022-04-30,68.08789999999999,2.4277777777777776,0.4639,Ride
7061605959,Liked Songs,Ride,Ride,2022-04-29T16:48:41Z,30642.1,4285,4439,276.3,116.4,150.0,7.151,,130.5,559.1,2022-04-29,30.6421,1.1902777777777778,0.2763,Ride
7050086595,Lunch Swim,Swim,Swim,2022-04-27T11:32:09Z,3050.0,3154,3180,0.0,103.0,133.0,0.967,,,,2022-04-27,3.05,0.8761111111111111,0.0,Swim
7029923393,vélo-ski-vélo ,Ride,Ride,2022-04-23T07:18:15Z,159231.0,24513,30964,1787.6,132.7,180.0,6.496,,114.8,2815.0,2022-04-23,159.231,6.809166666666667,1.7875999999999999,Ride
7026709325,Afternoon Ride,Ride,Ride,2022-04-22T16:27:31Z,23151.6,3487,5770,202.1,117.7,155.0,6.639,,112.9,393.9,2022-04-22,23.1516,0.9686111111111111,0.2021,Ride
7014676549,Afternoon Ride,Ride,Ride,2022-04-20T16:38:25Z,0.0,3091,3091,0.0,93.2,111.0,0.0,,,,2022-04-20,0.0,0.8586111111111111,0.0,Ride
7009499337,Afternoon Activity,WeightTraining,WeightTraining,2022-04-19T17:30:11Z,0.0,1821,1821,0.0,92.4,115.0,0.0,,,,2022-04-19,0.0,0.5058333333333334,0.0,WeightTraining
7004432812,slush puppy ,Snowboard,Snowboard,2022-04-18T10:41:30Z,41672.2,9878,19163,4899.2,89.2,119.0,4.219,54.1,,,2022-04-18,41.6722,2.743888888888889,4.8991999999999996,Snowboard
6998593677,chasse aux oeufs🥚,Ride,Ride,2022-04-17T14:11:39Z,52543.0,7295,7735,439.5,119.6,144.0,7.203,,127.8,932.5,2022-04-17,52.543,2.026388888888889,0.4395,Ride
6993451390,récolte de maïs salé,Snowboard,Snowboard,2022-04-16T10:18:12Z,52253.8,11829,19555,6185.8,82.7,117.0,4.417,60.3,,,2022-04-16,52.253800000000005,3.285833333333333,6.1858,Snowboard
6987876903,heureux comme une poussière ,Ride,Ride,2022-04-15T16:30:43Z,35317.2,4509,4588,257.4,,,7.833,,144.6,652.1,2022-04-15,35.3172,1.2525,0.25739999999999996,Ride
6977753639,allez hop,Ride,Ride,2022-04-13T17:14:46Z,42457.1,5327,5327,324.9,128.7,153.0,7.97,,147.7,786.6,2022-04-13,42.4571,1.4797222222222222,0.32489999999999997,Ride
6972651510,les mollets tout blancs,Ride,Ride,2022-04-12T17:21:47Z,39938.2,5525,6003,265.4,126.2,163.0,7.229,,120.4,665.2,2022-04-12,39.938199999999995,1.5347222222222223,0.26539999999999997,Ride
6950359607,Lunch Swim,Swim,Swim,2022-04-08T11:33:31Z,3600.0,2798,2975,0.0,123.7,152.0,1.287,,,,2022-04-08,3.6,0.7772222222222223,0.0,Swim
6942374500,Afternoon Activity,NordicSki,NordicSki,2022-04-06T17:17:02Z,10249.6,2836,2950,144.5,114.7,138.0,3.614,46.9,,,2022-04-06,10.249600000000001,0.7877777777777778,0.1445,NordicSki
6937309005,bush ice inclus,NordicSki,NordicSki,2022-04-05T16:58:57Z,7686.9,2165,2586,113.7,108.4,132.0,3.551,51.8,,,2022-04-05,7.6869,0.6013888888888889,0.11370000000000001,NordicSki
6926331524,classique alex harvey dans la rode,NordicSki,NordicSki,2022-04-03T08:59:49Z,46561.4,8631,8648,1034.1,170.7,183.0,5.395,51.9,,,2022-04-03,46.5614,2.3975,1.0341,NordicSki
6921178523,kit du printemps ,NordicSki,NordicSki,2022-04-02T10:02:38Z,16819.5,3790,5558,404.9,121.5,146.0,4.438,48.7,,,2022-04-02,16.8195,1.0527777777777778,0.4049,NordicSki
6917124092,Afternoon Ride,Ride,Ride,2022-04-01T16:39:17Z,0.0,1205,1205,0.0,109.7,136.0,0.0,,,,2022-04-01,0.0,0.3347222222222222,0.0,Ride
6908814145,Afternoon Activity,NordicSki,NordicSki,2022-03-30T17:16:21Z,13064.3,3289,3289,191.6,130.7,178.0,3.972,50.3,,,2022-03-30,13.0643,0.9136111111111112,0.1916,NordicSki
6898720553,Afternoon Activity,NordicSki,NordicSki,2022-03-28T17:56:17Z,7591.4,1868,1883,94.5,144.3,192.0,4.064,50.8,,,2022-03-28,7.591399999999999,0.5188888888888888,0.0945,NordicSki
6894511438,Afternoon Ride,Ride,Ride,2022-03-27T15:11:22Z,0.0,3011,3011,0.0,124.8,142.0,0.0,,,,2022-03-27,0.0,0.8363888888888888,0.0,Ride
6885989783,collant caramel,NordicSki,NordicSki,2022-03-26T08:45:17Z,28679.3,8045,8405,585.5,151.4,177.0,3.565,52.7,,,2022-03-26,28.679299999999998,2.234722222222222,0.5855,NordicSki
6882003280,Afternoon Run,Run,Run,2022-03-25T16:23:21Z,5484.5,1698,1739,67.9,119.7,145.0,3.23,79.0,,,2022-03-25,5.4845,0.4716666666666667,0.0679,Run
6877304353,Afternoon Ride,Ride,Ride,2022-03-24T16:04:49Z,0.0,3607,3607,0.0,131.7,161.0,0.0,,,,2022-03-24,0.0,1.0019444444444445,0.0,Ride
6873052438,sans bâtons avec mathieu ,NordicSki,NordicSki,2022-03-23T17:29:41Z,5205.3,1496,1496,33.1,103.1,114.0,3.479,57.6,,,2022-03-23,5.2053,0.41555555555555557,0.033100000000000004,NordicSki
6866720897,crouté sur les deux bords,NordicSki,NordicSki,2022-03-22T16:07:53Z,20442.6,4752,4752,312.9,137.8,178.0,4.302,52.9,,,2022-03-22,20.4426,1.32,0.31289999999999996,NordicSki
6861241127,...,NordicSki,NordicSki,2022-03-21T16:56:14Z,9055.7,2612,2612,86.2,102.4,130.0,3.467,46.4,,,2022-03-21,9.0557,0.7255555555555555,0.0862,NordicSki
6854880843,la couette à l’air,BackcountrySki,BackcountrySki,2022-03-20T10:06:51Z,4236.5,3688,6461,458.0,95.6,122.0,1.149,66.1,,,2022-03-20,4.2365,1.0244444444444445,0.458,BackcountrySki
6849589169,mouski,NordicSki,NordicSki,2022-03-19T09:50:36Z,40915.0,9050,9836,826.3,154.1,191.0,4.521,51.3,,,2022-03-19,40.915,2.513888888888889,0.8262999999999999,NordicSki
6849530988,Afternoon Activity,WeightTraining,WeightTraining,2022-03-18T16:56:38Z,0.0,1357,1357,0.0,124.2,155.0,0.0,,,,2022-03-18,0.0,0.37694444444444447,0.0,WeightTraining
6844742920,école buissonnière ,Ride,Ride,2022-03-18T15:02:52Z,30847.9,5306,5441,426.2,123.6,155.0,5.814,,102.6,544.3,2022-03-18,30.847900000000003,1.4738888888888888,0.42619999999999997,Ride
6835376293,tension de surface élevée,NordicSki,NordicSki,2022-03-16T16:42:38Z,14341.0,3910,4219,218.8,131.4,157.0,3.668,47.8,,,2022-03-16,14.341,1.086111111111111,0.21880000000000002,NordicSki
6830679322,Evening Activity,NordicSki,NordicSki,2022-03-15T18:34:33Z,17197.7,4185,4792,273.2,136.7,202.0,4.109,52.8,,,2022-03-15,17.1977,1.1625,0.2732,NordicSki
6825051181,Afternoon Activity,NordicSki,NordicSki,2022-03-14T17:21:54Z,14414.7,3849,3953,220.3,131.1,166.0,3.745,52.6,,,2022-03-14,14.4147,1.0691666666666666,0.22030000000000002,NordicSki
6820538270,il faisait de bonne heure,BackcountrySki,BackcountrySki,2022-03-13T07:16:07Z,11210.5,8878,28078,1066.8,83.0,105.0,1.263,59.8,,,2022-03-13,11.2105,2.466111111111111,1.0668,BackcountrySki
6814611122,Afternoon Ride,Ride,Ride,2022-03-12T16:47:16Z,0.0,3518,3518,0.0,126.6,139.0,0.0,,,,2022-03-12,0.0,0.9772222222222222,0.0,Ride
6809487421,sympa le resto boub,NordicSki,NordicSki,2022-03-11T16:05:17Z,17876.5,4383,4383,340.6,144.5,180.0,4.079,52.9,,,2022-03-11,17.8765,1.2175,0.3406,NordicSki
6805093638,endu & builder’s tea,NordicSki,NordicSki,2022-03-10T16:59:40Z,28004.4,6444,6573,427.2,135.7,159.0,4.346,49.4,,,2022-03-10,28.0044,1.79,0.42719999999999997,NordicSki
6799991207,Afternoon Activity,NordicSki,NordicSki,2022-03-09T17:33:22Z,10356.4,3169,3241,150.9,129.4,203.0,3.268,53.9,,,2022-03-09,10.356399999999999,0.8802777777777778,0.1509,NordicSki
6795035367,Evening Activity,NordicSki,NordicSki,2022-03-08T18:26:26Z,16044.9,3891,4575,248.2,110.3,150.0,4.124,51.7,,,2022-03-08,16.0449,1.0808333333333333,0.24819999999999998,NordicSki
6785290273,patin trempé,IceSkate,IceSkate,2022-03-06T19:59:58Z,5664.1,1807,1807,0.0,84.4,97.0,3.135,65.5,,,2022-03-06,5.6641,0.5019444444444444,0.0,IceSkate
6784602100,Afternoon Ride,Ride,Ride,2022-03-06T15:37:15Z,0.0,1818,1818,0.0,118.5,134.0,0.0,,,,2022-03-06,0.0,0.505,0.0,Ride
6778183248,Lunch Activity,NordicSki,NordicSki,2022-03-05T11:43:31Z,23972.3,5454,6684,552.7,162.7,181.0,4.395,51.2,,,2022-03-05,23.9723,1.515,0.5527000000000001,NordicSki
6778180128,Morning Activity,NordicSki,NordicSki,2022-03-05T10:45:03Z,11903.8,2856,2856,202.2,152.5,178.0,4.168,61.2,,,2022-03-05,11.903799999999999,0.7933333333333333,0.2022,NordicSki
6772490584,collé ben raide,NordicSki,NordicSki,2022-03-04T11:43:22Z,15681.5,3735,3809,228.6,158.2,171.0,4.199,49.8,,,2022-03-04,15.6815,1.0375,0.2286,NordicSki
6764070247,Afternoon Activity,NordicSki,NordicSki,2022-03-02T16:52:53Z,18211.0,4753,4813,272.1,132.5,156.0,3.831,49.1,,,2022-03-02,18.211,1.3202777777777779,0.2721,NordicSki
6759303190,R&O,NordicSki,NordicSki,2022-03-01T18:25:31Z,15509.1,4025,5205,239.2,153.5,182.0,3.853,50.8,,,2022-03-01,15.5091,1.1180555555555556,0.2392,NordicSki
6750664800,Morning Activity,BackcountrySki,BackcountrySki,2022-02-27T09:27:00Z,9416.1,7598,18285,549.1,95.3,122.0,1.239,63.1,,,2022-02-27,9.4161,2.1105555555555555,0.5491,BackcountrySki
6738695376,CSA2,BackcountrySki,BackcountrySki,2022-02-25T08:54:02Z,6969.8,5840,25528,576.3,84.5,108.0,1.193,63.7,,,2022-02-25,6.9698,1.6222222222222222,0.5762999999999999,BackcountrySki
6722432413,no coffee no work,Run,Run,2022-02-22T12:12:38Z,4871.7,1367,2489,64.4,134.3,153.0,3.564,81.7,,,2022-02-22,4.8717,0.37972222222222224,0.0644,Run
6718547796,glide baby glide,NordicSki,NordicSki,2022-02-21T16:38:35Z,17105.8,3901,4277,265.3,150.4,169.0,4.385,48.8,,,2022-02-21,17.1058,1.083611111111111,0.26530000000000004,NordicSki
6713087767,boucherie d’hiver,NordicSki,NordicSki,2022-02-20T10:55:00Z,24605.3,6945,8630,615.4,151.9,182.0,3.543,54.5,,,2022-02-20,24.6053,1.9291666666666667,0.6154,NordicSki
6707614398,sauté et risqué ,BackcountrySki,BackcountrySki,2022-02-19T07:08:45Z,11232.9,9779,17502,825.9,90.9,121.0,1.149,61.2,,,2022-02-19,11.232899999999999,2.716388888888889,0.8259,BackcountrySki
6703382291,contre vents et marées ,NordicSki,NordicSki,2022-02-18T16:58:03Z,13081.4,3594,3763,135.4,144.0,170.0,3.64,49.7,,,2022-02-18,13.0814,0.9983333333333333,0.1354,NordicSki
6696716053,Morning Swim,Swim,Swim,2022-02-17T07:53:27Z,775.0,1055,3207,0.0,130.2,148.0,0.735,,,,2022-02-17,0.775,0.29305555555555557,0.0,Swim
6694774077,Afternoon Ride,Ride,Ride,2022-02-16T16:25:55Z,0.0,3603,3603,0.0,139.5,171.0,0.0,,,,2022-02-16,0.0,1.0008333333333332,0.0,Ride
6689201766,"C’est pas des skis que ça prend, c’est des patins",NordicSki,NordicSki,2022-02-15T17:13:45Z,7945.9,1890,2034,100.8,117.2,140.0,4.204,48.7,,,2022-02-15,7.9459,0.525,0.1008,NordicSki
6684200624,Afternoon Ride,Ride,Ride,2022-02-14T17:11:51Z,0.0,2913,2913,0.0,131.6,144.0,0.0,,,,2022-02-14,0.0,0.8091666666666667,0.0,Ride
6678760266,du kick en masse,NordicSki,NordicSki,2022-02-13T09:33:31Z,38799.8,10766,11123,715.9,153.7,180.0,3.604,57.0,,,2022-02-13,38.799800000000005,2.9905555555555554,0.7159,NordicSki
6664433597,Morning Activity,BackcountrySki,BackcountrySki,2022-02-10T08:47:59Z,6366.8,5931,16316,734.8,91.4,114.0,1.073,63.5,,,2022-02-10,6.3668000000000005,1.6475,0.7348,BackcountrySki
6664432143,Morning Activity,BackcountrySki,BackcountrySki,2022-02-09T08:39:44Z,10273.2,10806,26319,1125.0,96.5,118.0,0.951,60.4,,,2022-02-09,10.273200000000001,3.0016666666666665,1.125,BackcountrySki
6664429872,Morning Activity,BackcountrySki,BackcountrySki,2022-02-08T08:34:13Z,10774.2,10110,27940,1356.0,92.9,117.0,1.066,62.3,,,2022-02-08,10.7742,2.808333333333333,1.356,BackcountrySki
6664427629,Morning Activity,BackcountrySki,BackcountrySki,2022-02-07T09:12:44Z,11390.0,10323,25630,1224.9,88.9,111.0,1.103,64.0,,,2022-02-07,11.39,2.8675,1.2249,BackcountrySki
6664425273,Afternoon Run,Run,Run,2022-02-05T16:22:28Z,5839.8,1945,2494,86.9,134.1,153.0,3.002,80.3,,,2022-02-05,5.8398,0.5402777777777777,0.0869,Run
6632127005,Afternoon Ride,Ride,Ride,2022-02-04T17:56:53Z,0.0,3663,3663,0.0,135.7,176.0,0.0,,,,2022-02-04,0.0,1.0175,0.0,Ride
6622806264,Afternoon Activity,NordicSki,NordicSki,2022-02-02T17:38:23Z,14356.0,3245,3512,220.7,129.1,178.0,4.424,51.1,,,2022-02-02,14.356,0.9013888888888889,0.22069999999999998,NordicSki
6617543075,Afternoon Activity,NordicSki,NordicSki,2022-02-01T17:16:03Z,18275.1,4096,4247,287.8,144.9,167.0,4.462,48.7,,,2022-02-01,18.2751,1.1377777777777778,0.2878,NordicSki
6612797932,course à la brocheuse,Run,Run,2022-01-31T19:39:51Z,3782.9,1003,6773,16.2,128.0,147.0,3.772,80.5,,,2022-01-31,3.7829,0.2786111111111111,0.0162,Run
6612154762,Afternoon Activity,NordicSki,NordicSki,2022-01-31T16:49:51Z,15017.8,3990,4126,251.3,128.3,174.0,3.764,54.6,,,2022-01-31,15.0178,1.1083333333333334,0.2513,NordicSki
6606403691,matin pizza,BackcountrySki,BackcountrySki,2022-01-30T07:44:56Z,11303.4,8138,12256,956.8,98.0,131.0,1.389,61.2,,,2022-01-30,11.3034,2.2605555555555554,0.9568,BackcountrySki
6601377081,« coffee ride »,Ride,Ride,2022-01-29T14:14:21Z,0.0,5595,5595,0.0,137.6,161.0,0.0,,,,2022-01-29,0.0,1.5541666666666667,0.0,Ride
6596596367,Evening Run,Run,Run,2022-01-28T18:02:06Z,5335.3,1501,1514,84.0,94.8,173.0,3.555,79.9,,,2022-01-28,5.3353,0.41694444444444445,0.084,Run
6592018377,Afternoon Ride,Ride,Ride,2022-01-27T17:07:40Z,0.0,3005,3005,0.0,138.8,172.0,0.0,,,,2022-01-27,0.0,0.8347222222222223,0.0,Ride
6585524788,Lunch Swim,Swim,Swim,2022-01-26T11:33:39Z,1675.0,2279,2615,0.0,87.4,120.0,0.735,,,,2022-01-26,1.675,0.6330555555555556,0.0,Swim
6582172502,pourquoi pas,NordicSki,NordicSki,2022-01-25T17:53:17Z,15594.5,3325,3482,228.6,158.5,176.0,4.69,49.5,,,2022-01-25,15.5945,0.9236111111111112,0.2286,NordicSki
6576656365,blue light,NordicSki,NordicSki,2022-01-24T16:58:07Z,14639.9,3619,3732,219.2,141.2,167.0,4.045,49.9,,,2022-01-24,14.639899999999999,1.0052777777777777,0.21919999999999998,NordicSki
6570989529,classique fluffy,NordicSki,NordicSki,2022-01-23T09:42:46Z,16742.4,6952,8625,321.0,89.4,111.0,2.408,51.3,,,2022-01-23,16.7424,1.931111111111111,0.321,NordicSki
6566076185,cheerleader pour floflo,BackcountrySki,BackcountrySki,2022-01-22T17:52:05Z,3043.4,1941,3664,321.4,91.9,112.0,1.568,48.8,,,2022-01-22,3.0434,0.5391666666666667,0.32139999999999996,BackcountrySki
6565301619,exploration ,BackcountrySki,BackcountrySki,2022-01-22T08:31:13Z,10058.7,8702,18861,564.2,91.0,121.0,1.156,53.8,,,2022-01-22,10.0587,2.417222222222222,0.5642,BackcountrySki
6560274662,Afternoon Activity,NordicSki,NordicSki,2022-01-21T16:07:47Z,15063.0,4133,4150,229.1,142.7,168.0,3.645,59.5,,,2022-01-21,15.063,1.1480555555555556,0.2291,NordicSki
6553561705,good morning stoneham,BackcountrySki,BackcountrySki,2022-01-20T06:25:44Z,6904.2,5010,8024,751.3,106.7,148.0,1.378,55.2,,,2022-01-20,6.9041999999999994,1.3916666666666666,0.7513,BackcountrySki
6551149773,Afternoon Activity,NordicSki,NordicSki,2022-01-19T17:23:06Z,12296.4,3548,3859,170.2,149.7,183.0,3.466,51.0,,,2022-01-19,12.2964,0.9855555555555555,0.1702,NordicSki
6545916273,au gym avec les boys,NordicSki,NordicSki,2022-01-18T17:17:19Z,13961.8,3408,4139,212.7,140.2,172.0,4.097,53.1,,,2022-01-18,13.961799999999998,0.9466666666666667,0.2127,NordicSki
6540548696,Afternoon Ride,Ride,Ride,2022-01-17T17:24:14Z,0.0,3622,3622,0.0,139.5,177.0,0.0,,,,2022-01-17,0.0,1.0061111111111112,0.0,Ride
6534199043,Morning Run,Run,Run,2022-01-16T09:35:04Z,9146.3,5481,5573,459.9,111.0,142.0,1.669,71.6,,,2022-01-16,9.1463,1.5225,0.4599,Run
6528876215,un arctic monkey,NordicSki,NordicSki,2022-01-15T10:45:13Z,25790.6,7499,7765,502.2,140.5,163.0,3.439,55.0,,,2022-01-15,25.790599999999998,2.0830555555555557,0.5022,NordicSki
6519468767,Afternoon Activity,NordicSki,NordicSki,2022-01-13T16:49:20Z,11860.5,3396,3449,184.7,140.5,156.0,3.492,52.9,,,2022-01-13,11.8605,0.9433333333333334,0.18469999999999998,NordicSki
6514726178,grosse poudreuse👌,NordicSki,NordicSki,2022-01-12T16:52:25Z,18447.1,4821,5454,291.6,156.2,181.0,3.826,51.0,,,2022-01-12,18.4471,1.3391666666666666,0.2916,NordicSki
6509254310,Afternoon Ride,Ride,Ride,2022-01-11T17:19:58Z,0.0,3303,3303,0.0,147.1,177.0,0.0,,,,2022-01-11,0.0,0.9175,0.0,Ride
6493343295,pas trouvé d’agate,BackcountrySki,BackcountrySki,2022-01-08T08:33:43Z,12232.8,9501,25507,1108.9,90.4,113.0,1.288,55.0,,,2022-01-08,12.2328,2.6391666666666667,1.1089,BackcountrySki
6487539744,photo shoot,BackcountrySki,BackcountrySki,2022-01-07T09:46:42Z,6270.3,5422,15006,335.2,92.3,126.0,1.156,53.3,,,2022-01-07,6.2703,1.5061111111111112,0.3352,BackcountrySki
6483637355,à dos de cochon ,BackcountrySki,BackcountrySki,2022-01-06T08:03:53Z,11075.5,9779,25769,1111.1,92.5,120.0,1.133,52.1,,,2022-01-06,11.0755,2.716388888888889,1.1111,BackcountrySki
6478322907,croustillant sur les vallières,BackcountrySki,BackcountrySki,2022-01-05T08:07:06Z,10150.9,7765,20731,750.2,99.1,124.0,1.307,47.8,,,2022-01-05,10.1509,2.1569444444444446,0.7502000000000001,BackcountrySki
6478317691,croustillant sur les vallières,BackcountrySki,BackcountrySki,2022-01-04T10:57:58Z,7545.5,4710,16293,352.2,107.2,154.0,1.602,46.3,,,2022-01-04,7.5455,1.3083333333333333,0.3522,BackcountrySki
6478313598,Morning Activity,Workout,Workout,2022-01-04T08:23:41Z,4990.0,4298,4493,280.4,92.7,110.0,1.161,45.8,,,2022-01-04,4.99,1.193888888888889,0.2804,Workout
6474392994,la pat patrouille,BackcountrySki,BackcountrySki,2022-01-04T08:17:51Z,14883.6,11187,26099,758.4,,,1.33,,,,2022-01-04,14.8836,3.1075,0.7584,BackcountrySki
6469066043,Daltons en intro,BackcountrySki,BackcountrySki,2022-01-03T08:35:02Z,9673.5,7869,18281,755.3,,,1.229,,,,2022-01-03,9.6735,2.1858333333333335,0.7553,BackcountrySki
6468975202,Morning Activity,Workout,Workout,2022-01-03T08:28:55Z,1664.5,1907,2969,286.0,103.1,121.0,0.873,51.8,,,2022-01-03,1.6645,0.5297222222222222,0.286,Workout
6463411495,Afternoon Activity,BackcountrySki,BackcountrySki,2022-01-02T14:35:22Z,2882.6,2803,4303,354.3,97.5,123.0,1.028,48.7,,,2022-01-02,2.8826,0.7786111111111111,0.3543,BackcountrySki
6457781030,Afternoon Ride,Ride,Ride,2022-01-01T15:33:16Z,0.0,2406,2406,0.0,148.3,180.0,0.0,87.9,251.1,604.3,2022-01-01,0.0,0.6683333333333333,0.0,Ride
6456293661,Morning Activity,NordicSki,NordicSki,2022-01-01T09:18:20Z,12404.0,3638,3838,169.7,139.8,164.0,3.41,50.3,,,2022-01-01,12.404,1.0105555555555557,0.1697,NordicSki
6452517041,Morning Activity,NordicSki,NordicSki,2021-12-31T10:25:22Z,22281.5,5713,5900,322.6,140.1,161.0,3.9,50.2,,,2021-12-31,22.2815,1.5869444444444445,0.3226,NordicSki
6448230523,Lunch Activity,NordicSki,NordicSki,2021-12-30T11:07:07Z,30320.8,8013,8823,684.7,148.6,178.0,3.784,57.2,,,2021-12-30,30.3208,2.2258333333333336,0.6847000000000001,NordicSki
6443331306,Morning Ride,Ride,Ride,2021-12-29T10:57:57Z,0.0,5905,5905,0.0,134.6,176.0,0.0,85.3,204.4,1207.5,2021-12-29,0.0,1.6402777777777777,0.0,Ride
6440547207,Afternoon Activity,Workout,Workout,2021-12-28T13:07:44Z,7475.2,2708,2708,224.6,109.2,136.0,2.76,47.9,,,2021-12-28,7.4752,0.7522222222222222,0.2246,Workout
6440546691,Lunch Activity,Workout,Workout,2021-12-28T11:38:49Z,4843.7,2457,4405,158.7,105.8,181.0,1.971,51.1,,,2021-12-28,4.8437,0.6825,0.15869999999999998,Workout
6435034093,Afternoon Ride,Ride,Ride,2021-12-27T14:50:28Z,0.0,1312,1312,0.0,139.7,171.0,0.0,,,,2021-12-27,0.0,0.36444444444444446,0.0,Ride
6433911495,Morning Activity,NordicSki,NordicSki,2021-12-27T08:34:28Z,19233.5,5345,6407,291.5,147.2,168.0,3.598,51.1,,,2021-12-27,19.2335,1.4847222222222223,0.2915,NordicSki
6431274829,arpents verts ,NordicSki,NordicSki,2021-12-26T12:02:35Z,22317.1,6995,7468,578.5,135.0,158.0,3.19,53.0,,,2021-12-26,22.3171,1.9430555555555555,0.5785,NordicSki
6423643906,une fois au chalet,BackcountrySki,BackcountrySki,2021-12-24T08:52:07Z,8971.3,7523,14516,476.6,,,1.193,,,,2021-12-24,8.9713,2.089722222222222,0.4766,BackcountrySki
6404731169,Afternoon Ride,Ride,Ride,2021-12-19T15:04:10Z,0.0,3663,3663,0.0,149.9,179.0,0.0,,,,2021-12-19,0.0,1.0175,0.0,Ride
6404534148,Afternoon Run,Run,Run,2021-12-18T15:33:43Z,2985.1,1946,2108,139.6,111.2,142.0,1.534,77.3,,,2021-12-18,2.9851,0.5405555555555556,0.1396,Run
6404533328,Morning Run,Run,Run,2021-12-18T09:50:48Z,4623.0,1219,1282,18.1,134.2,157.0,3.792,83.2,,,2021-12-18,4.623,0.3386111111111111,0.0181,Run
6395647580,Afternoon Ride,Ride,Ride,2021-12-17T13:43:13Z,0.0,1808,1808,0.0,132.0,152.0,0.0,,,,2021-12-17,0.0,0.5022222222222222,0.0,Ride
6393146513,Evening Activity,IceSkate,IceSkate,2021-12-16T20:37:34Z,5347.7,1569,1569,0.0,79.5,94.0,3.408,61.8,,,2021-12-16,5.3477,0.43583333333333335,0.0,IceSkate
6388942671,tours de piste,NordicSki,NordicSki,2021-12-15T17:26:49Z,17850.4,3604,3760,118.6,157.4,177.0,4.953,54.2,,,2021-12-15,17.8504,1.001111111111111,0.1186,NordicSki
6385216240,Afternoon Activity,NordicSki,NordicSki,2021-12-14T16:59:08Z,15623.6,3544,3709,101.9,133.9,155.0,4.408,47.5,,,2021-12-14,15.6236,0.9844444444444445,0.1019,NordicSki
6380855722,Evening Swim,Swim,Swim,2021-12-13T18:36:42Z,1450.0,1807,3127,0.0,104.6,153.0,0.802,,,,2021-12-13,1.45,0.5019444444444444,0.0,Swim
6379341056,Lunch Run,Run,Run,2021-12-13T11:37:39Z,6114.9,1847,1854,20.2,134.3,181.0,3.311,80.7,,,2021-12-13,6.1149,0.5130555555555556,0.0202,Run
6370606539,dur matin avec florida,NordicSki,NordicSki,2021-12-11T09:11:27Z,3012.2,1301,1330,19.0,121.4,135.0,2.315,48.3,,,2021-12-11,3.0122,0.36138888888888887,0.019,NordicSki
6367868956,Afternoon Activity,NordicSki,NordicSki,2021-12-10T16:05:30Z,16515.2,3653,3733,112.0,163.7,181.0,4.521,52.2,,,2021-12-10,16.5152,1.0147222222222223,0.112,NordicSki
6364547574,Afternoon Ride,Ride,Ride,2021-12-09T17:17:36Z,0.0,3330,3330,0.0,156.5,213.0,0.0,,,,2021-12-09,0.0,0.925,0.0,Ride
6360423408,Afternoon Activity,NordicSki,NordicSki,2021-12-08T15:37:19Z,10076.6,2400,2400,63.5,130.1,148.0,4.199,62.7,,,2021-12-08,10.076600000000001,0.6666666666666666,0.0635,NordicSki
6356246496,c’est commencé sur les plaines !,NordicSki,NordicSki,2021-12-07T15:26:45Z,14464.8,3879,3938,95.8,124.0,168.0,3.729,58.7,,,2021-12-07,14.464799999999999,1.0775,0.0958,NordicSki
6352109262,Afternoon Activity,WeightTraining,WeightTraining,2021-12-06T16:18:13Z,0.0,743,743,0.0,86.2,121.0,0.0,,,,2021-12-06,0.0,0.2063888888888889,0.0,WeightTraining
6352054129,Afternoon Run,Run,Run,2021-12-06T15:27:53Z,6735.7,2570,2627,87.4,133.5,169.0,2.621,79.8,,,2021-12-06,6.7357,0.7138888888888889,0.0874,Run
6341553421,Morning Ride,Ride,Ride,2021-12-04T06:06:04Z,0.0,2703,2703,0.0,141.4,164.0,0.0,87.4,241.1,651.9,2021-12-04,0.0,0.7508333333333334,0.0,Ride
6334876982,Lunch Swim,Swim,Swim,2021-12-02T12:04:36Z,1800.0,2784,3274,0.0,120.4,151.0,0.647,,,,2021-12-02,1.8,0.7733333333333333,0.0,Swim
6331974687,Afternoon Ride,Ride,Ride,2021-12-01T17:22:04Z,0.0,3672,3672,0.0,145.2,179.0,0.0,,,,2021-12-01,0.0,1.02,0.0,Ride
6327751131,Afternoon Run,Run,Run,2021-11-30T17:12:17Z,9434.6,2802,2863,115.1,133.5,153.0,3.367,80.3,,,2021-11-30,9.4346,0.7783333333333333,0.1151,Run
6323427322,Afternoon Activity,Yoga,Yoga,2021-11-29T17:29:28Z,0.0,1745,1745,0.0,52.9,75.0,0.0,,,,2021-11-29,0.0,0.4847222222222222,0.0,Yoga
6318857766,Lunch Activity,NordicSki,NordicSki,2021-11-28T11:44:08Z,16279.1,4160,4311,336.3,154.4,169.0,3.913,45.9,,,2021-11-28,16.2791,1.1555555555555554,0.3363,NordicSki
6318480946,Morning Activity,NordicSki,NordicSki,2021-11-28T10:22:05Z,11738.5,3248,4064,194.7,154.6,177.0,3.614,51.3,,,2021-11-28,11.7385,0.9022222222222223,0.19469999999999998,NordicSki
6314707251,Afternoon Ride,Ride,Ride,2021-11-27T14:36:03Z,0.0,4238,4238,0.0,148.5,177.0,0.0,,,,2021-11-27,0.0,1.1772222222222222,0.0,Ride
6313471379,Morning Run,Run,Run,2021-11-27T08:52:33Z,4862.3,3176,3704,339.8,123.7,158.0,1.531,72.3,,,2021-11-27,4.8623,0.8822222222222222,0.3398,Run
6310054989,la nouvelle discipline : bagel- jog,Run,Run,2021-11-26T11:49:44Z,8542.7,2396,2898,33.8,132.6,157.0,3.565,80.1,,,2021-11-26,8.5427,0.6655555555555556,0.0338,Run
6306445988,Lunch Swim,Swim,Swim,2021-11-25T12:03:26Z,2625.0,2955,3297,0.0,138.1,164.0,0.888,,,,2021-11-25,2.625,0.8208333333333333,0.0,Swim
6303246611,Afternoon Ride,Ride,Ride,2021-11-24T16:44:05Z,0.0,3740,3740,0.0,146.5,177.0,0.0,,,,2021-11-24,0.0,1.038888888888889,0.0,Ride
6298754814,Afternoon Run,Run,Run,2021-11-23T16:23:04Z,11846.9,3157,3403,90.4,144.0,183.0,3.753,81.2,,,2021-11-23,11.8469,0.8769444444444444,0.09040000000000001,Run
6290268140,Afternoon Activity,WeightTraining,WeightTraining,2021-11-21T16:22:18Z,0.0,481,481,0.0,81.5,148.0,0.0,,,,2021-11-21,0.0,0.13361111111111112,0.0,WeightTraining
6290201962,Afternoon Run,Run,Run,2021-11-21T15:46:02Z,6306.4,1804,1825,20.8,125.7,139.0,3.496,79.9,,,2021-11-21,6.3064,0.5011111111111111,0.0208,Run
6283428912,Morning Run,Run,Run,2021-11-20T07:55:56Z,8380.2,5176,5389,622.9,120.6,159.0,1.619,71.8,,,2021-11-20,8.3802,1.4377777777777778,0.6229,Run
6280665428,Afternoon Ride,Ride,Ride,2021-11-19T17:09:55Z,0.0,3602,3602,0.0,149.9,180.0,0.0,,,,2021-11-19,0.0,1.0005555555555556,0.0,Ride
6276670654,Afternoon Swim,Swim,Swim,2021-11-18T16:02:52Z,3650.0,2598,2608,0.0,124.7,151.0,1.405,,,,2021-11-18,3.65,0.7216666666666667,0.0,Swim
6272390348,full crystal snowball mode,Run,Run,2021-11-17T16:52:53Z,10518.3,2830,2907,86.8,144.6,178.0,3.717,80.7,,,2021-11-17,10.5183,0.7861111111111111,0.0868,Run
6267900923,Afternoon Ride,Ride,Ride,2021-11-16T16:50:08Z,0.0,4803,4803,0.0,145.6,174.0,0.0,,,,2021-11-16,0.0,1.3341666666666667,0.0,Ride
6263313155,Afternoon Activity,Yoga,Yoga,2021-11-15T17:39:03Z,0.0,1816,1816,0.0,55.6,77.0,0.0,,,,2021-11-15,0.0,0.5044444444444445,0.0,Yoga
6257021586,Morning Run,Run,Run,2021-11-14T08:19:44Z,9353.4,2633,2786,98.8,143.3,174.0,3.552,80.6,,,2021-11-14,9.353399999999999,0.7313888888888889,0.0988,Run
6252211517,Morning Run,Run,Run,2021-11-13T08:13:45Z,9950.9,6117,6446,468.6,122.8,147.0,1.627,72.2,,,2021-11-13,9.950899999999999,1.6991666666666667,0.4686,Run
6249126392,Afternoon Ride,Ride,Ride,2021-11-12T16:22:16Z,0.0,4819,4819,0.0,152.7,179.0,0.0,,,,2021-11-12,0.0,1.3386111111111112,0.0,Ride
6244218890,Lunch Swim,Swim,Swim,2021-11-11T12:04:53Z,2600.0,2869,3458,0.0,125.4,151.0,0.906,,,,2021-11-11,2.6,0.7969444444444445,0.0,Swim
6240672635,Afternoon Ride,Ride,Ride,2021-11-10T15:49:10Z,59182.3,7638,7856,354.2,129.8,174.0,7.748,,138.2,1055.2,2021-11-10,59.182300000000005,2.1216666666666666,0.3542,Ride
6236000799,tour de ville,Run,Run,2021-11-09T16:31:47Z,9309.9,2883,2995,122.0,136.1,167.0,3.229,78.6,,,2021-11-09,9.309899999999999,0.8008333333333333,0.122,Run
6221123536,Afternoon Run,Run,Run,2021-11-06T13:09:22Z,5728.2,2633,4276,292.0,128.1,157.0,2.176,74.0,,,2021-11-06,5.7282,0.7313888888888889,0.292,Run
6216252198,Afternoon Ride,Ride,Ride,2021-11-05T14:59:52Z,0.0,2418,2418,0.0,151.9,177.0,0.0,,,,2021-11-05,0.0,0.6716666666666666,0.0,Ride
6213411902,Lunch Swim,Swim,Swim,2021-11-04T12:25:05Z,1100.0,941,2228,0.0,120.8,140.0,1.169,,,,2021-11-04,1.1,0.2613888888888889,0.0,Swim
6208255533,Afternoon Ride,Ride,Ride,2021-11-03T17:27:17Z,32027.3,4001,4025,466.5,125.5,181.0,8.005,,164.4,657.6,2021-11-03,32.0273,1.111388888888889,0.4665,Ride
6202249937,de retour aux vieilles amours,Swim,Swim,2021-11-02T12:06:46Z,2325.0,2765,3099,0.0,132.1,166.0,0.841,,,,2021-11-02,2.325,0.7680555555555556,0.0,Swim
6194563534,parmis les halloweeneux,Run,Run,2021-10-31T17:18:07Z,10238.6,2948,2974,128.5,134.4,166.0,3.473,79.6,,,2021-10-31,10.2386,0.8188888888888889,0.1285,Run
6188042973,la convection est un mode de transfert de chaleur efficace ,Ride,Ride,2021-10-30T08:28:45Z,95082.6,11403,11900,921.4,142.6,174.0,8.338,,172.6,1968.2,2021-10-30,95.0826,3.1675,0.9214,Ride
6184498437,Afternoon Swim,Swim,Swim,2021-10-29T16:29:25Z,1500.0,1351,1890,0.0,154.2,195.0,1.11,,,,2021-10-29,1.5,0.37527777777777777,0.0,Swim
6180628196,wind tunnel,Ride,Ride,2021-10-28T16:47:00Z,31511.8,4107,4454,282.0,119.8,149.0,7.673,,151.7,623.1,2021-10-28,31.5118,1.1408333333333334,0.282,Ride
6174537864,Lunch Run,Run,Run,2021-10-27T11:29:09Z,6825.8,1952,2035,105.3,113.1,181.0,3.497,80.2,,,2021-10-27,6.8258,0.5422222222222223,0.10529999999999999,Run
6171419941,nous sommes allés à la plage,Ride,Ride,2021-10-26T16:09:40Z,66488.7,8357,9595,478.9,133.2,183.0,7.956,,157.0,1311.7,2021-10-26,66.4887,2.321388888888889,0.4789,Ride
6161765562,baroudeurs dans le vent,Ride,Ride,2021-10-24T10:38:49Z,96948.3,12126,15625,739.0,134.8,188.0,7.995,,158.1,1916.9,2021-10-24,96.9483,3.368333333333333,0.739,Ride
6156000651,coffee ride,Ride,Ride,2021-10-23T10:31:54Z,81939.9,9074,11035,165.1,129.4,191.0,9.03,78.5,15.3,142.6,2021-10-23,81.9399,2.5205555555555557,0.1651,Ride
6151647896,Afternoon Run,Run,Run,2021-10-22T17:15:42Z,6284.5,2054,2279,102.8,122.1,148.0,3.06,79.7,,,2021-10-22,6.2845,0.5705555555555556,0.1028,Run
6147610490,Afternoon Ride,Ride,Ride,2021-10-21T17:22:37Z,0.0,3708,3708,0.0,147.4,177.0,0.0,,,,2021-10-21,0.0,1.03,0.0,Ride
6143102644,Afternoon Run,Run,Run,2021-10-20T17:24:36Z,7083.2,2449,2616,107.1,109.1,150.0,2.892,78.1,,,2021-10-20,7.0832,0.6802777777777778,0.1071,Run
6133167725,Afternoon Run,Run,Run,2021-10-18T16:42:23Z,6151.3,1999,2234,104.6,112.2,143.0,3.077,80.2,,,2021-10-18,6.1513,0.5552777777777778,0.1046,Run
6128004705,chasse avec arme à deux roues,Ride,Ride,2021-10-17T09:16:26Z,93405.0,11982,13553,538.9,140.9,182.0,7.795,,137.9,1651.8,2021-10-17,93.405,3.328333333333333,0.5388999999999999,Ride
6122072543,bagel maguire à la rescousse ,Run,Run,2021-10-16T11:09:35Z,8836.5,2601,2773,92.8,118.9,180.0,3.397,80.9,,,2021-10-16,8.8365,0.7225,0.0928,Run
6116229547,cartel coffee ride,Ride,Ride,2021-10-15T07:34:41Z,37484.9,4290,4365,466.5,137.1,170.0,8.738,,194.9,836.1,2021-10-15,37.4849,1.1916666666666667,0.4665,Ride
6113897359,party mix,Run,Run,2021-10-14T17:03:31Z,8095.5,2436,2633,155.5,134.1,176.0,3.323,80.7,,,2021-10-14,8.0955,0.6766666666666666,0.1555,Run
6109140705,été des indiens,Ride,Ride,2021-10-13T15:48:48Z,13438.3,4390,6517,522.8,133.7,162.0,3.061,,98.8,433.8,2021-10-13,13.4383,1.2194444444444446,0.5227999999999999,Ride
6104455433,classique #2,Ride,Ride,2021-10-12T17:42:54Z,13687.9,1782,1867,106.7,134.4,166.0,7.681,,141.5,252.1,2021-10-12,13.687899999999999,0.495,0.1067,Ride
6104470322,classique 👌,Ride,Ride,2021-10-12T16:05:06Z,50855.0,5658,5753,306.1,148.5,190.0,8.988,,186.5,1055.1,2021-10-12,50.855,1.5716666666666668,0.30610000000000004,Ride
6097049805,orange vif,Run,Run,2021-10-11T07:33:15Z,7282.8,4979,5672,625.5,106.8,136.0,1.463,67.2,,,2021-10-11,7.2828,1.3830555555555555,0.6255,Run
6081787142,☕️ ride,Ride,Ride,2021-10-08T07:32:05Z,37918.9,4372,4372,539.8,145.9,169.0,8.673,,196.6,859.7,2021-10-08,37.9189,1.2144444444444444,0.5398,Ride
6075097595,cx lévis: la finale,Ride,Ride,2021-10-06T18:13:37Z,13908.4,2622,2622,175.7,182.6,189.0,5.305,,113.4,297.3,2021-10-06,13.9084,0.7283333333333334,0.1757,Ride
6075097485,Afternoon Ride,Ride,Ride,2021-10-06T17:39:07Z,5926.3,1491,1814,0.0,140.8,170.0,3.975,,29.6,44.1,2021-10-06,5.9263,0.4141666666666667,0.0,Ride
6069527650,duathlon,Ride,Ride,2021-10-05T17:00:39Z,13390.7,4518,5765,0.0,133.6,169.0,2.964,,33.1,149.6,2021-10-05,13.3907,1.255,0.0,Ride
6064334294,Afternoon Run,Run,Run,2021-10-04T17:07:11Z,7139.7,2174,2268,134.5,134.3,175.0,3.284,80.4,,,2021-10-04,7.1396999999999995,0.6038888888888889,0.1345,Run
6060046277,Afternoon Ride,Ride,Ride,2021-10-03T17:53:42Z,10777.1,1926,2063,135.6,122.8,150.0,5.596,,89.2,171.9,2021-10-03,10.7771,0.535,0.1356,Ride
6069074672,Lunch Ride,Ride,Ride,2021-10-02T12:14:04Z,20611.8,6134,11953,786.6,139.2,183.0,3.36,,118.1,724.2,2021-10-02,20.6118,1.7038888888888888,0.7866000000000001,Ride
6044919148,Evening Run,Run,Run,2021-09-30T18:07:52Z,5425.6,1661,1667,116.6,136.7,165.0,3.266,80.2,,,2021-09-30,5.4256,0.4613888888888889,0.1166,Run
6040434962,cx lévis avec beurre de peanut inclus,Ride,Ride,2021-09-29T18:18:46Z,11764.9,2427,2427,211.3,98.5,196.0,4.848,,121.6,295.0,2021-09-29,11.764899999999999,0.6741666666666667,0.21130000000000002,Ride
6040434809,Afternoon Ride,Ride,Ride,2021-09-29T17:48:48Z,2227.2,487,1490,25.8,126.1,153.0,4.573,,74.0,36.0,2021-09-29,2.2272,0.13527777777777777,0.0258,Ride
6032123812,2 wake up 1 café gris,Ride,Ride,2021-09-28T07:08:52Z,19857.1,3409,3409,310.7,120.8,161.0,5.825,,103.3,352.2,2021-09-28,19.8571,0.9469444444444445,0.3107,Ride
6024816982,coupe du qc xco,Ride,Ride,2021-09-26T15:00:39Z,18020.4,4541,4601,539.1,164.7,186.0,3.968,,124.8,566.9,2021-09-26,18.020400000000002,1.261388888888889,0.5391,Ride
6024816184,Afternoon Ride,Ride,Ride,2021-09-26T14:19:50Z,10847.4,1623,1836,119.6,113.9,162.0,6.684,,116.6,189.2,2021-09-26,10.8474,0.4508333333333333,0.1196,Ride
6024816192,Afternoon Ride,Ride,Ride,2021-09-25T15:43:13Z,9019.2,3012,3288,278.3,140.0,176.0,2.994,,102.0,307.2,2021-09-25,9.019200000000001,0.8366666666666667,0.2783,Ride
6003879577,cx lévis,Ride,Ride,2021-09-22T18:28:39Z,13547.7,2782,2797,183.5,182.0,188.0,4.87,,109.6,305.0,2021-09-22,13.5477,0.7727777777777778,0.1835,Ride
6003702594,Evening Ride,Ride,Ride,2021-09-22T18:11:17Z,1743.1,509,834,20.8,144.3,169.0,3.425,,68.0,34.6,2021-09-22,1.7430999999999999,0.1413888888888889,0.0208,Ride
6003620437,Afternoon Ride,Ride,Ride,2021-09-22T16:38:04Z,10189.3,2215,4833,128.8,122.7,168.0,4.6,,91.1,201.8,2021-09-22,10.1893,0.6152777777777778,0.1288,Ride
6000430537,oh soleil soleil,Ride,Ride,2021-09-21T07:10:26Z,14342.3,4601,5876,530.3,148.1,172.0,3.117,,92.5,425.7,2021-09-21,14.3423,1.2780555555555555,0.5303,Ride
5985772905,hibou avec boubou,Run,Run,2021-09-19T07:45:33Z,6920.7,5930,6696,448.9,98.4,135.0,1.167,,,,2021-09-19,6.9207,1.6472222222222221,0.44889999999999997,Run
5981608311,grasse matinée ,Ride,Ride,2021-09-18T11:06:34Z,28548.6,9393,12189,1110.9,146.1,179.0,3.039,,95.1,893.5,2021-09-18,28.548599999999997,2.609166666666667,1.1109,Ride
5980101176,Afternoon Ride,Workout,Workout,2021-09-16T17:39:00Z,3614.1,1737,1810,4.6,105.8,126.0,2.081,,,,2021-09-16,3.6141,0.4825,0.0046,Workout
5980101158,Evening Ride,Ride,Ride,2021-09-15T19:26:08Z,7593.8,1475,3638,0.0,121.3,158.0,5.148,,133.8,197.4,2021-09-15,7.5938,0.4097222222222222,0.0,Ride
5966913673,CX lévis,Ride,Ride,2021-09-15T18:20:19Z,13660.7,2636,2636,110.7,182.9,187.0,5.182,,94.7,249.7,2021-09-15,13.6607,0.7322222222222222,0.1107,Ride
5966913774,Afternoon Ride,Ride,Ride,2021-09-15T16:26:02Z,17474.3,3522,6567,166.0,136.3,175.0,4.961,,93.8,330.3,2021-09-15,17.4743,0.9783333333333334,0.166,Ride
5955979191,attention au #650,Ride,Ride,2021-09-13T17:13:01Z,33085.8,4349,4432,325.5,134.0,183.0,7.608,,145.0,630.5,2021-09-13,33.085800000000006,1.2080555555555557,0.3255,Ride
5942482033,pas chaud pas chaud,Ride,Ride,2021-09-11T06:55:45Z,49431.5,7148,10411,243.1,,,6.915,,101.0,721.6,2021-09-11,49.4315,1.9855555555555555,0.24309999999999998,Ride
5939123496,"face à l’ouest, face au vent",Ride,Ride,2021-09-10T15:19:57Z,50625.4,7980,11605,229.2,105.7,139.0,6.344,,80.0,638.7,2021-09-10,50.6254,2.216666666666667,0.2292,Ride
5929351256,cx 👌,Ride,Ride,2021-09-08T18:27:34Z,13694.4,2785,2808,119.7,182.8,190.0,4.917,,91.9,256.0,2021-09-08,13.6944,0.7736111111111111,0.1197,Ride
5929351136,Afternoon Ride,Ride,Ride,2021-09-08T17:37:16Z,6426.6,1914,2638,80.8,141.3,176.0,3.358,,66.9,128.0,2021-09-08,6.4266000000000005,0.5316666666666666,0.0808,Ride
5923517926,s’ouvrir l’appétit,Ride,Ride,2021-09-07T17:11:38Z,18066.3,2723,2774,276.8,125.4,178.0,6.635,,139.1,378.8,2021-09-07,18.0663,0.7563888888888889,0.2768,Ride
5910785974,mestachibo,Run,Run,2021-09-05T09:35:05Z,5541.3,4125,5582,15.2,113.5,181.0,1.343,,,,2021-09-05,5.541300000000001,1.1458333333333333,0.0152,Run
5905983999,exploration en solo,Ride,Ride,2021-09-04T11:09:03Z,99060.2,13190,14881,1630.1,135.5,182.0,7.51,,160.6,2118.7,2021-09-04,99.0602,3.6638888888888888,1.6300999999999999,Ride
5898350560,coffee ride,Ride,Ride,2021-09-03T07:27:35Z,38186.1,4399,4749,498.9,151.6,184.0,8.681,78.4,96.1,447.8,2021-09-03,38.186099999999996,1.2219444444444445,0.49889999999999995,Ride
5895811389,quick and dirty,Ride,Ride,2021-09-02T17:32:44Z,18231.7,3201,3229,382.2,141.7,180.0,5.696,,145.0,464.1,2021-09-02,18.2317,0.8891666666666667,0.3822,Ride
5890249931,Afternoon Ride,Run,Run,2021-09-01T17:01:32Z,5382.2,2233,2288,139.5,119.7,173.0,2.41,,,,2021-09-01,5.3822,0.6202777777777778,0.1395,Run
5890249927,Morning Ride,Ride,Ride,2021-08-31T07:45:09Z,15032.1,2873,5227,204.7,97.4,128.0,5.232,,81.2,233.3,2021-08-31,15.0321,0.7980555555555555,0.2047,Ride
5879399623,trail urbain ,Run,Run,2021-08-30T18:12:39Z,4806.6,1685,1812,108.3,136.3,175.0,2.853,,,,2021-08-30,4.8066,0.46805555555555556,0.1083,Run
5872148386,when the city sleep.. i ride,Ride,Ride,2021-08-29T07:00:17Z,71246.1,8904,9060,716.7,,,8.002,,156.1,1389.7,2021-08-29,71.24610000000001,2.473333333333333,0.7167,Ride
5872146276,Morning Ride,Ride,Ride,2021-08-28T10:45:38Z,7725.7,1570,2318,26.6,,,4.921,,33.5,52.6,2021-08-28,7.7257,0.4361111111111111,0.026600000000000002,Ride
5861242866,coffee ride ,Ride,Ride,2021-08-27T07:34:57Z,37795.0,4233,4233,540.0,149.0,170.0,8.929,78.2,31.0,156.8,2021-08-27,37.795,1.1758333333333333,0.54,Ride
5858570030,petit jog,Run,Run,2021-08-26T17:09:37Z,4734.9,1856,1874,4.2,130.6,170.0,2.551,,,,2021-08-26,4.7349,0.5155555555555555,0.004200000000000001,Run
5850418440,Morning Ride,Ride,Ride,2021-08-25T07:02:12Z,32907.0,3926,4134,497.5,138.7,175.0,8.382,,181.3,711.8,2021-08-25,32.907,1.0905555555555555,0.4975,Ride
5835509200,aventure au lac gervais,Run,Run,2021-08-22T10:35:25Z,3392.7,1958,4296,250.9,123.7,166.0,1.733,,,,2021-08-22,3.3926999999999996,0.5438888888888889,0.2509,Run
5830066759,Morning Ride,Ride,Ride,2021-08-21T10:08:52Z,66118.3,8002,9570,265.9,155.4,191.0,8.263,,149.3,1194.9,2021-08-21,66.1183,2.222777777777778,0.26589999999999997,Ride
5825292922,Afternoon Ride,Ride,Ride,2021-08-20T15:35:11Z,24136.1,3521,3647,428.6,127.2,164.0,6.855,,154.6,544.2,2021-08-20,24.1361,0.9780555555555556,0.42860000000000004,Ride
5799359486,GBC500 d'un trait,Ride,Ride,2021-08-14T08:30:00Z,502000.0,75600,75600,6933.0,,,6.64,,,,2021-08-14,502.0,21.0,6.933,Ride
5777719729,Afternoon Ride,Ride,Ride,2021-08-11T17:00:48Z,24068.0,3293,3310,363.1,117.6,143.0,7.309,,141.6,466.2,2021-08-11,24.068,0.9147222222222222,0.36310000000000003,Ride
5766737452,beau petit lundi,Ride,Ride,2021-08-09T17:02:55Z,33925.6,4808,5157,207.9,100.3,131.0,7.056,,108.7,522.5,2021-08-09,33.925599999999996,1.3355555555555556,0.2079,Ride
5755959380,Evening Ride,Ride,Ride,2021-08-07T20:18:36Z,11845.4,1687,2705,61.7,,,7.022,,102.0,172.1,2021-08-07,11.8454,0.4686111111111111,0.061700000000000005,Ride
5750642932,bélair dans la boucane,Ride,Ride,2021-08-06T16:49:15Z,65555.4,8293,8894,701.0,139.9,182.0,7.905,,170.6,1415.2,2021-08-06,65.55539999999999,2.303611111111111,0.701,Ride
5750646317,Afternoon Ride,Ride,Ride,2021-08-05T17:02:47Z,20181.3,2949,7532,0.0,123.6,165.0,6.843,,46.6,137.5,2021-08-05,20.1813,0.8191666666666667,0.0,Ride
5729171128,commuting,Ride,Ride,2021-08-02T06:04:49Z,320034.0,37093,39158,1317.0,130.2,154.0,8.628,,162.7,6033.4,2021-08-02,320.034,10.303611111111111,1.317,Ride
5750646178,Morning Ride,Ride,Ride,2021-07-31T09:28:03Z,20046.8,5048,8195,285.4,,,3.971,,65.3,329.7,2021-07-31,20.046799999999998,1.4022222222222223,0.2854,Ride
5707082765,miguasha entre boyz,Ride,Ride,2021-07-29T09:09:41Z,121979.0,13086,16033,1023.7,,,9.321,,216.6,2834.6,2021-07-29,121.979,3.635,1.0237,Ride
5697407690,Afternoon Ride,Ride,Ride,2021-07-27T14:07:33Z,33286.4,6814,8362,873.2,,,4.885,,128.4,874.6,2021-07-27,33.2864,1.8927777777777777,0.8732000000000001,Ride
5695264002,Afternoon Ride,Ride,Ride,2021-07-26T15:22:14Z,14759.1,2951,4557,410.6,135.9,184.0,5.001,,125.9,371.7,2021-07-26,14.7591,0.8197222222222222,0.4106,Ride
5671488977,amuse bouche👌,Ride,Ride,2021-07-22T18:04:34Z,40988.9,5341,5481,0.0,144.5,181.0,7.674,,96.7,516.2,2021-07-22,40.9889,1.4836111111111112,0.0,Ride
5671489082,Afternoon Ride,Ride,Ride,2021-07-21T15:31:16Z,48335.5,5866,6112,0.0,129.3,166.0,8.24,,78.7,461.7,2021-07-21,48.3355,1.6294444444444445,0.0,Ride
5654869425,Afternoon Ride,Ride,Ride,2021-07-19T16:07:59Z,90046.9,10095,10151,749.7,139.5,174.0,8.92,78.2,201.4,2037.1,2021-07-19,90.0469,2.8041666666666667,0.7497,Ride
5642341850,En mode barista,Ride,Ride,2021-07-17T08:22:03Z,75729.9,8227,11620,241.2,138.0,184.0,9.205,67.2,5.6,46.8,2021-07-17,75.7299,2.285277777777778,0.2412,Ride
5636291095,critérium matinal,Ride,Ride,2021-07-16T07:32:26Z,41352.2,4336,4336,598.9,145.6,176.0,9.537,82.4,247.9,1076.6,2021-07-16,41.352199999999996,1.2044444444444444,0.5989,Ride
5628686257,Afternoon Ride,Ride,Ride,2021-07-14T17:02:43Z,34141.0,4659,4702,465.4,132.4,181.0,7.328,,157.2,732.4,2021-07-14,34.141,1.2941666666666667,0.4654,Ride
5618355961,Afternoon Ride,Ride,Ride,2021-07-12T17:28:24Z,11253.0,4013,7282,377.0,119.2,183.0,2.804,,70.3,282.1,2021-07-12,11.253,1.1147222222222222,0.377,Ride
5613450438,sortie gourmande,Ride,Ride,2021-07-11T14:16:45Z,14051.8,3098,5577,152.0,,,4.536,,69.3,214.7,2021-07-11,14.0518,0.8605555555555555,0.152,Ride
5606330823,Buckland sur gravelle,Ride,Ride,2021-07-10T08:57:03Z,126250.0,16202,16618,2755.2,171.7,194.0,7.792,,219.2,3551.6,2021-07-10,126.25,4.500555555555556,2.7552,Ride
5601796688,Afternoon Ride,Ride,Ride,2021-07-09T17:10:27Z,23291.3,3245,3245,0.0,133.2,178.0,7.178,,76.1,247.0,2021-07-09,23.2913,0.9013888888888889,0.0,Ride
5591855807,1-2 test,Ride,Ride,2021-07-07T16:46:28Z,27508.6,3873,3873,488.6,133.4,184.0,7.103,71.3,167.2,647.2,2021-07-07,27.508599999999998,1.0758333333333334,0.48860000000000003,Ride
5581270659,1-0 contre vélo électrique,Ride,Ride,2021-07-05T16:49:02Z,23106.8,3235,3343,180.8,123.4,182.0,7.143,,125.3,405.4,2021-07-05,23.1068,0.8986111111111111,0.18080000000000002,Ride
5576131124,ice cream ride👌,Ride,Ride,2021-07-04T13:06:43Z,63751.5,8416,9018,293.2,125.2,173.0,7.575,,128.0,1077.3,2021-07-04,63.7515,2.3377777777777777,0.2932,Ride
5569321650,trouver le flow au sdm,Ride,Ride,2021-07-03T09:57:41Z,16019.3,5792,8373,598.2,142.6,177.0,2.766,,89.3,517.2,2021-07-03,16.019299999999998,1.6088888888888888,0.5982000000000001,Ride
5560350858,c’est toujours plus le fun avec des bas funky,Ride,Ride,2021-07-01T14:56:18Z,57852.3,7321,8049,652.1,128.2,184.0,7.902,75.8,187.9,1365.7,2021-07-01,57.8523,2.033611111111111,0.6521,Ride
5555512908,gravel urbain,Ride,Ride,2021-06-30T17:49:12Z,26731.0,3682,3795,169.3,117.3,158.0,7.26,,125.8,463.2,2021-06-30,26.731,1.0227777777777778,0.1693,Ride
5550767871,Afternoon Ride,Ride,Ride,2021-06-29T17:14:34Z,46397.4,6565,6880,324.5,111.3,160.0,7.067,67.5,117.7,774.3,2021-06-29,46.397400000000005,1.823611111111111,0.3245,Ride
5539022280,magog prise 2,Ride,Ride,2021-06-27T10:12:41Z,41910.9,7308,8653,627.0,103.0,143.0,5.735,,103.0,752.8,2021-06-27,41.9109,2.03,0.627,Ride
5534905893,Sortie à vélo le soir,Ride,Ride,2021-06-26T20:30:00Z,40000.0,4800,4800,0.0,,,8.333,,,,2021-06-26,40.0,1.3333333333333333,0.0,Ride
5533118532,refroidissement liquide👌,Ride,Ride,2021-06-26T08:22:33Z,128370.0,14234,15022,1257.7,148.4,178.0,9.019,81.5,236.9,3363.7,2021-06-26,128.37,3.953888888888889,1.2577,Ride
5524001513,Afternoon Ride,Ride,Ride,2021-06-24T16:42:35Z,13673.2,1918,1954,202.8,118.1,135.0,7.129,77.3,162.0,309.8,2021-06-24,13.673200000000001,0.5327777777777778,0.2028,Ride
5518897387,mercredi vo2,Ride,Ride,2021-06-23T16:38:58Z,34303.1,4790,5002,596.4,145.6,187.0,7.161,71.8,176.1,844.6,2021-06-23,34.3031,1.3305555555555555,0.5963999999999999,Ride
5513707050,Afternoon Ride,Ride,Ride,2021-06-22T17:20:41Z,56668.1,6633,6759,161.6,121.9,161.0,8.543,76.7,194.0,1274.9,2021-06-22,56.668099999999995,1.8425,0.1616,Ride
5502597249,dimanche barre-tendre avec les estriens,Ride,Ride,2021-06-20T08:39:32Z,118684.0,16797,19272,1978.0,148.7,188.0,7.066,,156.8,2633.6,2021-06-20,118.684,4.6658333333333335,1.978,Ride
5495666765,méli-mélo à orford,Ride,Ride,2021-06-19T07:27:30Z,67893.4,9194,10808,816.2,142.8,183.0,7.385,,150.1,1380.4,2021-06-19,67.8934,2.553888888888889,0.8162,Ride
5482241197,Afternoon Ride,Ride,Ride,2021-06-16T16:31:42Z,33167.3,4311,4448,524.3,137.8,181.0,7.694,73.5,187.7,809.5,2021-06-16,33.167300000000004,1.1975,0.5243,Ride
5476687438,Afternoon Ride,Ride,Ride,2021-06-15T17:19:35Z,0.0,3660,3660,0.0,127.6,147.0,0.0,84.2,203.2,744.3,2021-06-15,0.0,1.0166666666666666,0.0,Ride
5470921019,Afternoon Ride,Ride,Ride,2021-06-14T17:52:03Z,21209.7,2765,2765,323.8,114.2,131.0,7.671,82.9,186.4,515.1,2021-06-14,21.2097,0.7680555555555556,0.32380000000000003,Ride
5463927254,"1er mtb de la saison, il était temps!",Ride,Ride,2021-06-13T09:30:58Z,15999.0,5738,6582,603.4,137.9,174.0,2.788,,86.3,495.4,2021-06-13,15.999,1.593888888888889,0.6033999999999999,Ride
5459420063,fa bo fa cho,Ride,Ride,2021-06-12T13:28:13Z,103169.0,11505,12380,1020.3,145.1,184.0,8.967,79.1,221.0,2544.6,2021-06-12,103.169,3.1958333333333333,1.0203,Ride
5449062618,Afternoon Ride,Ride,Ride,2021-06-10T16:45:17Z,62820.8,7968,8489,464.4,120.3,166.0,7.884,72.1,177.0,1405.8,2021-06-10,62.820800000000006,2.2133333333333334,0.4644,Ride
5440219245,Morning Ride,Ride,Ride,2021-06-09T07:01:50Z,30125.4,3701,4284,226.7,133.7,180.0,8.14,75.7,174.3,646.4,2021-06-09,30.125400000000003,1.0280555555555555,0.22669999999999998,Ride
5434603152,Morning Ride,Ride,Ride,2021-06-08T07:40:11Z,38169.0,4470,4801,327.1,132.7,170.0,8.539,75.4,194.8,874.7,2021-06-08,38.169,1.2416666666666667,0.3271,Ride
5425841958,2 vieux dans le bas du fleuve,Ride,Ride,2021-06-06T08:54:50Z,148908.0,16522,19888,1132.5,137.7,177.0,9.013,77.6,231.1,3820.3,2021-06-06,148.908,4.589444444444444,1.1325,Ride
5418927368,Morning Ride,Ride,Ride,2021-06-05T10:23:44Z,55987.7,7378,9824,327.5,115.5,167.0,7.588,71.7,154.7,1146.8,2021-06-05,55.9877,2.0494444444444446,0.3275,Ride
5412571011,Afternoon Ride,Ride,Ride,2021-06-03T17:12:11Z,0.0,3032,3032,0.0,128.4,155.0,0.0,82.2,200.2,608.0,2021-06-03,0.0,0.8422222222222222,0.0,Ride
5403486863,Afternoon Ride,Ride,Ride,2021-06-02T16:54:10Z,60275.3,7026,7485,441.9,143.2,185.0,8.579,76.0,204.7,1437.6,2021-06-02,60.2753,1.9516666666666667,0.44189999999999996,Ride
5397404225,Afternoon Ride,Ride,Ride,2021-06-01T16:42:43Z,50140.4,6258,6951,412.3,116.9,153.0,8.012,73.4,191.0,1189.9,2021-06-01,50.1404,1.7383333333333333,0.4123,Ride
5386194094,parc de la mauricie à fond les ballons,Ride,Ride,2021-05-30T10:02:56Z,123176.0,11276,11774,2355.7,164.6,184.0,10.924,88.6,244.6,2771.9,2021-05-30,123.176,3.132222222222222,2.3556999999999997,Ride
5379483937,Morning Ride,Ride,Ride,2021-05-29T08:15:38Z,83434.5,9369,13160,444.8,136.3,171.0,8.905,78.2,182.3,1719.8,2021-05-29,83.4345,2.6025,0.44480000000000003,Ride
5369080473,les freins collés,Ride,Ride,2021-05-27T15:54:57Z,59569.3,8239,8598,591.1,126.5,150.0,7.23,,133.8,1102.0,2021-05-27,59.569300000000005,2.288611111111111,0.5911000000000001,Ride
5363861715,Evening Ride,Ride,Ride,2021-05-26T18:16:43Z,0.0,3318,3318,0.0,138.9,182.0,0.0,,,,2021-05-26,0.0,0.9216666666666666,0.0,Ride
5352702692,ride de la reine,Ride,Ride,2021-05-24T16:28:56Z,56130.0,7177,7486,362.9,124.2,181.0,7.821,,144.7,1038.6,2021-05-24,56.13,1.993611111111111,0.3629,Ride
5346527297,avec les chums,Ride,Ride,2021-05-23T11:10:37Z,53380.1,8587,8980,682.3,104.9,145.0,6.216,,116.5,1000.3,2021-05-23,53.3801,2.3852777777777776,0.6822999999999999,Ride
5340424622,GP charlevoix DIY,Ride,Ride,2021-05-22T08:05:49Z,144855.0,17468,19653,2186.4,144.5,179.0,8.293,,203.1,3547.1,2021-05-22,144.855,4.852222222222222,2.1864,Ride
5351100484,Sortie à vélo le midi,Ride,Ride,2021-05-20T12:00:00Z,60000.0,6600,6600,0.0,,,9.091,,,,2021-05-20,60.0,1.8333333333333333,0.0,Ride
5326015383,Afternoon Ride,Ride,Ride,2021-05-19T17:36:37Z,37342.4,4489,4561,286.5,127.1,156.0,8.319,,158.2,710.4,2021-05-19,37.342400000000005,1.2469444444444444,0.2865,Ride
5320525559,the devil ride,Ride,Ride,2021-05-18T16:56:05Z,53949.7,7683,8432,482.1,133.9,184.0,7.022,,125.3,962.5,2021-05-18,53.9497,2.1341666666666668,0.48210000000000003,Ride
5308994851,spons par montellier,Ride,Ride,2021-05-16T09:57:10Z,136852.0,14657,16828,1198.1,150.2,187.0,9.337,,236.8,3471.2,2021-05-16,136.852,4.0713888888888885,1.1981,Ride
5301010093,MSA pour déjeuner ,Run,Run,2021-05-15T08:08:32Z,6312.8,4957,5678,242.8,100.3,123.0,1.274,,,,2021-05-15,6.3128,1.3769444444444445,0.24280000000000002,Run
5297815572,Afternoon Ride,Ride,Ride,2021-05-14T16:18:52Z,62728.8,7491,8915,363.1,141.9,187.0,8.374,,176.3,1320.6,2021-05-14,62.7288,2.0808333333333335,0.36310000000000003,Ride
5292409256,Afternoon Ride,Ride,Ride,2021-05-13T15:42:25Z,56131.5,7278,7677,431.7,,,7.712,,141.7,1031.2,2021-05-13,56.1315,2.0216666666666665,0.4317,Ride
5281304049,Afternoon Ride,Ride,Ride,2021-05-11T17:47:28Z,0.0,2496,2496,0.0,,,0.0,,,,2021-05-11,0.0,0.6933333333333334,0.0,Ride
5270765831,ça va gicler dans les bosses,Ride,Ride,2021-05-09T09:29:09Z,119384.0,18607,20182,3024.0,,,6.416,,162.8,3028.7,2021-05-09,119.384,5.168611111111111,3.024,Ride
5270717913,passion gravel,Ride,Ride,2021-05-08T13:11:47Z,41686.4,9217,10614,996.5,,,4.523,,103.4,952.6,2021-05-08,41.6864,2.560277777777778,0.9965,Ride
5253973479,Afternoon Ride,Ride,Ride,2021-05-06T17:19:15Z,36856.1,5067,6024,201.5,,,7.274,,122.7,621.7,2021-05-06,36.8561,1.4075,0.2015,Ride
5253979413,Afternoon Ride,Ride,Ride,2021-05-05T17:41:47Z,0.0,2388,2388,0.0,,,0.0,,,,2021-05-05,0.0,0.6633333333333333,0.0,Ride
5237892087,Evening Ride,Run,Run,2021-05-03T18:12:12Z,2368.1,1358,1378,8.4,,,1.744,,,,2021-05-03,2.3681,0.37722222222222224,0.008400000000000001,Run
5232488850,partir à la chasse!,Ride,Ride,2021-05-02T08:18:36Z,135527.0,17823,22523,953.8,,,7.604,,125.2,2230.9,2021-05-02,135.527,4.950833333333334,0.9538,Ride
5226847671,Morning Ride,Ride,Ride,2021-05-01T08:04:20Z,5424.4,4819,6243,370.3,,,1.126,,60.9,293.5,2021-05-01,5.4243999999999994,1.3386111111111112,0.3703,Ride
5215479647,Afternoon Ride,Ride,Ride,2021-04-29T17:02:17Z,54947.1,6596,7328,612.5,,,8.33,,189.8,1252.2,2021-04-29,54.9471,1.8322222222222222,0.6125,Ride
5209932651,Afternoon Ride,Ride,Ride,2021-04-28T16:50:24Z,23683.0,3260,3337,374.4,,,7.265,,150.1,489.2,2021-04-28,23.683,0.9055555555555556,0.37439999999999996,Ride
5209702734,Afternoon Ride,Ride,Ride,2021-04-27T17:12:15Z,54215.2,6819,7262,320.5,,,7.951,,150.1,1023.6,2021-04-27,54.215199999999996,1.8941666666666668,0.3205,Ride
5192272077,liège-lévis-liège,Ride,Ride,2021-04-25T07:42:52Z,126267.0,16023,18383,457.3,,,7.88,,128.7,2062.3,2021-04-25,126.267,4.450833333333334,0.4573,Ride
5186660781,Morning Ride,Ride,Ride,2021-04-24T09:54:29Z,125302.0,13946,18561,940.3,,,8.985,,211.0,2943.2,2021-04-24,125.302,3.8738888888888887,0.9402999999999999,Ride
5186660585,Afternoon Ride,Ride,Ride,2021-04-22T17:02:13Z,0.0,3446,3446,0.0,,,0.0,,,,2021-04-22,0.0,0.9572222222222222,0.0,Ride
5169337543,Afternoon Ride,Ride,Ride,2021-04-21T17:36:30Z,0.0,2778,2778,0.0,,,0.0,,,,2021-04-21,0.0,0.7716666666666666,0.0,Ride
5157468059,Afternoon Ride,Ride,Ride,2021-04-19T17:12:19Z,61150.1,7322,7791,485.9,,,8.352,,165.3,1210.5,2021-04-19,61.1501,2.033888888888889,0.4859,Ride
5150489948,Morning Ride,Ride,Ride,2021-04-18T09:02:36Z,97017.1,13052,13681,1023.8,,,7.433,,141.1,1841.7,2021-04-18,97.0171,3.6255555555555556,1.0238,Ride
5148268890,Afternoon Ride,Ride,Ride,2021-04-16T13:50:24Z,3651.9,476,689,2.2,,,7.672,,72.0,34.3,2021-04-16,3.6519,0.1322222222222222,0.0022,Ride
5148268677,Morning Ride,Ride,Ride,2021-04-15T07:04:44Z,8181.0,1182,41179,34.8,,,6.921,,102.1,120.7,2021-04-15,8.181,0.3283333333333333,0.0348,Ride
5128206766,Afternoon Ride,Ride,Ride,2021-04-14T17:07:56Z,25209.9,3502,3684,331.4,,,7.199,,144.4,505.7,2021-04-14,25.2099,0.9727777777777777,0.3314,Ride
5127955429,Morning Ride,Ride,Ride,2021-04-13T06:58:56Z,9634.4,1388,44596,34.5,,,6.941,,93.5,129.8,2021-04-13,9.6344,0.38555555555555554,0.0345,Ride
5116373086,Afternoon Ride,Ride,Ride,2021-04-12T16:25:34Z,29250.0,4166,6623,416.0,,,7.021,,143.7,598.7,2021-04-12,29.25,1.1572222222222222,0.416,Ride
5110574670,Morning Ride,Ride,Ride,2021-04-11T10:19:49Z,101034.0,13046,14534,1099.1,,,7.744,,156.2,2038.2,2021-04-11,101.034,3.6238888888888887,1.0991,Ride
5098690513,Afternoon Ride,Ride,Ride,2021-04-09T16:19:10Z,66986.8,8403,8953,344.7,,,7.972,,141.9,1192.5,2021-04-09,66.9868,2.3341666666666665,0.3447,Ride
5093310910,Afternoon Ride,Ride,Ride,2021-04-08T16:42:11Z,45434.6,6258,6309,716.7,,,7.26,,155.1,970.9,2021-04-08,45.434599999999996,1.7383333333333333,0.7167,Ride
5087538180,Afternoon Ride,Ride,Ride,2021-04-07T17:02:05Z,40913.3,5161,5588,273.4,,,7.927,,149.2,769.9,2021-04-07,40.9133,1.4336111111111112,0.2734,Ride
5087538157,Morning Ride,Ride,Ride,2021-04-05T07:29:29Z,0.0,1958,1958,0.0,,,0.0,81.5,191.2,374.7,2021-04-05,0.0,0.5438888888888889,0.0,Ride
5067359058,Morning Ride,NordicSki,NordicSki,2021-04-04T07:20:09Z,14346.4,3443,3827,231.2,,,4.167,,,,2021-04-04,14.3464,0.9563888888888888,0.2312,NordicSki
5063520256,Afternoon Ride,Ride,Ride,2021-04-03T13:18:59Z,25254.6,5104,5535,0.0,,,4.948,,27.7,141.6,2021-04-03,25.2546,1.4177777777777778,0.0,Ride
5063038533,Morning Ride,NordicSki,NordicSki,2021-04-03T07:34:03Z,13768.2,3275,3555,201.8,,,4.204,,,,2021-04-03,13.7682,0.9097222222222222,0.2018,NordicSki
5051886076,Afternoon Ride,Ride,Ride,2021-04-01T16:11:38Z,0.0,3304,3304,0.0,,,0.0,85.1,132.1,436.5,2021-04-01,0.0,0.9177777777777778,0.0,Ride
5040703826,Afternoon Ride,Ride,Ride,2021-03-30T17:00:46Z,62684.9,7777,8346,456.0,,,8.06,,150.8,1173.1,2021-03-30,62.6849,2.160277777777778,0.456,Ride
5033841319,Afternoon Ride,Ride,Ride,2021-03-29T16:41:47Z,0.0,3534,3534,0.0,,,0.0,84.6,115.1,406.8,2021-03-29,0.0,0.9816666666666667,0.0,Ride
5019560004,Morning Ride,NordicSki,NordicSki,2021-03-27T08:31:59Z,24475.1,6437,7961,446.0,,,3.802,,,,2021-03-27,24.475099999999998,1.7880555555555555,0.446,NordicSki
5010862858,Afternoon Ride,Ride,Ride,2021-03-25T16:56:48Z,39660.9,5169,6337,262.7,,,7.673,,135.4,699.8,2021-03-25,39.6609,1.4358333333333333,0.2627,Ride
4999470335,Afternoon Ride,Ride,Ride,2021-03-23T17:08:17Z,42241.0,5084,5454,133.7,,,8.309,,152.6,776.0,2021-03-23,42.241,1.4122222222222223,0.13369999999999999,Ride
4987317316,Afternoon Ride,Ride,Ride,2021-03-21T14:17:36Z,28482.4,3796,4494,164.3,,,7.503,,128.0,486.0,2021-03-21,28.482400000000002,1.0544444444444445,0.1643,Ride
4979223545,Morning Ride,NordicSki,NordicSki,2021-03-20T09:20:56Z,35553.8,8020,9487,753.1,,,4.433,,,,2021-03-20,35.5538,2.227777777777778,0.7531,NordicSki
4979223595,Evening Ride,Ride,Ride,2021-03-18T18:17:26Z,0.0,2606,2606,0.0,,,0.0,81.7,101.7,265.4,2021-03-18,0.0,0.7238888888888889,0.0,Ride
4964921885,Afternoon Activity,NordicSki,NordicSki,2021-03-17T15:51:46Z,23588.2,5913,7121,266.7,,,3.989,,,,2021-03-17,23.5882,1.6425,0.2667,NordicSki
4959039423,"ftp de début de saison, juste une pédale qui pousse...",Ride,Ride,2021-03-16T17:49:52Z,0.0,3189,3189,0.0,,,0.0,83.1,103.0,328.4,2021-03-16,0.0,0.8858333333333334,0.0,Ride
4948485093,Afternoon Ride,Ride,Ride,2021-03-14T17:21:36Z,0.0,3445,3445,0.0,,,0.0,87.6,122.5,421.9,2021-03-14,0.0,0.9569444444444445,0.0,Ride
4941245480,speed glasses et root beer: bon combo,NordicSki,NordicSki,2021-03-13T08:29:08Z,60207.9,12324,12824,1013.6,,,4.885,,,,2021-03-13,60.2079,3.4233333333333333,1.0136,NordicSki
4941245145,Afternoon Ride,Ride,Ride,2021-03-11T17:06:59Z,0.0,3603,3603,0.0,,,0.0,83.2,116.0,416.4,2021-03-11,0.0,1.0008333333333332,0.0,Ride
4926736799,gang de boomer,NordicSki,NordicSki,2021-03-10T17:19:59Z,20055.0,4561,6475,251.1,,,4.397,,,,2021-03-10,20.055,1.2669444444444444,0.2511,NordicSki
4921027041,Afternoon Ride,NordicSki,NordicSki,2021-03-09T17:04:59Z,11856.3,3856,4532,151.6,,,3.075,,,,2021-03-09,11.8563,1.0711111111111111,0.15159999999999998,NordicSki
4921026742,Afternoon Ride,Ride,Ride,2021-03-08T17:03:00Z,0.0,3643,3643,0.0,,,0.0,81.1,107.8,393.0,2021-03-08,0.0,1.0119444444444445,0.0,Ride
4908116162,Morning Ride,NordicSki,NordicSki,2021-03-07T08:34:49Z,40100.3,10311,10775,878.9,,,3.889,,,,2021-03-07,40.100300000000004,2.8641666666666667,0.8789,NordicSki
4896639330,Afternoon Ride,Ride,Ride,2021-03-05T17:14:33Z,0.0,2440,2440,0.0,103.2,168.0,0.0,80.4,112.5,274.8,2021-03-05,0.0,0.6777777777777778,0.0,Ride
4891879384,Afternoon Run,NordicSki,NordicSki,2021-03-04T17:08:00Z,12967.4,3280,3529,194.3,,,3.953,,,,2021-03-04,12.9674,0.9111111111111111,0.1943,NordicSki
4886121257,Afternoon Ride,NordicSki,NordicSki,2021-03-03T16:43:39Z,19104.6,3879,3945,246.5,,,4.925,,,,2021-03-03,19.104599999999998,1.0775,0.2465,NordicSki
4886121214,Afternoon Ride,Ride,Ride,2021-03-02T17:51:02Z,0.0,2463,2463,0.0,,,0.0,84.1,115.2,283.9,2021-03-02,0.0,0.6841666666666667,0.0,Ride
4861102931,brap brap,NordicSki,NordicSki,2021-02-27T08:18:39Z,51546.0,11751,12740,1164.6,,,4.387,,,,2021-02-27,51.546,3.2641666666666667,1.1645999999999999,NordicSki
4886120761,Afternoon Ride,NordicSki,NordicSki,2021-02-25T17:43:48Z,6928.4,1572,1603,68.1,,,4.407,,,,2021-02-25,6.9284,0.43666666666666665,0.0681,NordicSki
4850253090,Afternoon Ride,Ride,Ride,2021-02-23T17:40:34Z,10353.7,2365,2499,131.7,,,4.378,,67.6,159.8,2021-02-23,10.3537,0.6569444444444444,0.13169999999999998,Ride
4850253114,Afternoon Ride,Ride,Ride,2021-02-22T16:12:27Z,10134.0,2619,2840,156.5,,,3.869,,68.7,179.9,2021-02-22,10.134,0.7275,0.1565,Ride
4802663308,Morning Activity,BackcountrySki,BackcountrySki,2021-02-17T07:47:36Z,3417.0,4506,5868,692.4,,,0.758,,,,2021-02-17,3.417,1.2516666666666667,0.6924,BackcountrySki
4793644838,Afternoon Ride,NordicSki,NordicSki,2021-02-15T16:47:03Z,19087.4,4841,4929,250.6,,,3.943,,,,2021-02-15,19.087400000000002,1.3447222222222222,0.2506,NordicSki
4793644897,Afternoon Ride,Ride,Ride,2021-02-14T13:31:32Z,11172.1,3750,6995,234.1,,,2.979,,62.8,235.5,2021-02-14,11.1721,1.0416666666666667,0.2341,Ride
4772714165,Afternoon Ride,NordicSki,NordicSki,2021-02-11T16:37:27Z,10526.9,2609,2665,161.6,,,4.035,,,,2021-02-11,10.5269,0.7247222222222223,0.1616,NordicSki
4768310081,Afternoon Ride,NordicSki,NordicSki,2021-02-10T17:04:05Z,9114.3,2074,2107,136.0,,,4.395,,,,2021-02-10,9.1143,0.5761111111111111,0.136,NordicSki
4767581457,Afternoon Ride,NordicSki,NordicSki,2021-02-09T17:22:20Z,13172.5,3106,3298,191.8,,,4.241,,,,2021-02-09,13.1725,0.8627777777777778,0.1918,NordicSki
4752885569,Afternoon Ride,NordicSki,NordicSki,2021-02-07T15:34:05Z,22072.5,5562,5620,172.1,,,3.968,,,,2021-02-07,22.0725,1.545,0.1721,NordicSki
4752885581,Afternoon Ride,Ride,Ride,2021-02-06T15:10:36Z,9176.0,2324,2384,114.0,,,3.948,,57.6,133.9,2021-02-06,9.176,0.6455555555555555,0.114,Ride
4735089654,Afternoon Ride,NordicSki,NordicSki,2021-02-04T14:03:17Z,10580.6,2788,2903,136.5,,,3.795,,,,2021-02-04,10.5806,0.7744444444444445,0.1365,NordicSki
4734752300,Afternoon Ride,Ride,Ride,2021-02-02T17:08:40Z,0.0,2403,2403,0.0,,,0.0,84.1,120.3,289.1,2021-02-02,0.0,0.6675,0.0,Ride
4719002746,Afternoon Ride,NordicSki,NordicSki,2021-02-01T15:39:34Z,16201.4,3955,4274,204.5,,,4.096,,,,2021-02-01,16.2014,1.0986111111111112,0.2045,NordicSki
4714464444,Afternoon Ride,NordicSki,NordicSki,2021-01-31T16:09:04Z,14866.3,3483,3833,195.0,,,4.268,,,,2021-01-31,14.866299999999999,0.9675,0.195,NordicSki
4707508561,Morning Run,BackcountrySki,BackcountrySki,2021-01-30T08:07:50Z,11033.3,13262,20186,1407.0,,,0.832,,,,2021-01-30,11.033299999999999,3.6838888888888888,1.407,BackcountrySki
4697162106,Afternoon Ride,NordicSki,NordicSki,2021-01-28T16:16:02Z,13512.1,3149,3319,209.1,,,4.291,,,,2021-01-28,13.5121,0.8747222222222222,0.2091,NordicSki
4692005667,Afternoon Ride,NordicSki,NordicSki,2021-01-27T15:48:02Z,14920.3,3805,3858,237.6,,,3.921,,,,2021-01-27,14.9203,1.0569444444444445,0.2376,NordicSki
4686801408,Afternoon Ride,NordicSki,NordicSki,2021-01-26T16:40:41Z,11992.1,2789,2820,170.1,,,4.3,,,,2021-01-26,11.9921,0.7747222222222222,0.1701,NordicSki
4686801187,Afternoon Ride,NordicSki,NordicSki,2021-01-25T16:15:31Z,10668.2,2544,2744,129.7,,,4.193,,,,2021-01-25,10.6682,0.7066666666666667,0.12969999999999998,NordicSki
4676429951,Afternoon Ride,BackcountrySki,BackcountrySki,2021-01-24T14:58:07Z,19197.7,4304,4356,179.7,,,4.46,,,,2021-01-24,19.1977,1.1955555555555555,0.1797,BackcountrySki
4669135832,Lunch Ride,BackcountrySki,BackcountrySki,2021-01-23T11:15:14Z,14755.2,3671,3671,182.6,,,4.019,,,,2021-01-23,14.7552,1.0197222222222222,0.18259999999999998,BackcountrySki
4665095912,Lunch Run,BackcountrySki,BackcountrySki,2021-01-22T11:13:06Z,7292.2,8839,13659,1203.6,,,0.825,,,,2021-01-22,7.2922,2.455277777777778,1.2036,BackcountrySki
4659298710,Afternoon Ride,BackcountrySki,BackcountrySki,2021-01-21T16:08:05Z,7757.4,2034,2052,75.8,,,3.814,,,,2021-01-21,7.7574,0.565,0.07579999999999999,BackcountrySki
4654089541,Afternoon Ride,BackcountrySki,BackcountrySki,2021-01-20T15:35:47Z,14948.9,3641,3690,228.7,,,4.106,,,,2021-01-20,14.9489,1.011388888888889,0.2287,BackcountrySki
4648981140,Afternoon Ride,Ride,Ride,2021-01-19T16:09:39Z,0.0,2702,2702,0.0,,,0.0,87.6,125.9,340.2,2021-01-19,0.0,0.7505555555555555,0.0,Ride
4642450295,lunch ride,BackcountrySki,BackcountrySki,2021-01-18T11:09:16Z,14522.5,3833,3910,180.2,,,3.789,,,,2021-01-18,14.5225,1.0647222222222221,0.1802,BackcountrySki
4619320123,Morning Run,Run,Run,2021-01-11T08:07:00Z,6096.5,4463,4737,164.0,,,1.366,,,,2021-01-11,6.0965,1.2397222222222222,0.164,Run
4619321777,Morning Run,Run,Run,2021-01-10T08:54:15Z,16028.5,21435,23528,392.0,,,0.748,,,,2021-01-10,16.0285,5.954166666666667,0.392,Run
4619320798,Morning Run,Run,Run,2021-01-09T09:40:51Z,10001.9,13273,15000,644.0,,,0.754,,,,2021-01-09,10.0019,3.6869444444444444,0.644,Run
4642450709,Morning Ride,Ride,Ride,2021-01-07T10:40:06Z,15369.3,3890,4503,211.2,,,3.951,,56.6,220.2,2021-01-07,15.369299999999999,1.0805555555555555,0.2112,Ride
4577627496,fat cross series #1,Ride,Ride,2021-01-06T10:45:21Z,17014.8,4115,4463,255.8,,,4.135,,61.6,253.6,2021-01-06,17.0148,1.1430555555555555,0.2558,Ride
4577172173,Afternoon Ride,Ride,Ride,2021-01-04T15:44:06Z,10874.4,3534,4000,162.1,,,3.077,,60.8,214.9,2021-01-04,10.8744,0.9816666666666667,0.1621,Ride
4533590366,Morning Ride,Run,Run,2020-12-28T09:30:46Z,10239.3,9072,9194,744.4,,,1.129,,,,2020-12-28,10.2393,2.52,0.7444,Run
4525852990,Morning Ride,Ride,Ride,2020-12-27T08:56:40Z,18964.8,6450,8603,243.0,,,2.94,,41.6,268.5,2020-12-27,18.9648,1.7916666666666667,0.243,Ride
4577171894,Evening Ride,Ride,Ride,2020-12-25T18:01:14Z,0.0,1907,1907,0.0,,,0.0,83.4,203.3,387.9,2020-12-25,0.0,0.5297222222222222,0.0,Ride
4513966672,Afternoon Ride,Ride,Ride,2020-12-24T16:59:01Z,0.0,2153,2153,0.0,68.7,72.0,0.0,78.2,151.3,326.3,2020-12-24,0.0,0.5980555555555556,0.0,Ride
4473150411,Afternoon Ride,Ride,Ride,2020-12-14T17:44:47Z,0.0,2932,2932,0.0,66.8,75.0,0.0,86.2,118.8,348.5,2020-12-14,0.0,0.8144444444444444,0.0,Ride
4472986943,Afternoon Ride,Ride,Ride,2020-12-07T16:55:29Z,0.0,3271,3271,0.0,150.8,180.0,0.0,,,,2020-12-07,0.0,0.9086111111111111,0.0,Ride
4472986855,Afternoon Ride,Ride,Ride,2020-12-04T17:16:53Z,0.0,2627,2627,0.0,145.4,161.0,0.0,,,,2020-12-04,0.0,0.7297222222222223,0.0,Ride
4404488331,Afternoon Ride,Ride,Ride,2020-11-28T17:11:19Z,0.0,3611,3611,0.0,144.2,176.0,0.0,87.0,111.4,402.5,2020-11-28,0.0,1.0030555555555556,0.0,Ride
4366384275,Afternoon Ride,Ride,Ride,2020-11-20T16:26:47Z,0.0,2742,2742,0.0,155.9,178.0,0.0,87.7,118.8,325.8,2020-11-20,0.0,0.7616666666666667,0.0,Ride
4366384280,Afternoon Ride,Ride,Ride,2020-11-17T16:05:25Z,0.0,4865,4865,0.0,158.0,183.0,0.0,86.5,104.9,510.6,2020-11-17,0.0,1.351388888888889,0.0,Ride
4344048414,Sufferfest - half is easy,Ride,Ride,2020-11-15T16:24:21Z,0.0,2290,2290,0.0,150.7,182.0,0.0,,,,2020-11-15,0.0,0.6361111111111111,0.0,Ride
4338408967,Afternoon Ride,Ride,Ride,2020-11-14T15:27:55Z,0.0,2124,2124,0.0,144.0,179.0,0.0,,,,2020-11-14,0.0,0.59,0.0,Ride
4319551280,Afternoon Ride,Ride,Ride,2020-11-10T14:22:14Z,65515.0,8017,8365,317.2,149.9,188.0,8.172,,151.0,1210.7,2020-11-10,65.515,2.2269444444444444,0.3172,Ride
4303388528,Morning Ride,Ride,Ride,2020-11-07T09:10:45Z,76704.7,9617,11419,1051.6,153.8,189.0,7.976,,164.9,1585.4,2020-11-07,76.7047,2.671388888888889,1.0515999999999999,Ride
4291590446,golden hour🙏,Ride,Ride,2020-11-05T15:15:23Z,28782.3,3641,3755,354.8,151.7,184.0,7.905,,168.7,614.2,2020-11-05,28.7823,1.011388888888889,0.3548,Ride
4268717753,Afternoon Ride,Ride,Ride,2020-10-31T17:15:33Z,0.0,2761,2761,0.0,,,0.0,83.2,216.2,597.1,2020-10-31,0.0,0.7669444444444444,0.0,Ride
4263549896,j’ai oublié mon maillot...,Ride,Ride,2020-10-30T14:05:41Z,28145.6,6528,7500,130.4,,,4.312,,55.8,364.4,2020-10-30,28.145599999999998,1.8133333333333332,0.13040000000000002,Ride
4256140549,Afternoon Ride,Ride,Ride,2020-10-28T17:19:07Z,0.0,1808,1808,0.0,,,0.0,79.3,174.7,316.0,2020-10-28,0.0,0.5022222222222222,0.0,Ride
4230474431,Afternoon Ride,Run,Run,2020-10-22T17:17:11Z,5335.6,1415,1754,98.3,152.2,175.0,3.771,,,,2020-10-22,5.3356,0.39305555555555555,0.0983,Run
4213110615,Morning Ride,Ride,Ride,2020-10-18T09:42:09Z,91902.3,11089,15880,850.6,155.0,186.0,8.288,,171.1,1897.3,2020-10-18,91.9023,3.080277777777778,0.8506,Ride
4208566353,Afternoon Ride,Ride,Ride,2020-10-17T17:01:33Z,34201.9,3711,3785,237.4,160.2,184.0,9.216,,208.5,773.6,2020-10-17,34.2019,1.0308333333333333,0.2374,Ride
4198399711,Morning Ride,Ride,Ride,2020-10-15T08:55:30Z,11123.8,4155,6538,559.8,147.3,174.0,2.677,,93.2,387.2,2020-10-15,11.1238,1.1541666666666666,0.5598,Ride
4195810411,Afternoon Ride,Ride,Ride,2020-10-14T16:58:54Z,20039.6,2679,2994,290.5,142.7,183.0,7.48,,173.7,465.3,2020-10-14,20.0396,0.7441666666666666,0.2905,Ride
4186851705,Morning Run,Run,Run,2020-10-12T09:14:05Z,11228.9,5171,6612,368.0,,,2.172,,,,2020-10-12,11.2289,1.436388888888889,0.368,Run
4183079815,msa en mode orange,Ride,Ride,2020-10-11T13:57:38Z,28879.9,8265,9929,1376.1,150.1,180.0,3.494,,125.9,1040.5,2020-10-11,28.879900000000003,2.2958333333333334,1.3760999999999999,Ride
4183079526,Afternoon Ride,Ride,Ride,2020-10-09T15:19:58Z,16913.2,5775,8236,710.1,156.6,179.0,2.929,,94.1,543.5,2020-10-09,16.9132,1.6041666666666667,0.7101000000000001,Ride
4160685225,Afternoon Ride,Run,Run,2020-10-06T17:08:02Z,6942.7,2163,2288,30.5,157.4,187.0,3.21,,,,2020-10-06,6.942699999999999,0.6008333333333333,0.0305,Run
4153854874,Morning Run,Run,Run,2020-10-04T08:16:27Z,15721.9,10060,11781,669.3,122.4,160.0,1.563,,,,2020-10-04,15.7219,2.7944444444444443,0.6693,Run
4153854510,Afternoon Ride,Ride,Ride,2020-10-03T14:11:57Z,58142.8,7385,8141,366.6,129.7,181.0,7.873,,136.3,1006.9,2020-10-03,58.1428,2.051388888888889,0.36660000000000004,Ride
4121507368,Afternoon Ride,Ride,Ride,2020-09-27T16:00:04Z,40075.2,4733,4769,295.9,,,8.467,,166.3,787.1,2020-09-27,40.075199999999995,1.3147222222222221,0.2959,Ride
4115745280,Morning Ride,Ride,Ride,2020-09-26T09:01:24Z,58380.7,15299,17659,1491.4,,,3.816,,87.7,1342.1,2020-09-26,58.3807,4.249722222222222,1.4914,Ride
4107931442,Afternoon Ride,Ride,Ride,2020-09-24T16:52:41Z,30438.8,3656,3757,412.5,,,8.326,,186.4,681.5,2020-09-24,30.4388,1.0155555555555555,0.4125,Ride
4103628678,Afternoon Ride,Ride,Ride,2020-09-23T15:55:14Z,59735.6,7654,8742,365.7,,,7.804,,136.4,1044.0,2020-09-23,59.7356,2.1261111111111113,0.36569999999999997,Ride
4098837211,Afternoon Ride,Run,Run,2020-09-22T16:39:07Z,6280.2,2176,2310,116.8,,,2.886,,,,2020-09-22,6.2802,0.6044444444444445,0.1168,Run
4090032402,Morning Run,Run,Run,2020-09-20T08:24:47Z,23011.1,16268,17922,1242.0,,,1.415,,,,2020-09-20,23.0111,4.518888888888889,1.242,Run
4084821851,Morning Ride,Ride,Ride,2020-09-19T09:44:21Z,19147.0,6599,9003,708.0,,,2.902,,95.7,631.7,2020-09-19,19.147,1.8330555555555557,0.708,Ride
4072542659,premier cyclo-cross...sauvage,Ride,Ride,2020-09-16T18:25:07Z,13127.0,2798,2798,151.7,,,4.692,,87.4,244.5,2020-09-16,13.127,0.7772222222222223,0.1517,Ride
4072542682,warm-up,Ride,Ride,2020-09-16T17:13:56Z,10477.7,2805,3537,184.0,,,3.735,,90.2,253.1,2020-09-16,10.4777,0.7791666666666667,0.184,Ride
4063059210,Morning Ride,Ride,Ride,2020-09-15T08:10:09Z,21971.1,2780,3013,174.2,,,7.903,,152.4,423.7,2020-09-15,21.9711,0.7722222222222223,0.1742,Ride
4055834674,course dominicale,Run,Run,2020-09-13T10:17:02Z,25331.6,13509,13965,975.1,,,1.875,,,,2020-09-13,25.331599999999998,3.7525,0.9751000000000001,Run
4055615056,Morning Ride,Ride,Ride,2020-09-12T06:43:53Z,66208.2,9469,12144,362.0,,,6.992,,104.6,990.8,2020-09-12,66.20819999999999,2.6302777777777777,0.362,Ride
4055834455,Morning Ride,Ride,Ride,2020-09-12T06:43:34Z,66718.9,9580,12153,392.2,,,6.964,,103.5,991.9,2020-09-12,66.71889999999999,2.661111111111111,0.3922,Ride
4055834354,Lunch Ride,Ride,Ride,2020-09-07T12:08:54Z,17151.3,5743,8004,713.2,,,2.986,,107.6,618.2,2020-09-07,17.1513,1.5952777777777778,0.7132000000000001,Ride
4024911973,Coupe du QC XCO,Ride,Ride,2020-09-06T12:54:23Z,26176.2,6142,6673,562.2,,,4.262,,105.6,648.5,2020-09-06,26.1762,1.7061111111111111,0.5622,Ride
4024911483,Morning Ride,Ride,Ride,2020-09-06T09:35:22Z,8010.4,1387,1412,94.9,,,5.775,,91.7,127.1,2020-09-06,8.010399999999999,0.3852777777777778,0.09490000000000001,Ride
3998329317,Afternoon Ride,Ride,Ride,2020-09-01T16:15:25Z,63725.5,8093,8615,196.3,,,7.874,,130.0,1052.3,2020-09-01,63.7255,2.2480555555555557,0.1963,Ride
3997310310,Morning Ride,Ride,Ride,2020-08-28T05:38:49Z,136043.0,15289,16446,370.2,,,8.898,,168.8,2581.3,2020-08-28,136.043,4.246944444444445,0.3702,Ride
3971131230,Morning Ride,Ride,Ride,2020-08-26T06:26:53Z,221601.0,25714,27951,1077.3,,,8.618,,167.7,4311.6,2020-08-26,221.601,7.142777777777778,1.0773,Ride
3965251771,Morning Ride,Ride,Ride,2020-08-24T06:09:21Z,231199.0,32201,36102,1891.6,,,7.18,,129.6,4174.6,2020-08-24,231.199,8.944722222222222,1.8916,Ride
3957065769,Morning Ride,Ride,Ride,2020-08-23T06:00:12Z,200927.0,28716,32758,1511.0,,,6.997,,110.1,3162.4,2020-08-23,200.927,7.976666666666667,1.511,Ride
3951435473,Morning Ride,Ride,Ride,2020-08-22T06:05:32Z,219148.0,32883,38704,3112.9,,,6.664,,136.1,4474.6,2020-08-22,219.148,9.134166666666667,3.1129000000000002,Ride
3937684379,Morning Ride,Ride,Ride,2020-08-18T09:22:42Z,19398.3,2483,5214,118.7,,,7.812,,145.1,360.3,2020-08-18,19.3983,0.6897222222222222,0.1187,Ride
3916938280,Morning Ride,Ride,Ride,2020-08-15T09:07:59Z,12483.2,4480,7317,503.7,,,2.786,,96.0,430.3,2020-08-15,12.4832,1.2444444444444445,0.5037,Ride
3916241645,Afternoon Ride,Ride,Ride,2020-08-13T15:10:45Z,18029.6,4284,7803,318.5,,,4.209,,86.5,370.6,2020-08-13,18.0296,1.19,0.3185,Ride
3894435466,Afternoon Ride,Ride,Ride,2020-08-10T16:15:47Z,35985.4,4187,5021,0.0,,,8.595,,90.7,379.6,2020-08-10,35.9854,1.1630555555555555,0.0,Ride
3894435328,Afternoon Ride,Ride,Ride,2020-08-09T14:38:05Z,5167.5,2146,4901,0.0,,,2.408,,9.8,21.0,2020-08-09,5.1675,0.5961111111111111,0.0,Ride
3894435186,Morning Ride,Ride,Ride,2020-08-09T07:42:20Z,33323.9,7847,10000,0.0,,,4.247,,43.0,337.5,2020-08-09,33.3239,2.1797222222222223,0.0,Ride
3894435224,Morning Ride,Run,Run,2020-08-08T06:57:04Z,10618.3,7439,8184,648.9,,,1.427,,,,2020-08-08,10.6183,2.066388888888889,0.6489,Run
3875256423,Afternoon Ride,Ride,Ride,2020-08-06T16:03:56Z,6398.2,2394,4107,0.0,,,2.673,,,,2020-08-06,6.3982,0.665,0.0,Ride
3870511006,Afternoon Ride,Ride,Ride,2020-08-05T17:46:37Z,5393.9,1846,2621,0.0,,,2.922,,18.3,33.8,2020-08-05,5.3938999999999995,0.5127777777777778,0.0,Ride
3863213036,merci coach tony,Ride,Ride,2020-08-03T17:12:07Z,20070.6,3300,3363,0.0,,,6.082,,62.0,204.6,2020-08-03,20.0706,0.9166666666666666,0.0,Ride
3854350160,Morning Ride,Ride,Ride,2020-08-02T09:08:37Z,26636.0,7036,10369,0.0,,,3.786,,4.3,30.6,2020-08-02,26.636,1.9544444444444444,0.0,Ride
3853225519,Morning Ride,Run,Run,2020-08-01T08:48:12Z,18794.7,14054,14450,1911.4,,,1.337,,,,2020-08-01,18.794700000000002,3.903888888888889,1.9114,Run
3853225342,Afternoon Ride,Ride,Ride,2020-07-26T16:00:50Z,4672.0,1657,5028,0.0,,,2.82,,,,2020-07-26,4.672,0.4602777777777778,0.0,Ride
3853225135,Morning Ride,Ride,Ride,2020-07-26T08:05:10Z,97474.5,10212,10413,0.0,,,9.545,,61.9,631.8,2020-07-26,97.4745,2.8366666666666664,0.0,Ride
3853224254,Morning Ride,Ride,Ride,2020-07-25T09:41:23Z,22584.1,6243,11268,0.0,,,3.618,,5.6,34.8,2020-07-25,22.5841,1.7341666666666666,0.0,Ride
3853223612,Morning Ride,Ride,Ride,2020-07-25T09:41:08Z,0.0,5,5,0.0,,,0.0,,,,2020-07-25,0.0,0.001388888888888889,0.0,Ride
3802830093,le coureur des bois,Run,Run,2020-07-22T16:53:36Z,5165.5,1325,1325,45.6,,,3.898,,,,2020-07-22,5.1655,0.3680555555555556,0.0456,Run
3787490793,le cric👌,Ride,Ride,2020-07-19T12:27:54Z,22513.1,6135,10095,480.5,,,3.67,,77.7,476.5,2020-07-19,22.513099999999998,1.7041666666666666,0.4805,Ride
3782333759,Afternoon Ride,Ride,Ride,2020-07-18T14:29:11Z,16021.1,3350,5695,0.0,,,4.782,,2.5,8.5,2020-07-18,16.0211,0.9305555555555556,0.0,Ride
3781803849,Afternoon Ride,Ride,Ride,2020-07-17T15:57:01Z,3549.6,1160,1570,0.0,,,3.06,,,,2020-07-17,3.5496,0.32222222222222224,0.0,Ride
3763582786,sweet,Ride,Ride,2020-07-14T17:20:28Z,31093.0,6546,7647,775.5,,,4.75,,112.9,739.0,2020-07-14,31.093,1.8183333333333334,0.7755,Ride
3763573219,Morning Ride,Ride,Ride,2020-07-12T08:41:25Z,4963.9,3657,5572,0.0,,,1.357,,,,2020-07-12,4.9639,1.0158333333333334,0.0,Ride
3747859884,Morning Ride,Ride,Ride,2020-07-11T08:32:49Z,34362.0,13127,27308,1499.9,,,2.618,,92.2,1210.6,2020-07-11,34.362,3.6463888888888887,1.4999,Ride
3740757446,clipper le garmin sur notre nouveau chien de course,Ride,Ride,2020-07-08T20:12:20Z,1143.5,591,773,0.0,,,1.935,,,,2020-07-08,1.1435,0.16416666666666666,0.0,Ride
3740757284,course avec le gardien de troupeau,Run,Run,2020-07-08T17:44:16Z,6840.4,2129,2223,103.5,,,3.213,,,,2020-07-08,6.8404,0.5913888888888889,0.1035,Run
3719113609,Morning Ride,Ride,Ride,2020-07-05T10:25:09Z,31361.9,6015,7029,802.0,,,5.214,,140.1,842.8,2020-07-05,31.361900000000002,1.6708333333333334,0.802,Ride
3689736162,Morning Activity,Workout,Workout,2020-06-28T08:35:04Z,16576.0,13615,16280,910.0,,,1.217,,,,2020-06-28,16.576,3.7819444444444446,0.91,Workout
3740757578,Morning Ride,Ride,Ride,2020-06-28T08:26:43Z,15731.9,12862,16953,0.0,,,1.223,,0.0,0.2,2020-06-28,15.7319,3.5727777777777776,0.0,Ride
3740756786,Morning Ride,Ride,Ride,2020-06-27T07:44:54Z,134536.0,17335,20600,0.0,,,7.761,,70.0,1213.6,2020-06-27,134.536,4.815277777777778,0.0,Ride
3740756122,Afternoon Ride,Ride,Ride,2020-06-25T17:02:27Z,29992.8,5769,6511,0.0,,,5.199,,2.1,12.0,2020-06-25,29.9928,1.6025,0.0,Ride
3740755721,Morning Ride,Ride,Ride,2020-06-19T10:39:42Z,70345.8,8164,10381,0.0,,,8.617,,68.1,556.1,2020-06-19,70.3458,2.267777777777778,0.0,Ride
3740755059,Morning Ride,Ride,Ride,2020-06-13T09:38:08Z,75537.3,8498,11007,0.0,,,8.889,,107.1,910.0,2020-06-13,75.5373,2.3605555555555555,0.0,Ride
3740754955,Afternoon Ride,Ride,Ride,2020-06-09T15:23:02Z,52890.2,6658,6964,0.0,,,7.944,,2.9,19.2,2020-06-09,52.8902,1.8494444444444444,0.0,Ride
3579949304,les terres du séminaire : pas catholique,Ride,Ride,2020-06-07T08:04:44Z,138718.0,22384,24334,1810.6,,,6.197,,158.5,3547.6,2020-06-07,138.718,6.217777777777778,1.8106,Ride
3569847481,Evening Ride,Ride,Ride,2020-06-05T19:02:52Z,19725.3,3156,8695,0.0,,,6.25,70.2,64.6,201.6,2020-06-05,19.7253,0.8766666666666667,0.0,Ride
3569312407,Afternoon Ride,Ride,Ride,2020-06-05T16:35:34Z,33965.2,4339,4639,344.3,,,7.828,74.6,87.5,376.3,2020-06-05,33.965199999999996,1.2052777777777777,0.3443,Ride
3569311862,Afternoon Ride,Run,Run,2020-06-03T17:17:32Z,5876.5,2412,2626,113.5,,,2.436,,,,2020-06-03,5.8765,0.67,0.1135,Run
3555036855,Afternoon Ride,Ride,Ride,2020-06-02T15:36:47Z,46841.6,6196,6622,213.2,,,7.56,73.3,78.2,484.8,2020-06-02,46.8416,1.721111111111111,0.2132,Ride
3555036056,Afternoon Ride,Ride,Ride,2020-06-01T17:23:21Z,26668.3,3630,3665,482.9,,,7.347,71.2,94.6,343.4,2020-06-01,26.6683,1.0083333333333333,0.4829,Ride
3546908712,Morning Ride,Ride,Ride,2020-05-31T08:42:35Z,49112.6,7691,8276,870.6,,,6.386,,133.3,1025.4,2020-05-31,49.1126,2.136388888888889,0.8706,Ride
3532614932,Afternoon Ride,Ride,Ride,2020-05-29T15:14:36Z,53487.7,6151,7081,242.5,,,8.696,,202.1,1243.3,2020-05-29,53.4877,1.708611111111111,0.2425,Ride
3528600197,Afternoon Ride,Ride,Ride,2020-05-28T15:07:51Z,34693.8,3603,3603,335.4,,,9.629,,239.0,861.2,2020-05-28,34.6938,1.0008333333333332,0.3354,Ride
3528600091,Afternoon Ride,Run,Run,2020-05-26T16:19:18Z,6695.4,2034,2509,104.6,,,3.292,,,,2020-05-26,6.695399999999999,0.565,0.1046,Run
3507000615,Afternoon Ride,Ride,Ride,2020-05-23T13:53:52Z,66463.1,10799,13273,781.0,,,6.155,,111.7,1205.9,2020-05-23,66.46310000000001,2.999722222222222,0.781,Ride
3490795955,Afternoon Ride,Ride,Ride,2020-05-21T15:09:14Z,90436.7,11086,11799,910.0,,,8.158,75.4,97.2,1076.6,2020-05-21,90.4367,3.0794444444444444,0.91,Ride
3479632266,Afternoon Ride,Ride,Ride,2020-05-19T14:58:21Z,82892.5,10920,12583,701.5,,,7.591,71.5,73.8,805.5,2020-05-19,82.8925,3.033333333333333,0.7015,Ride
3468860721,juste pour voir le monde,Ride,Ride,2020-05-17T05:58:30Z,245262.0,31166,32754,2271.9,,,7.87,76.5,85.1,2650.7,2020-05-17,245.262,8.657222222222222,2.2719,Ride
3452748963,Afternoon Ride,Ride,Ride,2020-05-14T13:56:41Z,62545.8,8506,11395,0.0,,,7.353,,70.1,596.4,2020-05-14,62.5458,2.3627777777777776,0.0,Ride
3436508698,Afternoon Ride,Ride,Ride,2020-05-11T16:03:48Z,43887.1,5819,5819,534.5,,,7.542,72.5,200.0,1162.3,2020-05-11,43.8871,1.6163888888888889,0.5345,Ride
3430468045,meetup avec tony,VirtualRide,VirtualRide,2020-05-10T09:59:59Z,34076.8,4056,4867,347.0,,,8.402,78.6,202.5,821.5,2020-05-10,34.076800000000006,1.1266666666666667,0.347,VirtualRide
3421104288,Afternoon Ride,Ride,Ride,2020-05-08T16:40:50Z,40342.9,5025,5149,0.0,,,8.028,75.2,173.9,869.3,2020-05-08,40.3429,1.3958333333333333,0.0,Ride
3421097989,Afternoon Ride,Ride,Ride,2020-05-06T17:18:28Z,28560.8,3743,3760,0.0,,,7.63,75.6,171.4,642.5,2020-05-06,28.5608,1.0397222222222222,0.0,Ride
3404257263,Pollo a la plancha,VirtualRide,VirtualRide,2020-05-05T15:23:12Z,50318.8,5415,5433,393.0,,,9.292,82.5,219.5,1188.5,2020-05-05,50.3188,1.5041666666666667,0.393,VirtualRide
3387176821, vers la poche à pierre,Ride,Ride,2020-05-02T08:24:18Z,137607.0,15229,15518,518.4,,,9.036,79.5,161.3,2458.1,2020-05-02,137.607,4.230277777777777,0.5184,Ride
3368023672,Afternoon Ride,Ride,Ride,2020-04-28T15:46:24Z,42616.8,5938,6304,571.8,,,7.177,71.4,172.2,1020.4,2020-04-28,42.616800000000005,1.6494444444444445,0.5718,Ride
3358990310,Afternoon Ride,Ride,Ride,2020-04-26T16:22:40Z,50933.9,6298,6816,0.0,,,8.087,76.7,191.4,1198.8,2020-04-26,50.9339,1.7494444444444444,0.0,Ride
3353239067,juste pour faire bronzer les jambes,Ride,Ride,2020-04-25T15:45:15Z,58275.2,7575,8174,621.6,,,7.693,74.9,180.3,1366.3,2020-04-25,58.2752,2.1041666666666665,0.6216,Ride
3352786469,Afternoon Ride,Ride,Ride,2020-04-23T16:00:55Z,0.0,941,941,0.0,,,0.0,76.1,169.8,162.2,2020-04-23,0.0,0.2613888888888889,0.0,Ride
3352785979,Morning Ride,Ride,Ride,2020-04-21T10:52:07Z,0.0,119,119,0.0,,,0.0,89.2,312.8,37.8,2020-04-21,0.0,0.03305555555555555,0.0,Ride
3352785879,Morning Ride,Ride,Ride,2020-04-21T10:18:05Z,0.0,119,119,0.0,,,0.0,89.0,322.2,38.5,2020-04-21,0.0,0.03305555555555555,0.0,Ride
3331327162,Anthony Audet's Meetup - Surrey Hills,VirtualRide,VirtualRide,2020-04-21T10:10:02Z,38281.1,5417,5417,812.0,,,7.067,77.6,194.0,1051.0,2020-04-21,38.281099999999995,1.5047222222222223,0.812,VirtualRide
3322340215,Morning Ride,Ride,Ride,2020-04-19T09:10:53Z,82790.3,9398,9636,433.4,,,8.809,79.0,202.9,1900.7,2020-04-19,82.7903,2.6105555555555555,0.43339999999999995,Ride
3321271997,Afternoon Ride,Ride,Ride,2020-04-17T17:27:52Z,0.0,174,174,0.0,,,0.0,88.6,344.5,61.5,2020-04-17,0.0,0.04833333333333333,0.0,Ride
3321271849,Afternoon Ride,Ride,Ride,2020-04-17T17:21:50Z,0.0,116,116,0.0,,,0.0,89.4,350.7,41.0,2020-04-17,0.0,0.03222222222222222,0.0,Ride
3313620984,"Relax, it's only a moment",VirtualRide,VirtualRide,2020-04-17T16:58:48Z,30953.4,3634,3634,170.0,,,8.518,78.2,188.7,685.7,2020-04-17,30.953400000000002,1.0094444444444444,0.17,VirtualRide
3321263710,Afternoon Ride,Ride,Ride,2020-04-15T16:54:33Z,6679.7,2095,2243,0.0,,,3.188,,36.2,75.9,2020-04-15,6.6796999999999995,0.5819444444444445,0.0,Ride
3321263097,Afternoon Ride,Ride,Ride,2020-04-14T17:25:40Z,0.0,473,473,0.0,,,0.0,85.5,286.2,135.7,2020-04-14,0.0,0.1313888888888889,0.0,Ride
3321263081,Afternoon Ride,Ride,Ride,2020-04-14T17:13:37Z,0.0,476,476,0.0,,,0.0,84.0,274.2,130.9,2020-04-14,0.0,0.1322222222222222,0.0,Ride
3299854845,Dulce de leche,VirtualRide,VirtualRide,2020-04-14T16:41:32Z,32822.8,3626,3626,500.0,,,9.052,81.1,215.3,780.6,2020-04-14,32.8228,1.0072222222222222,0.5,VirtualRide
3291104102,Afternoon Ride,Ride,Ride,2020-04-12T13:33:29Z,55976.6,6566,6863,410.4,,,8.525,79.1,208.3,1356.7,2020-04-12,55.9766,1.823888888888889,0.4104,Ride
3284848431,Lunch Ride,Ride,Ride,2020-04-11T11:06:09Z,0.0,1014,1014,0.0,,,0.0,83.8,199.5,203.1,2020-04-11,0.0,0.2816666666666667,0.0,Ride
3284717303,Morning Ride,Ride,Ride,2020-04-11T10:58:02Z,0.0,145,145,0.0,,,0.0,82.7,285.8,41.9,2020-04-11,0.0,0.04027777777777778,0.0,Ride
3284857424,Anthony Audet's Meetup - Greater London 8,VirtualRide,VirtualRide,2020-04-11T10:00:04Z,41154.5,4971,5082,369.0,,,8.279,79.1,181.0,899.8,2020-04-11,41.1545,1.3808333333333334,0.369,VirtualRide
3281773655,Afternoon Ride,Ride,Ride,2020-04-10T16:47:28Z,0.0,3971,3971,0.0,,,0.0,79.9,190.0,754.9,2020-04-10,0.0,1.1030555555555555,0.0,Ride
3273528228,Activité l'après-midi,VirtualRide,VirtualRide,2020-04-08T17:10:17Z,30525.4,3722,3722,527.0,,,8.201,81.2,207.3,771.4,2020-04-08,30.5254,1.0338888888888889,0.527,VirtualRide
3264585522,Afternoon Ride,Ride,Ride,2020-04-06T15:52:15Z,55085.6,6636,7550,394.3,,,8.301,,166.1,1102.4,2020-04-06,55.0856,1.8433333333333333,0.3943,Ride
3264585309,Afternoon Ride,Ride,Ride,2020-04-01T17:05:05Z,0.0,1423,1423,0.0,,,0.0,77.5,164.3,236.2,2020-04-01,0.0,0.3952777777777778,0.0,Ride
3240484378,Vote for pedro,VirtualRide,VirtualRide,2020-03-31T16:42:28Z,25089.8,2951,3080,400.0,,,8.502,84.7,191.8,566.0,2020-03-31,25.0898,0.8197222222222222,0.4,VirtualRide
3229211037,Afternoon Ride,Ride,Ride,2020-03-28T16:33:27Z,18429.5,2723,2864,314.6,,,6.768,,155.4,423.2,2020-03-28,18.4295,0.7563888888888889,0.31460000000000005,Ride
3229091735,Afternoon Ride,Ride,Ride,2020-03-26T15:45:30Z,16631.5,2478,2799,0.0,,,6.712,,60.5,149.9,2020-03-26,16.6315,0.6883333333333334,0.0,Ride
3229091613,Evening Ride,Ride,Ride,2020-03-25T18:05:19Z,0.0,6768,6768,0.0,,,0.0,,,,2020-03-25,0.0,1.88,0.0,Ride
3229091538,Afternoon Ride,Ride,Ride,2020-03-24T17:52:18Z,0.0,1812,1812,0.0,,,0.0,,,,2020-03-24,0.0,0.5033333333333333,0.0,Ride
3057884702,Afternoon Ride,Ride,Ride,2020-01-30T17:44:17Z,3718.4,1321,2254,0.0,,,2.815,,,,2020-01-30,3.7184,0.36694444444444446,0.0,Ride
2927734428,Morning Ride,Run,Run,2019-12-12T08:06:11Z,6725.8,1944,1944,1592.0,,,3.46,,,,2019-12-12,6.7258000000000004,0.54,1.592,Run
2927734350,Morning Ride,Ride,Ride,2019-11-30T10:44:48Z,0.0,1456,1456,0.0,,,0.0,,,,2019-11-30,0.0,0.40444444444444444,0.0,Ride
2927734351,Evening Ride,Ride,Ride,2019-11-27T18:34:09Z,8957.1,2620,4809,0.0,,,3.419,,,,2019-11-27,8.9571,0.7277777777777777,0.0,Ride
2927734272,Evening Ride,Ride,Ride,2019-11-23T18:47:24Z,7539.4,2639,2928,0.0,,,2.857,,7.7,20.4,2019-11-23,7.5394,0.7330555555555556,0.0,Ride
2927734225,Evening Ride,Ride,Ride,2019-11-20T18:37:51Z,14056.9,4361,5846,0.0,,,3.223,,0.9,4.0,2019-11-20,14.056899999999999,1.2113888888888888,0.0,Ride
2874015775,Afternoon Ride,Ride,Ride,2019-11-18T16:01:28Z,5060.3,1619,1945,0.0,,,3.126,,93.8,151.9,2019-11-18,5.0603,0.44972222222222225,0.0,Ride
2851318373,Morning Ride,Run,Run,2019-11-09T07:14:22Z,10769.1,3149,3309,1917.6,,,3.42,,,,2019-11-09,10.7691,0.8747222222222222,1.9176,Run
2851318336,Evening Ride,Ride,Ride,2019-11-06T19:49:25Z,1891.4,815,815,0.0,,,2.321,,6.4,5.2,2019-11-06,1.8914000000000002,0.2263888888888889,0.0,Ride
2851318335,Evening Ride,Ride,Ride,2019-11-06T18:57:29Z,6636.4,2054,2792,0.0,,,3.231,,,,2019-11-06,6.6364,0.5705555555555556,0.0,Ride
2851318169,Lunch Ride,Ride,Ride,2019-11-03T12:11:33Z,6085.5,1682,2702,0.0,,,3.618,,,,2019-11-03,6.0855,0.4672222222222222,0.0,Ride
2833666544,Evening Ride,Run,Run,2019-11-01T18:50:20Z,8835.8,2492,2545,130.6,,,3.546,,,,2019-11-01,8.835799999999999,0.6922222222222222,0.1306,Run
2829116271,Evening Ride,Ride,Ride,2019-10-30T18:05:13Z,1765.4,571,650,0.0,,,3.092,,16.3,9.3,2019-10-30,1.7654,0.15861111111111112,0.0,Ride
2829116263,Afternoon Ride,Run,Run,2019-10-30T17:35:45Z,5488.5,1455,1575,101.3,,,3.772,,,,2019-10-30,5.4885,0.4041666666666667,0.1013,Run
2829116037,Afternoon Ride,Ride,Ride,2019-10-30T17:22:50Z,2346.1,625,682,0.0,,,3.754,,,,2019-10-30,2.3461,0.1736111111111111,0.0,Ride
2801071342,Afternoon Ride,Run,Run,2019-10-19T17:37:11Z,11940.2,3362,3532,2130.8,,,3.552,,,,2019-10-19,11.9402,0.9338888888888889,2.1308000000000002,Run
2775469696,Afternoon Ride,Run,Run,2019-10-09T16:44:17Z,10686.2,3264,3427,360.7,,,3.274,,,,2019-10-09,10.686200000000001,0.9066666666666666,0.36069999999999997,Run
2757369795,Afternoon Ride,Run,Run,2019-10-02T17:26:54Z,6863.4,1912,1912,0.0,,,3.59,,,,2019-10-02,6.8633999999999995,0.5311111111111111,0.0,Run
2757269064,Afternoon Ride,Ride,Ride,2019-09-05T14:17:59Z,7992.9,2497,3538,0.0,,,3.201,,,,2019-09-05,7.9929,0.6936111111111111,0.0,Ride
2681717589,Morning Ride,Ride,Ride,2019-09-05T05:51:33Z,50630.2,6207,6512,0.0,,,8.157,,84.1,522.1,2019-09-05,50.630199999999995,1.7241666666666666,0.0,Ride
2677595336,Afternoon Ride,Ride,Ride,2019-09-03T14:45:05Z,51293.7,5924,5924,0.0,,,8.659,,106.8,632.9,2019-09-03,51.293699999999994,1.6455555555555557,0.0,Ride
2677595236,Afternoon Ride,Ride,Ride,2019-09-02T14:39:26Z,26968.9,5814,9525,0.0,,,4.639,,51.9,301.8,2019-09-02,26.9689,1.615,0.0,Ride
2677596628,Afternoon Ride,Ride,Ride,2019-08-30T13:30:04Z,8356.8,4438,5038,0.0,,,1.883,,0.1,0.4,2019-08-30,8.3568,1.2327777777777778,0.0,Ride
2677595669,Afternoon Ride,Ride,Ride,2019-08-21T14:53:03Z,9084.5,3016,4157,0.0,,,3.012,,20.0,60.4,2019-08-21,9.0845,0.8377777777777777,0.0,Ride
2677595558,Morning Ride,Ride,Ride,2019-08-21T10:47:58Z,16011.3,6564,12393,0.0,,,2.439,,15.3,100.7,2019-08-21,16.0113,1.8233333333333333,0.0,Ride
2677595469,Afternoon Ride,Ride,Ride,2019-08-19T13:13:11Z,13048.1,3934,4648,0.0,,,3.317,,18.8,74.1,2019-08-19,13.0481,1.0927777777777778,0.0,Ride
2677595401,Morning Ride,Ride,Ride,2019-08-19T09:37:40Z,16508.3,5184,9788,0.0,,,3.184,,9.8,50.6,2019-08-19,16.5083,1.44,0.0,Ride
2677594977,Lunch Ride,Ride,Ride,2019-08-06T12:05:52Z,6984.6,2156,4142,0.0,,,3.24,,,,2019-08-06,6.9846,0.5988888888888889,0.0,Ride
2582829624,Afternoon Ride,Ride,Ride,2019-08-01T13:45:39Z,11771.0,4919,10816,0.0,,,2.393,,0.7,3.3,2019-08-01,11.771,1.3663888888888889,0.0,Ride
2582482386,Morning Ride,Ride,Ride,2019-07-12T09:02:27Z,51498.9,12312,12822,1490.3,,,4.183,,118.7,1462.0,2019-07-12,51.4989,3.42,1.4903,Ride
2582482030,Morning Ride,Ride,Ride,2019-07-11T08:16:58Z,47982.6,11519,12736,0.0,,,4.166,,50.3,579.2,2019-07-11,47.9826,3.1997222222222224,0.0,Ride
2582481946,Morning Ride,Ride,Ride,2019-07-10T10:55:50Z,56414.7,13150,13704,0.0,,,4.29,,46.9,616.9,2019-07-10,56.414699999999996,3.6527777777777777,0.0,Ride
2582481836,Morning Ride,Ride,Ride,2019-07-09T08:51:47Z,48480.4,10564,12259,0.0,,,4.589,,44.0,465.2,2019-07-09,48.4804,2.9344444444444444,0.0,Ride
2582481845,Morning Ride,Ride,Ride,2019-07-08T08:35:23Z,25712.4,6768,7094,0.0,,,3.799,,0.0,0.1,2019-07-08,25.712400000000002,1.88,0.0,Ride
2513132655,Morning Ride,Ride,Ride,2019-07-07T08:28:11Z,38934.9,9752,10298,0.0,,,3.993,,2.5,24.4,2019-07-07,38.9349,2.7088888888888887,0.0,Ride
2513132264,Morning Ride,Ride,Ride,2019-07-06T08:31:44Z,38559.1,10925,12050,0.0,,,3.529,,40.6,443.3,2019-07-06,38.5591,3.0347222222222223,0.0,Ride
2513148323,Morning Ride,Ride,Ride,2019-07-05T08:34:01Z,4476.7,1085,1207,0.0,,,4.126,,52.4,56.8,2019-07-05,4.4767,0.3013888888888889,0.0,Ride
2513148309,Afternoon Ride,Ride,Ride,2019-06-28T15:05:28Z,3067.2,897,1539,0.0,,,3.419,,,,2019-06-28,3.0671999999999997,0.24916666666666668,0.0,Ride
2513148364,Morning Ride,Ride,Ride,2019-06-24T10:13:10Z,22409.7,6697,11112,0.0,,,3.346,,3.5,23.2,2019-06-24,22.4097,1.8602777777777777,0.0,Ride
2513148219,Night Ride,Ride,Ride,2019-06-03T22:32:31Z,20605.2,2836,205985,0.0,,,7.266,,,,2019-06-03,20.6052,0.7877777777777778,0.0,Ride
2421343120,Morning Ride,Ride,Ride,2019-06-01T08:25:19Z,64369.1,8475,40456,0.0,,,7.595,,5.4,46.0,2019-06-01,64.3691,2.3541666666666665,0.0,Ride
2421342943,Morning Ride,Ride,Ride,2019-05-30T08:35:00Z,31947.3,4351,84537,0.0,,,7.343,,11.7,50.8,2019-05-30,31.9473,1.208611111111111,0.0,Ride
2421342850,Morning Ride,Ride,Ride,2019-05-28T08:28:37Z,36300.7,4875,124175,0.0,,,7.446,,0.9,4.6,2019-05-28,36.3007,1.3541666666666667,0.0,Ride
2421342715,Morning Ride,Ride,Ride,2019-05-27T08:35:06Z,15261.4,2156,2175,0.0,,,7.079,,,,2019-05-27,15.2614,0.5988888888888889,0.0,Ride
2400213181,Afternoon Ride,Ride,Ride,2019-05-26T14:54:58Z,84643.6,11190,11678,0.0,,,7.564,,78.0,873.2,2019-05-26,84.6436,3.1083333333333334,0.0,Ride
2397279567,Afternoon Ride,Ride,Ride,2019-05-25T17:46:57Z,50670.9,6627,6806,0.0,,,7.646,,8.3,55.0,2019-05-25,50.6709,1.8408333333333333,0.0,Ride
2383101783,Morning Ride,Ride,Ride,2019-05-20T10:28:01Z,63029.6,8222,9002,0.0,,,7.666,,70.0,575.9,2019-05-20,63.0296,2.283888888888889,0.0,Ride
2383101928,Morning Ride,Ride,Ride,2019-05-11T10:28:20Z,36583.2,8661,19650,0.0,,,4.224,,29.5,255.6,2019-05-11,36.5832,2.4058333333333333,0.0,Ride
2356999349,Morning Ride,Ride,Ride,2019-05-10T10:10:44Z,26308.1,6019,12785,0.0,,,4.371,,26.7,160.9,2019-05-10,26.3081,1.6719444444444445,0.0,Ride
2356999316,Morning Ride,Ride,Ride,2019-05-09T09:24:59Z,49273.7,12742,25280,0.0,,,3.867,,27.4,349.6,2019-05-09,49.2737,3.5394444444444444,0.0,Ride
2350114868,Morning Ride,Ride,Ride,2019-05-07T10:27:06Z,53681.3,10744,18990,0.0,,,4.996,,25.8,276.9,2019-05-07,53.6813,2.9844444444444442,0.0,Ride
2350114765,Morning Ride,Ride,Ride,2019-05-06T10:40:04Z,46257.3,11584,18493,0.0,,,3.993,,23.6,273.1,2019-05-06,46.2573,3.2177777777777776,0.0,Ride
2350114413,Afternoon Ride,Ride,Ride,2019-04-28T15:06:55Z,23993.0,3359,3927,0.0,,,7.143,,,,2019-04-28,23.993,0.9330555555555555,0.0,Ride
2321060816,Afternoon Ride,Ride,Ride,2019-04-26T15:02:06Z,16503.0,2414,2495,0.0,,,6.836,,,,2019-04-26,16.503,0.6705555555555556,0.0,Ride
2308453445,Afternoon Ride,Ride,Ride,2019-04-21T15:42:10Z,23380.8,2950,3160,0.0,,,7.926,,78.4,231.3,2019-04-21,23.3808,0.8194444444444444,0.0,Ride
2305859962,Morning Ride,Ride,Ride,2018-09-19T09:35:03Z,12910.8,2635,2635,0.0,,,4.9,,44.4,,2018-09-19,12.9108,0.7319444444444444,0.0,Ride
2305859956,Morning Ride,Ride,Ride,2018-09-08T10:32:56Z,22321.1,3914,3914,0.0,,,5.703,,57.9,,2018-09-08,22.321099999999998,1.0872222222222223,0.0,Ride
2305859950,Morning Ride,Ride,Ride,2018-09-08T10:04:04Z,15081.3,1602,1646,0.0,,,9.414,,1.2,1.9,2018-09-08,15.081299999999999,0.445,0.0,Ride
1826155646,Afternoon Ride,Ride,Ride,2018-09-07T17:30:18Z,27633.2,3335,3335,0.0,,,8.286,,107.4,358.3,2018-09-07,27.633200000000002,0.9263888888888889,0.0,Ride
1826085802,Morning Ride,Ride,Ride,2018-08-30T10:55:35Z,61872.3,12047,20348,0.0,,,5.136,,45.9,553.1,2018-08-30,61.8723,3.346388888888889,0.0,Ride
1826085670,Morning Ride,Ride,Ride,2018-08-25T10:46:27Z,137361.0,14227,14448,0.0,,,9.655,,128.1,1822.9,2018-08-25,137.361,3.9519444444444445,0.0,Ride
1793152210,Afternoon Ride,Ride,Ride,2018-08-23T17:40:56Z,31517.4,3765,3917,0.0,,,8.371,,88.5,333.1,2018-08-23,31.517400000000002,1.0458333333333334,0.0,Ride
1793063503,Afternoon Ride,Ride,Ride,2018-08-22T17:23:44Z,24296.7,3139,4057,0.0,,,7.74,,80.8,253.5,2018-08-22,24.2967,0.8719444444444444,0.0,Ride
1788578297,Morning Ride,Ride,Ride,2018-08-21T07:35:45Z,25660.8,3621,39620,0.0,,,7.087,,,,2018-08-21,25.6608,1.0058333333333334,0.0,Ride
1788499492,Afternoon Ride,Ride,Ride,2018-08-19T13:01:24Z,108369.0,9957,9957,0.0,,,10.884,,57.1,568.1,2018-08-19,108.369,2.765833333333333,0.0,Ride
1783202981,Afternoon Ride,Ride,Ride,2018-08-18T14:27:10Z,12963.1,1804,2095,0.0,,,7.186,,71.0,128.1,2018-08-18,12.9631,0.5011111111111111,0.0,Ride
1781236893,Afternoon Ride,Ride,Ride,2018-08-15T17:13:56Z,27350.2,3388,3589,0.0,,,8.073,,,,2018-08-15,27.3502,0.9411111111111111,0.0,Ride
1781236683,Morning Ride,Ride,Ride,2018-08-14T07:51:09Z,12320.9,1675,1946,0.0,,,7.356,,57.2,95.8,2018-08-14,12.3209,0.4652777777777778,0.0,Ride
1771233643,Morning Ride,Ride,Ride,2018-08-12T08:56:34Z,108615.0,9832,10139,0.0,,,11.047,,194.5,1912.7,2018-08-12,108.615,2.7311111111111113,0.0,Ride
1771233488,Morning Ride,Ride,Ride,2018-08-12T08:29:43Z,5854.2,951,1114,0.0,,,6.156,,74.2,70.6,2018-08-12,5.8542,0.26416666666666666,0.0,Ride
1771258488,Morning Ride,Ride,Ride,2018-08-11T09:57:37Z,117201.0,9720,10207,0.0,,,12.058,,85.3,829.0,2018-08-11,117.201,2.7,0.0,Ride
1771258399,Morning Ride,Ride,Ride,2018-08-11T09:25:32Z,8316.8,1116,1801,0.0,,,7.452,,68.1,76.0,2018-08-11,8.316799999999999,0.31,0.0,Ride
1763515650,Afternoon Ride,Ride,Ride,2018-08-10T17:54:58Z,32928.0,3065,3377,0.0,,,10.743,,148.6,455.6,2018-08-10,32.928,0.8513888888888889,0.0,Ride
1763515621,Afternoon Ride,Ride,Ride,2018-08-10T17:40:55Z,2973.3,483,637,0.0,,,6.156,,61.1,29.5,2018-08-10,2.9733,0.13416666666666666,0.0,Ride
1762781760,Morning Ride,Ride,Ride,2018-08-10T10:48:22Z,13183.8,1647,1647,0.0,,,8.005,,9.1,15.0,2018-08-10,13.1838,0.4575,0.0,Ride
1762780985,Morning Ride,Ride,Ride,2018-08-10T09:53:06Z,13580.9,1585,2012,0.0,,,8.568,,169.1,268.0,2018-08-10,13.5809,0.44027777777777777,0.0,Ride
1762627584,Evening Ride,Ride,Ride,2018-08-09T18:26:07Z,14755.6,1240,1361,0.0,,,11.9,,,,2018-08-09,14.755600000000001,0.34444444444444444,0.0,Ride
1761556612,Afternoon Ride,Ride,Ride,2018-08-09T17:58:37Z,5669.8,754,1083,0.0,,,7.52,,,,2018-08-09,5.6698,0.20944444444444443,0.0,Ride
1760772658,Morning Ride,Ride,Ride,2018-08-09T09:56:04Z,70724.0,6379,6656,946.9,,,11.087,,366.0,2334.5,2018-08-09,70.724,1.7719444444444445,0.9469,Ride
1760772424,Morning Ride,Ride,Ride,2018-08-09T09:20:09Z,8613.0,1282,2048,0.0,,,6.718,,80.4,103.1,2018-08-09,8.613,0.3561111111111111,0.0,Ride
1759359996,Afternoon Ride,Ride,Ride,2018-08-08T16:48:14Z,19281.3,2663,3651,0.0,,,7.24,,90.5,241.0,2018-08-08,19.281299999999998,0.7397222222222222,0.0,Ride
1759358353,Afternoon Ride,Ride,Ride,2018-08-07T16:50:11Z,19808.1,2466,2721,0.0,,,8.032,,73.0,180.0,2018-08-07,19.8081,0.685,0.0,Ride
1754882312,Evening Ride,Ride,Ride,2018-08-06T18:45:37Z,24408.2,3130,3130,0.0,,,7.798,,86.7,271.5,2018-08-06,24.4082,0.8694444444444445,0.0,Ride
1754926641,Afternoon Ride,Ride,Ride,2018-08-04T16:45:41Z,45678.3,3599,3864,0.0,,,12.692,,,,2018-08-04,45.6783,0.9997222222222222,0.0,Ride
1754926608,Afternoon Ride,Ride,Ride,2018-08-03T17:02:22Z,24303.7,2982,3315,0.0,,,8.15,,3.9,11.6,2018-08-03,24.3037,0.8283333333333334,0.0,Ride
1747678045,Night Ride,Ride,Ride,2018-08-02T00:53:31Z,15431.8,2298,25696,0.0,,,6.715,,7.7,17.6,2018-08-02,15.431799999999999,0.6383333333333333,0.0,Ride
1744547016,Evening Ride,Ride,Ride,2018-08-01T18:28:48Z,45756.7,3558,3747,0.0,,,12.86,,238.5,848.5,2018-08-01,45.756699999999995,0.9883333333333333,0.0,Ride
1744547012,Afternoon Ride,Ride,Ride,2018-08-01T16:53:37Z,37705.8,4812,5637,0.0,,,7.836,,26.2,126.2,2018-08-01,37.7058,1.3366666666666667,0.0,Ride
1741148523,Morning Ride,Ride,Ride,2018-07-31T08:00:07Z,24564.5,3405,37043,0.0,,,7.214,,17.9,61.0,2018-07-31,24.5645,0.9458333333333333,0.0,Ride
1738789138,Morning Ride,Ride,Ride,2018-07-30T07:31:55Z,41618.4,5690,38111,0.0,,,7.314,,,,2018-07-30,41.6184,1.5805555555555555,0.0,Ride
1737576900,Morning Ride,Ride,Ride,2018-07-28T08:55:14Z,117826.0,12415,15778,0.0,,,9.491,,101.4,1259.1,2018-07-28,117.826,3.448611111111111,0.0,Ride
1731941942,Morning Ride,Ride,Ride,2018-07-27T07:25:22Z,60337.4,7182,36127,0.0,,,8.401,,71.1,510.8,2018-07-27,60.3374,1.995,0.0,Ride
1727972169,Morning Ride,Ride,Ride,2018-07-25T07:45:04Z,55233.3,7246,40490,0.0,,,7.623,,22.0,159.1,2018-07-25,55.2333,2.012777777777778,0.0,Ride
1727779818,Morning Ride,Ride,Ride,2018-07-23T07:46:26Z,4085.7,589,774,0.0,,,6.937,,118.3,69.7,2018-07-23,4.0857,0.16361111111111112,0.0,Ride
1721409860,Lunch Ride,Ride,Ride,2018-07-22T11:38:18Z,72579.9,9710,11059,0.0,,,7.475,,20.6,200.1,2018-07-22,72.5799,2.6972222222222224,0.0,Ride
1721409757,Morning Ride,Ride,Ride,2018-07-21T09:04:42Z,147378.0,13502,13557,1208.9,,,10.915,,319.5,4313.5,2018-07-21,147.378,3.7505555555555556,1.2089,Ride
1721409692,Morning Ride,Ride,Ride,2018-07-21T07:53:03Z,25207.5,3243,3349,0.0,,,7.773,,75.4,244.4,2018-07-21,25.2075,0.9008333333333334,0.0,Ride
1721409718,Morning Ride,Ride,Ride,2018-07-19T07:25:19Z,37158.1,5316,37824,0.0,,,6.99,,17.7,94.1,2018-07-19,37.1581,1.4766666666666666,0.0,Ride
1712026493,Evening Ride,Ride,Ride,2018-07-18T19:34:21Z,1908.5,298,298,0.0,,,6.404,,49.4,14.7,2018-07-18,1.9085,0.08277777777777778,0.0,Ride
1712026539,Evening Ride,Ride,Ride,2018-07-18T18:26:57Z,45956.9,3609,3908,0.0,,,12.734,,,,2018-07-18,45.956900000000005,1.0025,0.0,Ride
1712026426,Morning Ride,Ride,Ride,2018-07-18T07:51:22Z,37589.8,4925,38085,0.0,,,7.632,,6.1,30.2,2018-07-18,37.589800000000004,1.3680555555555556,0.0,Ride
1710571958,Afternoon Ride,Ride,Ride,2018-07-16T16:34:19Z,53993.3,6624,7026,0.0,,,8.151,,86.1,570.6,2018-07-16,53.993300000000005,1.84,0.0,Ride
1707174896,Lunch Ride,Ride,Ride,2018-07-14T12:34:16Z,99968.8,11122,11465,0.0,,,8.988,,133.4,1483.5,2018-07-14,99.9688,3.0894444444444447,0.0,Ride
1698701392,Morning Ride,Ride,Ride,2018-07-12T07:33:13Z,50851.4,6132,41564,0.0,,,8.293,,0.6,3.7,2018-07-12,50.8514,1.7033333333333334,0.0,Ride
1696721682,Morning Ride,Ride,Ride,2018-07-11T07:27:18Z,96749.0,10493,44159,0.0,,,9.22,,119.6,1254.7,2018-07-11,96.749,2.914722222222222,0.0,Ride
1696336469,Morning Ride,Ride,Ride,2018-07-10T07:30:15Z,68854.4,8869,39648,0.0,,,7.763,,11.8,104.6,2018-07-10,68.8544,2.463611111111111,0.0,Ride
1692076123,Morning Ride,Ride,Ride,2018-07-09T08:12:59Z,24526.7,3601,34347,106.5,,,6.811,,109.2,393.3,2018-07-09,24.5267,1.0002777777777778,0.1065,Ride
1690967509,Lunch Ride,Ride,Ride,2018-07-08T11:13:34Z,169610.0,20819,26556,2827.6,,,8.147,,208.8,4346.8,2018-07-08,169.61,5.783055555555555,2.8276,Ride
1690971933,Morning Ride,Ride,Ride,2018-07-03T07:20:36Z,10433.1,1685,1931,0.0,,,6.192,,112.7,189.9,2018-07-03,10.4331,0.46805555555555556,0.0,Ride
1675088032,Afternoon Ride,Ride,Ride,2018-07-01T14:10:50Z,92115.1,10711,12249,0.0,,,8.6,,114.8,1229.9,2018-07-01,92.11510000000001,2.975277777777778,0.0,Ride
1672150331,Morning Ride,Ride,Ride,2018-06-30T09:31:00Z,90284.3,11098,11378,0.0,,,8.135,,38.0,421.3,2018-06-30,90.2843,3.082777777777778,0.0,Ride
1670430259,Afternoon Ride,Ride,Ride,2018-06-29T16:10:25Z,27131.0,3998,5896,0.0,,,6.786,,5.4,21.7,2018-06-29,27.131,1.1105555555555555,0.0,Ride
1666708219,Evening Ride,Ride,Ride,2018-06-27T19:35:22Z,2416.6,612,1096,0.0,,,3.949,,26.3,16.1,2018-06-27,2.4166,0.17,0.0,Ride
1666699665,Evening Ride,Ride,Ride,2018-06-27T18:29:37Z,46528.6,3686,3827,0.0,,,12.623,,,,2018-06-27,46.5286,1.0238888888888888,0.0,Ride
1666699556,Afternoon Ride,Ride,Ride,2018-06-27T16:39:37Z,36488.4,5358,6425,0.0,,,6.81,,61.8,331.0,2018-06-27,36.4884,1.4883333333333333,0.0,Ride
1665908066,Morning Ride,Ride,Ride,2018-06-27T07:43:46Z,10016.7,1273,1450,0.0,,,7.869,,,,2018-06-27,10.0167,0.3536111111111111,0.0,Ride
1664444827,Afternoon Ride,Ride,Ride,2018-06-26T16:32:22Z,52363.7,6849,8317,0.0,,,7.645,,84.7,579.9,2018-06-26,52.363699999999994,1.9025,0.0,Ride
1664221399,Morning Ride,Ride,Ride,2018-06-25T10:30:06Z,19915.7,4590,8117,0.0,,,4.339,,35.2,161.5,2018-06-25,19.9157,1.275,0.0,Ride
1659591153,Morning Ride,Ride,Ride,2018-06-24T08:15:06Z,104210.0,13680,14577,0.0,,,7.618,,78.3,1070.9,2018-06-24,104.21,3.8,0.0,Ride
1653677013,Morning Ride,Ride,Ride,2018-06-21T07:36:49Z,26007.4,3851,35439,0.0,,,6.753,,,,2018-06-21,26.0074,1.0697222222222222,0.0,Ride
1651776446,Morning Ride,Ride,Ride,2018-06-20T07:29:30Z,62315.9,8156,42710,0.0,,,7.64,,30.4,247.7,2018-06-20,62.3159,2.2655555555555558,0.0,Ride
1649394905,Morning Ride,Ride,Ride,2018-06-19T07:37:55Z,16948.7,2653,33526,0.0,,,6.389,,1.0,2.8,2018-06-19,16.948700000000002,0.7369444444444444,0.0,Ride
1648139673,Morning Ride,Ride,Ride,2018-06-18T07:38:52Z,37252.8,5525,39156,0.0,,,6.743,,16.3,90.0,2018-06-18,37.2528,1.5347222222222223,0.0,Ride
1645662911,Morning Ride,Ride,Ride,2018-06-17T08:02:10Z,143207.0,15155,17836,939.5,,,9.449,,220.4,3340.6,2018-06-17,143.207,4.209722222222222,0.9395,Ride
1644180818,Morning Ride,Ride,Ride,2018-06-14T07:51:20Z,10694.5,1759,32486,0.0,,,6.08,,,,2018-06-14,10.6945,0.4886111111111111,0.0,Ride
1637804217,Morning Ride,Ride,Ride,2018-06-13T07:37:12Z,12969.5,1840,2015,0.0,,,7.049,,51.1,94.0,2018-06-13,12.9695,0.5111111111111111,0.0,Ride
1634785499,Morning Ride,Ride,Ride,2018-06-12T07:34:59Z,25915.9,3960,36873,0.0,,,6.544,,27.3,108.0,2018-06-12,25.9159,1.1,0.0,Ride
1634734063,Afternoon Ride,Ride,Ride,2018-06-10T13:05:34Z,126019.0,11396,11693,1078.0,,,11.058,,337.7,3848.5,2018-06-10,126.019,3.1655555555555557,1.078,Ride
1628275199,Evening Ride,Ride,Ride,2018-06-09T19:32:18Z,0.0,2318,2318,0.0,,,0.0,77.1,201.8,467.8,2018-06-09,0.0,0.6438888888888888,0.0,Ride
1628233231,Morning Ride,Ride,Ride,2018-06-08T07:33:27Z,51538.9,7241,40233,0.0,,,7.118,,18.7,135.6,2018-06-08,51.5389,2.011388888888889,0.0,Ride
1622050181,Evening Ride,Ride,Ride,2018-06-06T19:02:35Z,5598.2,979,979,0.0,,,5.718,,45.2,44.2,2018-06-06,5.598199999999999,0.27194444444444443,0.0,Ride
1622050141,Evening Ride,Ride,Ride,2018-06-06T18:41:40Z,10103.1,880,925,0.0,,,11.481,,182.3,160.4,2018-06-06,10.1031,0.24444444444444444,0.0,Ride
1622014847,Morning Ride,Ride,Ride,2018-06-06T07:29:02Z,51426.5,7000,40325,0.0,,,7.347,,15.1,105.4,2018-06-06,51.4265,1.9444444444444444,0.0,Ride
1619686105,Afternoon Ride,Ride,Ride,2018-06-05T17:20:08Z,0.0,2087,2087,0.0,,,0.0,78.5,201.0,419.5,2018-06-05,0.0,0.5797222222222222,0.0,Ride
1619686001,Afternoon Ride,Ride,Ride,2018-06-05T17:19:39Z,0.6,1,1,0.0,,,0.6,84.0,126.0,0.1,2018-06-05,0.0006,0.0002777777777777778,0.0,Ride
1615967173,Lunch Ride,Ride,Ride,2018-06-03T12:44:50Z,122046.0,11919,12744,0.0,,,10.24,,123.5,1472.1,2018-06-03,122.046,3.3108333333333335,0.0,Ride
1612368808,Morning Ride,Ride,Ride,2018-06-02T10:48:33Z,27380.8,3318,3401,0.0,,,8.252,,14.0,46.4,2018-06-02,27.3808,0.9216666666666666,0.0,Ride
1612212727,Morning Ride,Ride,Ride,2018-06-01T07:50:28Z,26921.8,3715,36399,0.0,,,7.247,,13.7,50.7,2018-06-01,26.921799999999998,1.0319444444444446,0.0,Ride
1608901882,Morning Ride,Ride,Ride,2018-05-31T07:27:47Z,25912.5,3662,34677,0.0,,,7.076,,28.0,102.7,2018-05-31,25.9125,1.0172222222222222,0.0,Ride
1606922343,Evening Ride,Ride,Ride,2018-05-30T19:31:58Z,866.6,297,609,0.0,,,2.918,,18.5,5.5,2018-05-30,0.8666,0.0825,0.0,Ride
1606912470,Evening Ride,Ride,Ride,2018-05-30T18:28:38Z,43452.7,3487,3773,0.0,,,12.461,,0.0,0.0,2018-05-30,43.4527,0.9686111111111111,0.0,Ride
1606912397,Morning Ride,Ride,Ride,2018-05-30T07:30:17Z,53320.0,7222,39220,0.0,,,7.383,,1.2,9.0,2018-05-30,53.32,2.006111111111111,0.0,Ride
1600122000,Lunch Ride,Ride,Ride,2018-05-27T12:43:59Z,12352.1,1379,1443,0.0,,,8.957,,60.7,83.8,2018-05-27,12.3521,0.38305555555555554,0.0,Ride
1600029577,Morning Ride,Ride,Ride,2018-05-27T08:52:21Z,119735.0,12072,12572,1960.5,,,9.918,,301.9,3644.6,2018-05-27,119.735,3.3533333333333335,1.9605,Ride
1600029062,Morning Ride,Ride,Ride,2018-05-27T08:17:47Z,6219.6,901,1852,0.0,,,6.903,,,,2018-05-27,6.219600000000001,0.25027777777777777,0.0,Ride
1600028908,Afternoon Ride,Ride,Ride,2018-05-26T14:50:14Z,25860.1,3141,4543,0.0,,,8.233,,75.3,236.6,2018-05-26,25.8601,0.8725,0.0,Ride
1600028730,Afternoon Ride,Ride,Ride,2018-05-26T14:11:15Z,9757.2,1451,1861,1269.0,,,6.724,,49.3,71.6,2018-05-26,9.757200000000001,0.40305555555555556,1.269,Ride
1597326528,Morning Ride,Ride,Ride,2018-05-26T10:28:21Z,6280.2,895,2875,0.0,,,7.017,,298.4,267.1,2018-05-26,6.2802,0.24861111111111112,0.0,Ride
1597315969,Morning Ride,Ride,Ride,2018-05-26T09:48:12Z,18850.2,1699,1724,0.0,,,11.095,,,,2018-05-26,18.8502,0.47194444444444444,0.0,Ride
1597315779,Morning Ride,Ride,Ride,2018-05-26T09:10:40Z,7438.3,1030,1866,47.3,,,7.222,,124.4,128.2,2018-05-26,7.4383,0.2861111111111111,0.047299999999999995,Ride
1595984873,Evening Ride,Ride,Ride,2018-05-25T20:40:45Z,5491.1,739,739,0.0,,,7.43,,69.8,51.5,2018-05-25,5.4911,0.20527777777777778,0.0,Ride
1595984018,Evening Ride,Ride,Ride,2018-05-25T19:30:48Z,36817.9,2906,3344,0.0,,,12.67,,,,2018-05-25,36.8179,0.8072222222222222,0.0,Ride
1595983957,Evening Ride,Ride,Ride,2018-05-25T18:42:11Z,14787.5,1888,2795,0.0,,,7.832,,,,2018-05-25,14.7875,0.5244444444444445,0.0,Ride
1593977936,Morning Ride,Ride,Ride,2018-05-24T07:38:13Z,30604.1,4510,37199,0.0,,,6.786,,21.0,94.6,2018-05-24,30.6041,1.2527777777777778,0.0,Ride
1592035860,Evening Ride,Ride,Ride,2018-05-23T19:01:53Z,8473.2,1361,1561,0.0,,,6.226,,32.9,44.8,2018-05-23,8.4732,0.37805555555555553,0.0,Ride
1591994008,Evening Ride,Ride,Ride,2018-05-23T18:44:14Z,10090.2,890,917,0.0,,,11.337,,1.3,1.1,2018-05-23,10.090200000000001,0.24722222222222223,0.0,Ride
1591967900,Morning Ride,Ride,Ride,2018-05-23T07:48:42Z,47252.1,6289,38989,561.0,,,7.513,,42.7,268.7,2018-05-23,47.2521,1.7469444444444444,0.561,Ride
1589710831,Morning Ride,Ride,Ride,2018-05-22T07:32:29Z,34455.2,5336,37515,852.0,,,6.457,,63.1,336.9,2018-05-22,34.4552,1.4822222222222223,0.852,Ride
1580531099,Morning Ride,Ride,Ride,2018-05-18T07:19:31Z,29979.7,4055,31264,0.0,,,7.393,,26.2,106.3,2018-05-18,29.9797,1.1263888888888889,0.0,Ride
1578816686,Afternoon Ride,Ride,Ride,2018-05-17T16:52:36Z,26398.4,3764,4085,0.0,,,7.013,72.5,15.5,58.5,2018-05-17,26.398400000000002,1.0455555555555556,0.0,Ride
1576809532,Afternoon Ride,Ride,Ride,2018-05-16T16:45:21Z,45390.2,6311,7082,0.0,,,7.192,70.9,163.1,1029.6,2018-05-16,45.3902,1.7530555555555556,0.0,Ride
1576515851,Morning Ride,Ride,Ride,2018-05-16T07:28:04Z,12417.0,1777,2109,0.0,,,6.988,70.6,149.1,264.9,2018-05-16,12.417,0.4936111111111111,0.0,Ride
1576570623,Morning Ride,Ride,Ride,2018-05-14T07:52:20Z,14809.9,2125,33136,0.0,,,6.969,,48.4,102.9,2018-05-14,14.809899999999999,0.5902777777777778,0.0,Ride
1570454812,Afternoon Ride,Ride,Ride,2018-05-13T14:38:09Z,107590.0,8870,8870,0.0,,,12.13,,204.3,1812.4,2018-05-13,107.59,2.463888888888889,0.0,Ride
1570454591,Afternoon Ride,Ride,Ride,2018-05-13T14:07:10Z,4994.6,872,1590,0.0,,,5.728,,52.9,46.1,2018-05-13,4.9946,0.24222222222222223,0.0,Ride
1567657513,Lunch Ride,Ride,Ride,2018-05-12T11:29:01Z,45981.9,6076,6657,0.0,,,7.568,73.7,161.6,981.9,2018-05-12,45.9819,1.6877777777777778,0.0,Ride
1565786182,Morning Ride,Ride,Ride,2018-05-11T07:49:45Z,56695.3,7767,39504,0.0,,,7.3,75.0,174.2,1352.7,2018-05-11,56.6953,2.1575,0.0,Ride
1564279992,Morning Ride,Ride,Ride,2018-05-10T07:58:49Z,26791.1,4076,35257,107.1,,,6.573,71.9,147.1,599.6,2018-05-10,26.7911,1.1322222222222222,0.1071,Ride
1561136404,Morning Ride,Ride,Ride,2018-05-09T07:55:23Z,90902.7,10235,42680,526.0,,,8.882,78.2,190.4,1948.6,2018-05-09,90.9027,2.8430555555555554,0.526,Ride
1558850258,Morning Ride,Ride,Ride,2018-05-08T07:50:51Z,37380.5,5273,36199,779.0,,,7.089,70.3,155.3,819.0,2018-05-08,37.3805,1.4647222222222223,0.779,Ride
1556804688,Morning Ride,Ride,Ride,2018-05-07T08:16:34Z,26969.7,4066,35813,166.4,,,6.633,71.9,156.1,634.8,2018-05-07,26.9697,1.1294444444444445,0.1664,Ride
1553848967,Morning Ride,Ride,Ride,2018-05-06T08:03:41Z,85044.1,9743,10027,0.0,,,8.729,81.9,190.9,1859.7,2018-05-06,85.0441,2.7063888888888887,0.0,Ride
1552151205,Afternoon Ride,Ride,Ride,2018-05-05T17:51:41Z,29331.6,3640,3640,0.0,,,8.058,79.3,172.6,628.3,2018-05-05,29.331599999999998,1.011111111111111,0.0,Ride
1549918595,Afternoon Ride,Ride,Ride,2018-05-04T15:14:19Z,77361.2,9288,10869,0.0,,,8.329,80.5,173.1,1607.6,2018-05-04,77.3612,2.58,0.0,Ride
1547874421,Afternoon Ride,Ride,Ride,2018-05-03T15:34:45Z,23853.9,3492,4022,0.0,,,6.831,74.0,162.1,566.1,2018-05-03,23.853900000000003,0.97,0.0,Ride
1537471641,Afternoon Ride,Ride,Ride,2018-04-28T14:21:06Z,39167.8,4606,5264,0.0,,,8.504,80.1,194.6,896.4,2018-04-28,39.1678,1.2794444444444444,0.0,Ride
1535427934,Afternoon Ride,Ride,Ride,2018-04-27T13:25:00Z,95971.5,11460,13392,0.0,,,8.374,80.2,175.6,2011.9,2018-04-27,95.9715,3.183333333333333,0.0,Ride
1526005198,Afternoon Ride,Ride,Ride,2018-04-22T16:07:38Z,53794.4,8149,9595,0.0,,,6.601,,11.5,93.9,2018-04-22,53.7944,2.263611111111111,0.0,Ride
1523502972,Afternoon Ride,Ride,Ride,2018-04-21T16:58:07Z,73073.9,8759,9400,429.0,,,8.343,,150.4,1317.2,2018-04-21,73.0739,2.4330555555555557,0.429,Ride
1506522049,Morning Ride,Ride,Ride,2018-04-13T10:22:42Z,131401.0,14829,17050,0.0,,,8.861,,88.2,1308.0,2018-04-13,131.401,4.119166666666667,0.0,Ride
1502999639,Afternoon Ride,Ride,Ride,2018-04-11T15:30:33Z,0.0,1790,1790,0.0,,,0.0,82.7,152.3,272.7,2018-04-11,0.0,0.49722222222222223,0.0,Ride
1501600033,Afternoon Ride,Ride,Ride,2018-04-10T16:04:24Z,0.0,7602,7602,0.0,,,0.0,79.2,166.8,1267.6,2018-04-10,0.0,2.111666666666667,0.0,Ride
1489665335,Afternoon Ride,Ride,Ride,2018-03-31T13:34:43Z,102271.0,11180,13659,0.0,,,9.148,,64.4,719.6,2018-03-31,102.271,3.1055555555555556,0.0,Ride
1480429251,Afternoon Ride,Ride,Ride,2018-03-30T14:21:52Z,53976.5,6580,7087,0.0,,,8.203,,5.4,35.3,2018-03-30,53.9765,1.8277777777777777,0.0,Ride
1471267412,Morning Ride,Ride,Ride,2018-03-25T08:53:55Z,0.0,5902,5902,0.0,,,0.0,,,,2018-03-25,0.0,1.6394444444444445,0.0,Ride
1469880158,Afternoon Ride,Ride,Ride,2018-03-24T17:12:50Z,0.0,3603,3603,0.0,,,0.0,86.2,217.6,784.1,2018-03-24,0.0,1.0008333333333332,0.0,Ride
1449917250,Lunch Ride,Ride,Ride,2018-03-09T12:50:44Z,0.0,1771,1771,0.0,,,0.0,81.2,178.1,315.4,2018-03-09,0.0,0.49194444444444446,0.0,Ride
1443160591,Afternoon Ride,Ride,Ride,2018-03-08T17:05:36Z,21192.4,4961,5194,0.0,,,4.272,,,,2018-03-08,21.192400000000003,1.3780555555555556,0.0,Ride
1441500351,Lunch Ride,Ride,Ride,2018-03-06T11:05:55Z,2624.0,2693,4508,0.0,,,0.974,,33.6,90.4,2018-03-06,2.624,0.7480555555555556,0.0,Ride
1437015750,Afternoon Ride,Ride,Ride,2018-03-04T14:54:26Z,17990.7,5182,5835,0.0,,,3.472,,14.9,77.2,2018-03-04,17.9907,1.4394444444444445,0.0,Ride
1437015717,Afternoon Ride,Ride,Ride,2018-03-04T14:29:46Z,2132.2,913,1395,0.0,,,2.335,,,,2018-03-04,2.1321999999999997,0.2536111111111111,0.0,Ride
1434047942,Morning Ride,Ride,Ride,2018-03-03T09:01:09Z,0.0,2211,2211,0.0,,,0.0,89.8,78.2,172.9,2018-03-03,0.0,0.6141666666666666,0.0,Ride
1432853208,Lunch Ride,Ride,Ride,2018-03-02T12:10:06Z,8102.0,2818,2863,0.0,,,2.875,,12.8,36.1,2018-03-02,8.102,0.7827777777777778,0.0,Ride
1429117738,Afternoon Ride,Ride,Ride,2018-02-27T16:48:22Z,0.0,1201,1201,0.0,,,0.0,96.9,299.7,360.0,2018-02-27,0.0,0.33361111111111114,0.0,Ride
1425816741,Morning Ride,BackcountrySki,BackcountrySki,2018-02-25T08:46:57Z,26322.2,6024,6550,247.8,,,4.37,,,,2018-02-25,26.322200000000002,1.6733333333333333,0.24780000000000002,BackcountrySki
1424254764,Morning Ride,Ride,Ride,2018-02-24T08:28:49Z,7740.8,2896,3105,0.0,,,2.673,,,,2018-02-24,7.7408,0.8044444444444444,0.0,Ride
1421276603,Evening Ride,Ride,Ride,2018-02-22T19:01:48Z,0.0,1834,1834,0.0,,,0.0,80.8,144.4,264.8,2018-02-22,0.0,0.5094444444444445,0.0,Ride
1421224166,Afternoon Ride,Ride,Ride,2018-02-22T17:39:55Z,10623.7,3441,3716,0.0,,,3.087,,,,2018-02-22,10.623700000000001,0.9558333333333333,0.0,Ride
1414269253,Morning Ride,Ride,Ride,2018-02-18T08:06:11Z,20780.7,5422,5668,0.0,,,3.833,,0.1,0.4,2018-02-18,20.7807,1.5061111111111112,0.0,Ride
1412790236,Afternoon Ride,Ride,Ride,2018-02-17T17:47:36Z,7990.5,2978,3125,0.0,,,2.683,,,,2018-02-17,7.9905,0.8272222222222222,0.0,Ride
1410917595,Evening Ride,Ride,Ride,2018-02-16T18:00:31Z,0.0,1202,1202,0.0,,,0.0,83.9,185.9,223.4,2018-02-16,0.0,0.3338888888888889,0.0,Ride
1407791229,Afternoon Ride,Ride,Ride,2018-02-13T17:28:46Z,5391.5,1898,2082,0.0,,,2.841,,,,2018-02-13,5.3915,0.5272222222222223,0.0,Ride
1393609234,Evening Ride,Ride,Ride,2018-02-05T18:12:49Z,0.0,3635,3635,0.0,,,0.0,85.7,217.9,792.1,2018-02-05,0.0,1.0097222222222222,0.0,Ride
1391558099,Morning Ride,BackcountrySki,BackcountrySki,2018-02-04T08:58:52Z,22689.8,6242,6965,218.9,,,3.635,,,,2018-02-04,22.689799999999998,1.7338888888888888,0.2189,BackcountrySki
1389589278,Morning Ride,Ride,Ride,2018-02-03T09:56:58Z,0.0,3676,3676,0.0,,,0.0,85.0,149.1,548.2,2018-02-03,0.0,1.021111111111111,0.0,Ride
1389466231,Morning Ride,Ride,Ride,2018-02-03T08:19:59Z,5943.4,1670,1861,0.0,,,3.559,,22.4,37.4,2018-02-03,5.9434,0.4638888888888889,0.0,Ride
1384032027,Evening Ride,Ride,Ride,2018-01-30T19:22:57Z,0.0,1807,1807,0.0,,,0.0,82.8,135.6,245.0,2018-01-30,0.0,0.5019444444444444,0.0,Ride
1384032006,Evening Ride,Run,Run,2018-01-30T18:12:01Z,9351.5,3389,3795,16.3,,,2.759,,,,2018-01-30,9.3515,0.9413888888888889,0.016300000000000002,Run
1379944663,Morning Ride,BackcountrySki,BackcountrySki,2018-01-28T09:48:43Z,18415.5,4378,4884,259.5,,,4.206,,,,2018-01-28,18.4155,1.2161111111111111,0.2595,BackcountrySki
1379713915,Morning Ride,BackcountrySki,BackcountrySki,2018-01-27T07:48:45Z,18138.9,4808,5294,9.4,,,3.773,,,,2018-01-27,18.138900000000003,1.3355555555555556,0.0094,BackcountrySki
1372360021,Afternoon Ride,Run,Run,2018-01-23T16:43:52Z,7053.9,2684,3042,38.4,,,2.628,,,,2018-01-23,7.0539,0.7455555555555555,0.0384,Run
1372359945,Afternoon Ride,Ride,Ride,2018-01-22T17:12:38Z,0.0,1201,1201,0.0,,,0.0,87.9,273.6,328.6,2018-01-22,0.0,0.33361111111111114,0.0,Ride
1372359923,Afternoon Ride,Ride,Ride,2018-01-22T15:40:30Z,0.0,40,40,0.0,,,0.0,72.0,85.3,3.4,2018-01-22,0.0,0.011111111111111112,0.0,Ride
1372359906,Afternoon Ride,Ride,Ride,2018-01-16T16:46:26Z,0.0,31,31,0.0,,,0.0,65.5,64.5,2.0,2018-01-16,0.0,0.008611111111111111,0.0,Ride
1372359876,Evening Ride,Ride,Ride,2018-01-15T18:32:16Z,0.0,1901,1901,0.0,,,0.0,73.8,72.3,137.5,2018-01-15,0.0,0.5280555555555555,0.0,Ride
1372359841,Evening Ride,Ride,Ride,2018-01-15T18:01:32Z,0.0,1802,1802,0.0,,,0.0,80.1,77.2,139.2,2018-01-15,0.0,0.5005555555555555,0.0,Ride
1372359807,Afternoon Ride,Ride,Ride,2018-01-15T17:49:10Z,0.0,700,700,0.0,,,0.0,66.5,18.3,12.8,2018-01-15,0.0,0.19444444444444445,0.0,Ride
1372359794,Afternoon Ride,Ride,Ride,2017-12-29T15:58:28Z,4262.7,1172,1172,0.0,,,3.637,,278.0,325.8,2017-12-29,4.2627,0.32555555555555554,0.0,Ride
1372359780,Morning Ride,Ride,Ride,2017-12-16T07:52:47Z,0.0,1228,1228,0.0,,,0.0,75.9,128.8,158.2,2017-12-16,0.0,0.3411111111111111,0.0,Ride
1372359763,Evening Ride,Ride,Ride,2017-12-13T18:38:43Z,0.0,1209,1209,0.0,,,0.0,81.1,113.5,137.2,2017-12-13,0.0,0.3358333333333333,0.0,Ride
1372359750,Evening Ride,Ride,Ride,2017-12-11T18:34:02Z,0.0,965,965,0.0,,,0.0,77.8,82.7,79.8,2017-12-11,0.0,0.26805555555555555,0.0,Ride
1372359736,Evening Ride,Ride,Ride,2017-11-29T18:33:04Z,0.0,1110,1110,0.0,,,0.0,82.5,129.9,144.2,2017-11-29,0.0,0.30833333333333335,0.0,Ride
1372359719,Afternoon Ride,Ride,Ride,2017-11-27T16:50:49Z,0.0,1268,1268,0.0,,,0.0,77.6,138.7,175.9,2017-11-27,0.0,0.3522222222222222,0.0,Ride
1372359701,Evening Ride,Ride,Ride,2017-11-22T18:51:48Z,0.0,2250,2250,0.0,,,0.0,87.5,205.8,463.1,2017-11-22,0.0,0.625,0.0,Ride
1372359660,Evening Ride,Ride,Ride,2017-11-21T18:44:56Z,0.0,1346,1346,0.0,,,0.0,80.9,138.4,186.2,2017-11-21,0.0,0.3738888888888889,0.0,Ride
1372359522,Evening Ride,Ride,Ride,2017-11-19T19:39:10Z,0.0,2095,2095,0.0,,,0.0,90.9,183.1,383.7,2017-11-19,0.0,0.5819444444444445,0.0,Ride
1372359479,Afternoon Ride,Ride,Ride,2017-11-15T15:54:19Z,0.0,2721,2721,0.0,,,0.0,83.0,173.2,471.3,2017-11-15,0.0,0.7558333333333334,0.0,Ride
1372359440,Afternoon Ride,Ride,Ride,2017-11-13T14:52:59Z,0.0,1574,1574,0.0,,,0.0,86.5,184.4,290.3,2017-11-13,0.0,0.43722222222222223,0.0,Ride
1372359357,Afternoon Ride,Ride,Ride,2017-11-13T14:29:58Z,0.0,1324,1324,0.0,,,0.0,90.9,182.9,242.2,2017-11-13,0.0,0.36777777777777776,0.0,Ride
1372359326,Afternoon Ride,Ride,Ride,2017-11-11T14:08:10Z,0.0,3243,3243,0.0,,,0.0,,,,2017-11-11,0.0,0.9008333333333334,0.0,Ride
1372359313,Afternoon Ride,Ride,Ride,2017-10-25T15:24:49Z,30359.4,3517,3618,0.0,,,8.632,,100.1,351.9,2017-10-25,30.3594,0.9769444444444444,0.0,Ride
1235215388,Afternoon Ride,Ride,Ride,2017-10-17T16:51:42Z,25523.4,2941,2957,265.9,,,8.678,,188.1,553.1,2017-10-17,25.523400000000002,0.8169444444444445,0.26589999999999997,Ride
1235215332,Morning Ride,Ride,Ride,2017-10-11T06:45:37Z,37805.7,4871,5141,0.0,,,7.761,,9.3,45.2,2017-10-11,37.805699999999995,1.3530555555555555,0.0,Ride
1216398716,Morning Ride,Ride,Ride,2017-10-05T10:19:07Z,22253.3,2734,2751,0.0,,,8.139,,8.9,24.3,2017-10-05,22.2533,0.7594444444444445,0.0,Ride
1216398647,Afternoon Ride,Ride,Ride,2017-09-26T17:47:33Z,11327.5,1418,6702,32.0,,,7.988,,87.4,123.9,2017-09-26,11.3275,0.3938888888888889,0.032,Ride
1197305047,Morning Ride,Ride,Ride,2017-09-23T06:19:27Z,26975.5,3633,3871,0.0,,,7.425,,56.2,204.4,2017-09-23,26.9755,1.0091666666666668,0.0,Ride
1197193133,Morning Ride,Ride,Ride,2017-09-21T06:20:39Z,62079.4,8050,9284,0.0,,,7.712,,70.7,569.3,2017-09-21,62.0794,2.236111111111111,0.0,Ride
1193842569,Morning Ride,Ride,Ride,2017-09-16T10:44:38Z,137258.0,15325,15352,2503.3,,,8.956,,264.8,4057.6,2017-09-16,137.258,4.256944444444445,2.5033000000000003,Ride
1183825331,Lunch Ride,Ride,Ride,2017-09-14T11:23:06Z,39879.8,4786,6092,0.0,,,8.333,,1.2,5.9,2017-09-14,39.8798,1.3294444444444444,0.0,Ride
1178413690,Morning Ride,Ride,Ride,2017-09-10T09:00:11Z,68151.5,8587,9001,537.0,,,7.937,,146.3,1256.3,2017-09-10,68.1515,2.3852777777777776,0.537,Ride
1175949763,Morning Ride,Ride,Ride,2017-09-09T10:34:40Z,68111.2,7732,8076,522.0,,,8.809,,187.7,1450.9,2017-09-09,68.1112,2.147777777777778,0.522,Ride
1175951201,Morning Ride,Ride,Ride,2017-09-07T09:47:19Z,33375.8,4856,6334,256.0,,,6.873,,130.0,631.0,2017-09-07,33.375800000000005,1.3488888888888888,0.256,Ride
1168057871,Morning Ride,Ride,Ride,2017-09-04T09:03:06Z,71560.7,9606,12906,770.0,,,7.45,,148.2,1423.9,2017-09-04,71.5607,2.6683333333333334,0.77,Ride
1158317703,Lunch Ride,Run,Run,2017-08-29T11:45:07Z,3207.9,1878,4367,323.0,,,1.708,,,,2017-08-29,3.2079,0.5216666666666666,0.323,Run
1156828232,sa monte par icitte!!,Ride,Ride,2017-08-28T11:19:04Z,16168.9,4761,7376,557.0,,,3.396,,94.2,448.5,2017-08-28,16.1689,1.3225,0.557,Ride
1156828051,Lunch Ride,Ride,Ride,2017-08-27T12:26:49Z,24925.5,4947,5435,384.0,,,5.039,,92.0,455.0,2017-08-27,24.9255,1.3741666666666668,0.384,Ride
1148649181,ride around,Ride,Ride,2017-08-23T12:54:26Z,51155.6,6094,10914,375.0,,,8.394,,172.4,1050.8,2017-08-23,51.1556,1.6927777777777777,0.375,Ride
1142019156,Morning Ride,Ride,Ride,2017-08-19T09:44:44Z,102090.0,14255,17163,613.0,,,7.162,,123.2,1755.9,2017-08-19,102.09,3.959722222222222,0.613,Ride
1142019837,Morning Ride,Ride,Ride,2017-08-13T10:22:30Z,11976.9,3254,5397,274.0,,,3.681,,83.1,270.5,2017-08-13,11.976899999999999,0.9038888888888889,0.274,Ride
1130667586,Afternoon Ride,Ride,Ride,2017-08-12T13:51:47Z,43062.9,5208,5208,485.0,,,8.269,,178.4,929.3,2017-08-12,43.0629,1.4466666666666668,0.485,Ride
1130104661,Afternoon Ride,Ride,Ride,2017-08-11T13:23:05Z,17395.0,3370,4185,267.0,,,5.162,,93.6,315.4,2017-08-11,17.395,0.9361111111111111,0.267,Ride
1125863495,Morning Ride,Ride,Ride,2017-08-09T08:38:21Z,41573.3,5218,38786,316.0,,,7.967,,155.6,812.1,2017-08-09,41.5733,1.4494444444444445,0.316,Ride
1125863421,Morning Ride,Ride,Ride,2017-08-07T08:41:11Z,27558.8,4128,35850,132.0,,,6.676,,102.1,421.3,2017-08-07,27.558799999999998,1.1466666666666667,0.132,Ride
1125863375,Morning Ride,Ride,Ride,2017-08-05T06:44:26Z,19838.0,2702,2764,232.0,,,7.342,,138.6,374.4,2017-08-05,19.838,0.7505555555555555,0.232,Ride
1125863336,Afternoon Ride,Ride,Ride,2017-08-03T16:11:04Z,6310.5,918,1058,31.0,,,6.874,,124.5,114.3,2017-08-03,6.3105,0.255,0.031,Ride
1125863295,Lunch Ride,Ride,Ride,2017-08-03T11:08:18Z,26763.0,3554,3629,334.0,,,7.53,,148.4,527.3,2017-08-03,26.763,0.9872222222222222,0.334,Ride
1125863229,Morning Ride,Ride,Ride,2017-08-02T08:34:52Z,12672.4,1745,45058,58.0,,,7.262,,111.2,194.1,2017-08-02,12.6724,0.4847222222222222,0.058,Ride
1125863174,Morning Ride,Ride,Ride,2017-07-31T09:51:59Z,6622.2,970,970,59.0,,,6.827,,108.1,104.9,2017-07-31,6.622199999999999,0.26944444444444443,0.059,Ride
1125863120,Morning Ride,Ride,Ride,2017-07-26T10:38:32Z,5827.7,838,903,54.0,,,6.954,,123.9,103.9,2017-07-26,5.8277,0.23277777777777778,0.054,Ride
1125863101,Lunch Ride,Ride,Ride,2017-07-13T12:37:31Z,2987.4,3403,9320,1143.0,,,0.878,,83.4,283.8,2017-07-13,2.9874,0.9452777777777778,1.143,Ride
1072574766,Morning Ride,Ride,Ride,2017-07-07T06:59:21Z,107371.0,14851,16892,770.6,,,7.23,,106.7,1584.7,2017-07-07,107.371,4.125277777777778,0.7706000000000001,Ride
1072573229,Morning Ride,Ride,Ride,2017-07-06T07:17:35Z,189692.0,25506,31482,792.0,,,7.437,,113.6,2897.1,2017-07-06,189.692,7.085,0.792,Ride
1069669188,Morning Ride,Ride,Ride,2017-07-05T07:11:27Z,207909.0,26683,32937,1470.0,,,7.792,,139.4,3718.6,2017-07-05,207.909,7.411944444444444,1.47,Ride
1069668971,Morning Ride,Ride,Ride,2017-07-04T10:24:11Z,148736.0,19706,27010,1178.0,,,7.548,,131.8,2597.1,2017-07-04,148.736,5.473888888888889,1.178,Ride
1065004835,Afternoon Ride,Ride,Ride,2017-07-02T14:53:08Z,103314.0,8737,8956,817.0,,,11.825,,387.5,3385.9,2017-07-02,103.314,2.4269444444444446,0.817,Ride
1065004809,Afternoon Ride,Ride,Ride,2017-07-02T13:49:59Z,11811.6,1488,1841,106.0,,,7.938,,177.9,264.8,2017-07-02,11.8116,0.41333333333333333,0.106,Ride
1065004813,Morning Ride,Ride,Ride,2017-07-01T07:28:46Z,31448.7,4138,4317,280.0,,,7.6,78.2,173.9,719.7,2017-07-01,31.448700000000002,1.1494444444444445,0.28,Ride
1065004784,Morning Ride,Ride,Ride,2017-06-29T08:58:14Z,59185.6,7308,7978,422.0,,,8.099,80.2,167.4,1223.7,2017-06-29,59.1856,2.03,0.422,Ride
1058902609,Evening Ride,Ride,Ride,2017-06-28T18:29:02Z,44422.0,3556,3975,139.0,,,12.492,92.6,188.6,670.7,2017-06-28,44.422,0.9877777777777778,0.139,Ride
1058902492,Evening Ride,Ride,Ride,2017-06-28T18:15:46Z,5144.3,670,776,30.0,,,7.678,74.0,143.2,95.9,2017-06-28,5.1443,0.18611111111111112,0.03,Ride
1058902477,Afternoon Ride,Ride,Ride,2017-06-27T17:48:52Z,29685.2,3288,3618,147.0,,,9.028,84.7,206.1,677.7,2017-06-27,29.685200000000002,0.9133333333333333,0.147,Ride
1058902349,Afternoon Ride,Ride,Ride,2017-06-25T13:55:54Z,40021.2,3573,3834,168.0,,,11.201,,325.5,1163.1,2017-06-25,40.0212,0.9925,0.168,Ride
1058902297,Afternoon Ride,Ride,Ride,2017-06-24T16:59:01Z,25286.3,3293,3592,77.0,,,7.679,,127.8,420.7,2017-06-24,25.2863,0.9147222222222222,0.077,Ride
1050374275,Afternoon Ride,Ride,Ride,2017-06-22T16:36:31Z,12747.6,1821,17366,52.0,,,7.0,73.4,122.3,222.6,2017-06-22,12.7476,0.5058333333333334,0.052,Ride
1050374269,Morning Ride,Ride,Ride,2017-06-22T09:45:47Z,68745.0,8248,8729,399.0,,,8.335,78.8,134.5,1109.6,2017-06-22,68.745,2.2911111111111113,0.399,Ride
1050373768,Evening Ride,Ride,Ride,2017-06-21T19:11:54Z,28419.2,3850,4223,334.0,,,7.382,70.4,129.2,497.3,2017-06-21,28.4192,1.0694444444444444,0.334,Ride
1050373679,Morning Ride,Ride,Ride,2017-06-21T07:52:40Z,6406.4,993,1111,34.0,,,6.452,74.7,131.0,130.0,2017-06-21,6.4064,0.2758333333333333,0.034,Ride
1046511973,Evening Ride,Ride,Ride,2017-06-20T18:18:52Z,21009.4,2837,2865,287.0,,,7.405,72.4,114.3,324.3,2017-06-20,21.009400000000003,0.7880555555555555,0.287,Ride
1046511869,Afternoon Ride,Ride,Ride,2017-06-19T17:27:57Z,14482.2,1963,12283,69.0,,,7.378,73.0,122.1,239.7,2017-06-19,14.4822,0.5452777777777778,0.069,Ride
1046511895,carb load,Ride,Ride,2017-06-19T13:36:43Z,76808.2,9748,10690,706.0,,,7.879,76.4,136.6,1331.2,2017-06-19,76.8082,2.707777777777778,0.706,Ride
1043427354,Lunch Ride,Ride,Ride,2017-06-18T11:36:32Z,12247.0,1750,21013,55.0,,,6.998,74.8,120.1,210.3,2017-06-18,12.247,0.4861111111111111,0.055,Ride
1043427444,Lunch Ride,Ride,Ride,2017-06-17T11:41:28Z,108764.0,13806,15250,2088.0,,,7.878,76.0,154.8,2136.7,2017-06-17,108.764,3.835,2.088,Ride
1043427114,Morning Ride,Ride,Ride,2017-06-15T09:15:17Z,94705.8,11877,14199,559.0,,,7.974,77.6,124.6,1479.8,2017-06-15,94.7058,3.299166666666667,0.559,Ride
1043426727,Evening Ride,Ride,Ride,2017-06-14T18:03:27Z,49890.3,4649,5464,333.0,,,10.731,88.1,165.7,770.5,2017-06-14,49.8903,1.291388888888889,0.333,Ride
1035440404,Afternoon Ride,Ride,Ride,2017-06-13T17:45:30Z,56540.0,6988,7319,510.0,,,8.091,77.5,129.0,901.2,2017-06-13,56.54,1.941111111111111,0.51,Ride
1035440148,Morning Ride,Ride,Ride,2017-06-13T08:27:25Z,6565.4,879,992,28.0,,,7.469,76.5,128.6,113.0,2017-06-13,6.5653999999999995,0.24416666666666667,0.028,Ride
1033327856,Morning Ride,Ride,Ride,2017-06-12T10:43:40Z,58722.1,7445,8706,548.0,,,7.887,74.5,134.7,1003.1,2017-06-12,58.7221,2.0680555555555555,0.548,Ride
1030267173,piment à vélo jour 2,Ride,Ride,2017-06-10T07:41:58Z,161446.0,20836,26322,2073.0,,,7.748,,160.0,3334.0,2017-06-10,161.446,5.7877777777777775,2.073,Ride
1030267050,Piment à vélo jour 1,Ride,Ride,2017-06-09T09:03:02Z,158875.0,21086,23667,2199.0,,,7.535,,158.4,3340.7,2017-06-09,158.875,5.857222222222222,2.199,Ride
1030266894,Evening Ride,Ride,Ride,2017-06-07T18:27:49Z,41441.2,3882,4586,255.0,,,10.675,,318.0,1234.4,2017-06-07,41.441199999999995,1.0783333333333334,0.255,Ride
1030266862,Evening Ride,Ride,Ride,2017-06-07T18:01:01Z,13348.5,1524,1524,95.0,,,8.759,,169.6,258.5,2017-06-07,13.3485,0.42333333333333334,0.095,Ride
1021394576,Afternoon Ride,Ride,Ride,2017-06-04T13:01:11Z,12698.5,1562,1562,60.0,,,8.13,,107.5,167.9,2017-06-04,12.6985,0.4338888888888889,0.06,Ride
1021394578,Morning Ride,Ride,Ride,2017-06-04T08:56:28Z,126493.0,12529,12737,1989.0,,,10.096,,313.9,3933.0,2017-06-04,126.493,3.480277777777778,1.989,Ride
1021394307,Morning Ride,Ride,Ride,2017-06-04T08:23:23Z,7103.2,1054,1862,10.0,,,6.739,,81.2,85.6,2017-06-04,7.1032,0.2927777777777778,0.01,Ride
1021394255,Afternoon Ride,Ride,Ride,2017-06-03T15:48:21Z,16351.7,2169,2169,109.0,,,7.539,,100.8,218.7,2017-06-03,16.3517,0.6025,0.109,Ride
1021394081,Afternoon Ride,Ride,Ride,2017-06-03T14:55:50Z,12473.4,1301,1559,292.0,,,9.588,,416.9,542.4,2017-06-03,12.4734,0.36138888888888887,0.292,Ride
1021394035,Morning Ride,Ride,Ride,2017-06-03T09:45:37Z,18860.2,1634,1659,67.0,,,11.542,,323.3,528.3,2017-06-03,18.8602,0.4538888888888889,0.067,Ride
1021393888,Morning Ride,Ride,Ride,2017-06-03T09:21:43Z,3732.9,604,1275,8.0,,,6.18,,120.3,72.7,2017-06-03,3.7329,0.16777777777777778,0.008,Ride
1021393830,Evening Ride,Ride,Ride,2017-06-02T20:46:16Z,4919.9,560,597,20.0,,,8.786,,192.8,108.0,2017-06-02,4.919899999999999,0.15555555555555556,0.02,Ride
1021393766,Evening Ride,Ride,Ride,2017-06-02T19:39:52Z,42371.4,3284,3284,203.0,,,12.902,,446.7,1467.1,2017-06-02,42.3714,0.9122222222222223,0.203,Ride
1021393656,Evening Ride,Ride,Ride,2017-06-02T18:51:21Z,13332.8,1831,2697,60.0,,,7.282,,122.4,224.1,2017-06-02,13.332799999999999,0.5086111111111111,0.06,Ride
1015178589,Evening Ride,Ride,Ride,2017-05-31T18:09:25Z,34863.5,4271,4351,397.0,,,8.163,,179.2,765.3,2017-05-31,34.8635,1.186388888888889,0.397,Ride
1011087294,Explore Corsica étape 4,Ride,Ride,2017-05-28T08:29:25Z,107805.0,13761,16384,1475.0,,,7.834,,169.0,2325.6,2017-05-28,107.805,3.8225,1.475,Ride
1011089155,Explore Corsica étape 3,Ride,Ride,2017-05-27T08:28:11Z,105295.0,13527,18022,1833.0,,,7.784,,181.9,2460.4,2017-05-27,105.295,3.7575,1.833,Ride
1011089085,Explore Corsica étape 2,Ride,Ride,2017-05-26T07:59:20Z,137955.0,17546,20741,2421.0,,,7.862,,192.7,3380.7,2017-05-26,137.955,4.873888888888889,2.421,Ride
1011089005,Explore Corsica étape 1,Ride,Ride,2017-05-25T08:59:24Z,110465.0,12679,15033,1603.0,,,8.712,,207.2,2627.5,2017-05-25,110.465,3.5219444444444443,1.603,Ride
1011089026,Lunch Ride,Ride,Ride,2017-05-24T11:54:59Z,45468.0,8562,9161,1673.0,,,5.31,,166.8,1428.4,2017-05-24,45.468,2.3783333333333334,1.673,Ride
1000330577,euro style,Ride,Ride,2017-05-22T09:25:11Z,123415.0,19362,27660,2752.0,,,6.374,,149.9,2902.8,2017-05-22,123.415,5.378333333333333,2.752,Ride
998917448,Emosson avec notre cousin,Ride,Ride,2017-05-21T10:24:57Z,105217.0,16432,24611,2462.0,,,6.403,,153.1,2515.3,2017-05-21,105.217,4.564444444444445,2.462,Ride
998917021,Afternoon Ride,Ride,Ride,2017-05-20T16:12:15Z,33192.4,5877,6697,926.0,,,5.648,,143.3,842.2,2017-05-20,33.1924,1.6325,0.926,Ride
998916931,Morning Ride,Ride,Ride,2017-05-18T09:38:08Z,23560.5,3428,3550,202.0,,,6.873,,127.2,435.9,2017-05-18,23.5605,0.9522222222222222,0.202,Ride
998916832,Evening Ride,Ride,Ride,2017-05-16T18:28:32Z,44495.0,3529,3529,272.0,,,12.608,,423.7,1495.1,2017-05-16,44.495,0.9802777777777778,0.272,Ride
998916730,Evening Ride,Ride,Ride,2017-05-16T18:03:20Z,8939.6,1197,1254,70.0,,,7.468,,125.6,150.4,2017-05-16,8.9396,0.3325,0.07,Ride
988137436,Evening Ride,Ride,Ride,2017-05-15T18:03:04Z,36574.5,5175,5376,546.0,,,7.068,,150.8,780.5,2017-05-15,36.5745,1.4375,0.546,Ride
986749678,"Work hard, play hard avec tony!",Ride,Ride,2017-05-14T14:29:57Z,100498.0,11760,13339,423.0,,,8.546,,164.3,1931.9,2017-05-14,100.498,3.2666666666666666,0.423,Ride
986749646,Morning Ride,Ride,Ride,2017-05-13T09:10:52Z,83060.1,7346,7859,719.0,,,11.307,,351.2,2579.5,2017-05-13,83.0601,2.0405555555555557,0.719,Ride
990095166,Afternoon Ride,Ride,Ride,2017-05-12T15:54:51Z,31138.2,3937,4252,351.0,,,7.909,,164.8,648.7,2017-05-12,31.1382,1.093611111111111,0.351,Ride
990095085,Afternoon Ride,Ride,Ride,2017-05-11T13:37:09Z,6360.5,870,1029,22.0,,,7.311,,96.6,84.1,2017-05-11,6.3605,0.24166666666666667,0.022,Ride
990095046,Morning Ride,Ride,Ride,2017-05-11T08:34:44Z,6335.9,760,894,33.0,,,8.337,,165.7,125.9,2017-05-11,6.3359,0.2111111111111111,0.033,Ride
990095143,Evening Ride,Ride,Ride,2017-05-10T18:31:03Z,44569.2,3829,3908,288.0,,,11.64,,367.4,1406.7,2017-05-10,44.569199999999995,1.063611111111111,0.288,Ride
990095078,Afternoon Ride,Ride,Ride,2017-05-10T17:49:39Z,13357.4,1669,2246,89.0,,,8.003,,145.0,242.1,2017-05-10,13.3574,0.4636111111111111,0.089,Ride
990095099,Afternoon Ride,Ride,Ride,2017-05-09T17:13:01Z,30064.8,3654,3989,269.0,,,8.228,,166.0,606.4,2017-05-09,30.064799999999998,1.015,0.269,Ride
990095075,Lunch Ride,Ride,Ride,2017-05-07T12:30:29Z,0.0,6792,6792,0.0,,,0.0,81.3,217.4,1476.9,2017-05-07,0.0,1.8866666666666667,0.0,Ride
969516974,un peu de vent dans la yeule,Ride,Ride,2017-05-03T10:23:27Z,92276.5,11081,14213,615.0,,,8.327,,162.7,1803.1,2017-05-03,92.2765,3.0780555555555558,0.615,Ride
969516786,Morning Ride,Ride,Ride,2017-05-02T06:40:12Z,0.0,2105,2105,0.0,,,0.0,81.6,198.6,418.1,2017-05-02,0.0,0.5847222222222223,0.0,Ride
969667443,Morning Ride,Ride,Ride,2017-04-30T10:38:34Z,106512.0,13128,17632,1124.0,,,8.113,,178.3,2340.6,2017-04-30,106.512,3.6466666666666665,1.124,Ride
969667315,Afternoon Ride,Ride,Ride,2017-04-27T14:15:28Z,62525.5,7651,7838,690.0,,,8.172,,182.9,1399.5,2017-04-27,62.5255,2.125277777777778,0.69,Ride
955426633,Afternoon Ride,Ride,Ride,2017-04-23T16:20:56Z,29226.2,3906,4093,431.6,,,7.482,,168.5,658.3,2017-04-23,29.226200000000002,1.085,0.43160000000000004,Ride
955175364,Afternoon Ride,Ride,Ride,2017-04-21T17:31:28Z,0.0,5835,5835,0.0,,,0.0,82.8,224.6,1310.8,2017-04-21,0.0,1.6208333333333333,0.0,Ride
955453241,Evening Ride,Ride,Ride,2017-04-18T18:30:19Z,0.0,3180,3180,0.0,,,0.0,84.6,244.6,777.8,2017-04-18,0.0,0.8833333333333333,0.0,Ride
955453058,Afternoon Ride,Ride,Ride,2017-04-16T14:17:06Z,16680.2,2060,2852,52.0,,,8.097,,139.5,287.3,2017-04-16,16.6802,0.5722222222222222,0.052,Ride
943902213,Afternoon Ride,Ride,Ride,2017-04-15T14:25:22Z,107729.0,9172,9618,217.0,,,11.745,,359.8,3300.4,2017-04-15,107.729,2.5477777777777777,0.217,Ride
942425067,Evening Ride,Ride,Ride,2017-04-14T18:21:21Z,27134.4,3305,3511,206.0,,,8.21,,169.5,560.1,2017-04-14,27.134400000000003,0.9180555555555555,0.206,Ride
942425023,Morning Ride,Ride,Ride,2017-04-13T06:08:17Z,0.0,2616,2616,0.0,,,0.0,80.7,172.2,450.5,2017-04-13,0.0,0.7266666666666667,0.0,Ride
942440178,Morning Ride,Ride,Ride,2017-04-11T09:35:38Z,0.0,2953,2953,0.0,,,0.0,86.1,232.0,685.2,2017-04-11,0.0,0.8202777777777778,0.0,Ride
935740408,Afternoon Ride,Ride,Ride,2017-04-09T13:08:40Z,88553.9,10562,14161,1260.0,,,8.384,,206.4,2180.2,2017-04-09,88.5539,2.9338888888888888,1.26,Ride
933834294,Lunch Ride,Ride,Ride,2017-04-08T12:04:58Z,121641.0,14423,16325,947.0,,,8.434,,176.0,2539.0,2017-04-08,121.641,4.006388888888889,0.947,Ride
933834215,Morning Ride,Ride,Ride,2017-04-04T07:27:32Z,0.0,1893,1893,0.0,,,0.0,81.9,184.7,349.6,2017-04-04,0.0,0.5258333333333334,0.0,Ride
925743533,Afternoon Ride,Ride,Ride,2017-04-02T13:40:43Z,97207.2,11595,13674,781.0,,,8.384,,173.3,2009.9,2017-04-02,97.2072,3.220833333333333,0.781,Ride
925743421,Morning Ride,Ride,Ride,2017-03-31T05:46:48Z,0.0,3763,3763,0.0,,,0.0,80.1,188.4,708.9,2017-03-31,0.0,1.0452777777777778,0.0,Ride
925743365,Afternoon Ride,Ride,Ride,2017-03-28T16:26:06Z,0.0,4502,4502,0.0,,,0.0,84.9,199.6,898.4,2017-03-28,0.0,1.2505555555555556,0.0,Ride
917408204,Afternoon Ride,Ride,Ride,2017-03-26T14:24:33Z,55663.7,8501,9589,479.0,,,6.548,,106.1,901.7,2017-03-26,55.6637,2.361388888888889,0.479,Ride
917408166,Afternoon Ride,Ride,Ride,2017-03-24T15:43:10Z,0.0,4195,4195,0.0,,,0.0,84.9,177.7,745.4,2017-03-24,0.0,1.1652777777777779,0.0,Ride
917408086,Afternoon Ride,Ride,Ride,2017-03-21T17:23:20Z,0.0,3462,3462,0.0,,,0.0,84.6,214.7,743.2,2017-03-21,0.0,0.9616666666666667,0.0,Ride
909418457,Afternoon Ride,Ride,Ride,2017-03-17T14:32:52Z,0.0,1598,1598,0.0,,,0.0,85.6,221.7,354.2,2017-03-17,0.0,0.4438888888888889,0.0,Ride
909418197,Afternoon Ride,Ride,Ride,2017-03-17T14:13:51Z,0.0,981,981,0.0,,,0.0,84.9,133.8,131.2,2017-03-17,0.0,0.2725,0.0,Ride
909418173,Afternoon Ride,Ride,Ride,2017-03-14T16:48:53Z,0.0,3941,3941,0.0,,,0.0,87.2,224.4,884.3,2017-03-14,0.0,1.0947222222222222,0.0,Ride
909417910,Evening Ride,Ride,Ride,2017-03-12T18:07:41Z,0.0,3602,3602,0.0,,,0.0,85.9,215.8,777.4,2017-03-12,0.0,1.0005555555555556,0.0,Ride
909417816,Evening Ride,Ride,Ride,2017-03-10T19:10:42Z,0.0,3605,3605,0.0,,,0.0,87.2,218.1,786.4,2017-03-10,0.0,1.0013888888888889,0.0,Ride
909417711,Evening Ride,Ride,Ride,2017-03-07T19:14:16Z,0.0,4694,4694,0.0,,,0.0,,,,2017-03-07,0.0,1.3038888888888889,0.0,Ride
909417704,Afternoon Ride,Ride,Ride,2017-03-01T16:59:13Z,0.0,2637,2637,0.0,,,0.0,88.8,227.3,599.4,2017-03-01,0.0,0.7325,0.0,Ride
909417665,Afternoon Ride,Ride,Ride,2017-02-26T15:29:17Z,0.0,8469,8469,0.0,,,0.0,82.7,165.3,1400.2,2017-02-26,0.0,2.3525,0.0,Ride
909417522,Morning Ride,Ride,Ride,2017-02-25T10:11:14Z,0.0,4502,4502,0.0,,,0.0,85.4,201.8,908.5,2017-02-25,0.0,1.2505555555555556,0.0,Ride
909417443,Morning Ride,Ride,Ride,2017-02-23T05:55:05Z,0.0,3883,3883,0.0,,,0.0,80.4,185.3,719.6,2017-02-23,0.0,1.0786111111111112,0.0,Ride
909417419,Morning Ride,Ride,Ride,2017-02-21T06:06:22Z,0.0,4653,4653,0.0,,,0.0,82.1,184.1,856.8,2017-02-21,0.0,1.2925,0.0,Ride
909417240,Lunch Ride,Ride,Ride,2017-02-19T11:58:48Z,0.0,5127,5127,0.0,,,0.0,82.7,164.6,843.9,2017-02-19,0.0,1.4241666666666666,0.0,Ride
909417103,Afternoon Ride,Ride,Ride,2017-02-17T15:11:40Z,0.0,4557,4557,0.0,,,0.0,84.0,197.3,899.3,2017-02-17,0.0,1.2658333333333334,0.0,Ride
909417014,Afternoon Ride,Ride,Ride,2017-02-17T14:40:53Z,0.0,1733,1733,0.0,,,0.0,84.6,174.1,301.8,2017-02-17,0.0,0.48138888888888887,0.0,Ride
909416989,Morning Ride,Ride,Ride,2017-02-14T07:29:29Z,0.0,4977,4977,0.0,,,0.0,84.1,175.4,873.1,2017-02-14,0.0,1.3825,0.0,Ride
909416895,Afternoon Ride,Ride,Ride,2017-02-10T13:13:45Z,0.0,5602,5602,0.0,,,0.0,83.6,178.5,999.7,2017-02-10,0.0,1.556111111111111,0.0,Ride
909416745,Afternoon Ride,Ride,Ride,2017-02-07T17:12:19Z,0.0,4312,4312,0.0,,,0.0,84.9,184.8,796.7,2017-02-07,0.0,1.1977777777777778,0.0,Ride
909416502,Morning Ride,Ride,Ride,2017-02-05T07:37:05Z,4415.6,1439,1581,75.0,,,3.069,,50.1,72.0,2017-02-05,4.4156,0.3997222222222222,0.075,Ride
854149374,Afternoon Ride,Ride,Ride,2017-02-03T16:51:32Z,0.0,3568,3568,0.0,,,0.0,85.0,189.5,676.0,2017-02-03,0.0,0.9911111111111112,0.0,Ride
854148909,Lunch Ride,Ride,Ride,2017-01-30T11:34:37Z,0.0,2293,2293,0.0,,,0.0,84.2,193.8,444.3,2017-01-30,0.0,0.6369444444444444,0.0,Ride
854148870,Afternoon Ride,BackcountrySki,BackcountrySki,2017-01-29T13:43:50Z,18071.9,5023,5182,300.6,,,3.598,,,,2017-01-29,18.071900000000003,1.3952777777777778,0.30060000000000003,BackcountrySki
854148814,Afternoon Ride,Ride,Ride,2017-01-27T15:37:29Z,0.0,2201,2201,0.0,,,0.0,87.0,212.1,466.9,2017-01-27,0.0,0.6113888888888889,0.0,Ride
854148693,Morning Ride,Ride,Ride,2017-01-23T10:41:35Z,0.0,4804,4804,0.0,,,0.0,82.6,191.2,918.4,2017-01-23,0.0,1.3344444444444445,0.0,Ride
839636267,Gros mammouth!!,Ride,Ride,2017-01-21T09:39:35Z,41277.7,9172,9212,741.0,,,4.5,,91.4,838.4,2017-01-21,41.277699999999996,2.5477777777777777,0.741,Ride
839637763,Morning Ride,Ride,Ride,2017-01-18T07:35:06Z,0.0,4240,4240,0.0,,,0.0,79.4,170.3,721.9,2017-01-18,0.0,1.1777777777777778,0.0,Ride
833865935,3x6x 1 min PAM,Ride,Ride,2017-01-16T08:23:11Z,0.0,3897,3897,0.0,,,0.0,85.4,198.3,772.7,2017-01-16,0.0,1.0825,0.0,Ride
833865831,Afternoon Ride,Ride,Ride,2017-01-13T15:11:32Z,0.0,4222,4222,0.0,,,0.0,86.9,171.2,722.7,2017-01-13,0.0,1.1727777777777777,0.0,Ride
830089449,Afternoon Ride,Ride,Ride,2017-01-12T17:46:16Z,0.0,4259,4259,0.0,,,0.0,85.9,163.8,697.8,2017-01-12,0.0,1.1830555555555555,0.0,Ride
828917152,Test PAM,Ride,Ride,2017-01-11T15:22:42Z,0.0,2953,2953,0.0,,,0.0,88.4,168.4,497.3,2017-01-11,0.0,0.8202777777777778,0.0,Ride
828917926,Lunch Ride,Ride,Ride,2016-12-28T12:13:26Z,0.0,2392,2392,0.0,,,0.0,89.8,152.4,364.6,2016-12-28,0.0,0.6644444444444444,0.0,Ride
828917862,Afternoon Ride,Ride,Ride,2016-12-27T13:23:16Z,0.0,2157,2157,0.0,,,0.0,91.0,193.3,417.0,2016-12-27,0.0,0.5991666666666666,0.0,Ride
828917765,Afternoon Ride,Ride,Ride,2016-12-26T15:14:08Z,0.0,3094,3094,0.0,,,0.0,78.2,224.2,693.5,2016-12-26,0.0,0.8594444444444445,0.0,Ride
828917682,Afternoon Ride,Ride,Ride,2016-12-25T13:57:47Z,0.0,2709,2709,0.0,,,0.0,,,,2016-12-25,0.0,0.7525,0.0,Ride
810639845,Afternoon Ride,Ride,Ride,2016-12-24T16:15:06Z,0.0,2785,2785,0.0,,,0.0,90.1,200.9,559.6,2016-12-24,0.0,0.7736111111111111,0.0,Ride
634192158,Sortie à vélo matinale,Ride,Ride,2016-07-08T09:53:51Z,27743.0,3661,3897,345.0,,,7.578,,168.2,615.9,2016-07-08,27.743,1.0169444444444444,0.345,Ride
634192137,Sortie à vélo matinale,Ride,Ride,2016-07-06T08:34:22Z,11798.7,1497,33354,84.0,,,7.882,,149.5,223.8,2016-07-06,11.7987,0.41583333333333333,0.084,Ride
634192202,Sortie à vélo matinale,Ride,Ride,2016-07-05T08:30:48Z,63110.2,7473,41166,527.0,,,8.445,,179.4,1340.4,2016-07-05,63.1102,2.075833333333333,0.527,Ride
634192205,Sortie à vélo le midi,Ride,Ride,2016-07-04T11:48:11Z,11531.8,4952,7429,476.0,,,2.329,,68.3,338.3,2016-07-04,11.531799999999999,1.3755555555555556,0.476,Ride
629101839,Sortie à vélo matinale,Ride,Ride,2016-07-03T09:51:37Z,100859.0,12545,16263,1151.0,,,8.04,,175.8,2205.0,2016-07-03,100.859,3.484722222222222,1.151,Ride
629101848,Sortie à vélo matinale,Ride,Ride,2016-07-01T07:24:48Z,85133.1,11782,15532,1387.0,,,7.226,,166.2,1958.3,2016-07-01,85.1331,3.272777777777778,1.387,Ride
629101817,Sortie à vélo matinale,Ride,Ride,2016-06-30T05:55:44Z,55149.6,7267,44955,699.0,,,7.589,,157.5,1144.7,2016-06-30,55.1496,2.018611111111111,0.699,Ride
629101792,Sortie à vélo matinale,Ride,Ride,2016-06-28T08:31:49Z,12992.6,1802,33537,84.0,,,7.21,,125.7,226.5,2016-06-28,12.9926,0.5005555555555555,0.084,Ride
622932204,Une chance que je suis un bon nageur!!,Ride,Ride,2016-06-27T08:47:24Z,152790.0,18511,20647,1596.3,,,8.254,,189.1,3500.8,2016-06-27,152.79,5.141944444444444,1.5963,Ride
622149379,Sortie à vélo le midi,Ride,Ride,2016-06-26T11:02:24Z,80858.0,10043,13532,954.0,,,8.051,,182.3,1830.7,2016-06-26,80.858,2.789722222222222,0.954,Ride
619681345,Lunch Ride,Ride,Ride,2016-06-24T12:47:28Z,105787.0,13583,14850,1334.0,,,7.788,,171.0,2322.2,2016-06-24,105.787,3.7730555555555556,1.334,Ride
619681275,Morning Ride,Ride,Ride,2016-06-23T08:37:42Z,50277.4,5956,38907,455.0,,,8.441,,184.8,1100.5,2016-06-23,50.2774,1.6544444444444444,0.455,Ride
617812670,Morning Ride,Ride,Ride,2016-06-22T08:27:06Z,71962.7,8749,41696,975.0,,,8.225,,190.5,1666.6,2016-06-22,71.9627,2.430277777777778,0.975,Ride
617812617,Morning Ride,Ride,Ride,2016-06-21T08:33:20Z,12896.7,1700,86019,121.0,,,7.586,,129.0,219.3,2016-06-21,12.896700000000001,0.4722222222222222,0.121,Ride
617812696,Morning Ride,Ride,Ride,2016-06-20T09:15:07Z,141296.0,19704,20626,1842.0,,,7.171,,141.1,2780.3,2016-06-20,141.296,5.473333333333334,1.842,Ride
617812601,Afternoon Ride,Ride,Ride,2016-06-15T17:42:24Z,54345.7,7658,9219,416.0,,,7.097,,133.4,1021.4,2016-06-15,54.345699999999994,2.127222222222222,0.416,Ride
617812552,Morning Ride,Ride,Ride,2016-06-15T08:18:32Z,7118.5,968,968,69.0,,,7.354,,153.2,148.3,2016-06-15,7.1185,0.2688888888888889,0.069,Ride
609651988,Evening Ride,Ride,Ride,2016-06-14T18:07:58Z,47245.5,6419,6756,598.0,,,7.36,,161.9,1039.0,2016-06-14,47.2455,1.7830555555555556,0.598,Ride
609651953,Afternoon Ride,Ride,Ride,2016-06-13T13:48:15Z,28556.4,5283,5731,349.0,,,5.405,,90.8,479.8,2016-06-13,28.5564,1.4675,0.349,Ride
609651908,Evening Ride,Ride,Ride,2016-06-11T20:19:09Z,1787.0,261,261,41.0,,,6.847,,239.4,62.5,2016-06-11,1.787,0.0725,0.041,Ride
609651904,Morning Ride,Ride,Ride,2016-06-10T08:35:29Z,12042.0,1501,47143,64.0,,,8.023,,149.4,224.3,2016-06-10,12.042,0.41694444444444445,0.064,Ride
609651963,Morning Ride,Ride,Ride,2016-06-09T07:18:09Z,96259.3,11942,13244,1111.0,,,8.061,,172.0,2054.1,2016-06-09,96.2593,3.317222222222222,1.111,Ride
609651877,Morning Ride,Ride,Ride,2016-06-08T08:36:02Z,12472.1,1609,33872,78.0,,,7.751,,140.0,225.3,2016-06-08,12.472100000000001,0.4469444444444444,0.078,Ride
602178943,Evening Ride,Ride,Ride,2016-06-07T18:30:51Z,40167.5,5088,5347,281.0,,,7.895,,150.3,764.5,2016-06-07,40.1675,1.4133333333333333,0.281,Ride
599745311,Morning Ride,Ride,Ride,2016-06-05T09:25:23Z,123760.0,15543,18387,1568.0,,,7.962,,186.3,2895.1,2016-06-05,123.76,4.3175,1.568,Ride
598680256,Afternoon Ride,Ride,Ride,2016-06-04T17:24:41Z,38304.9,4989,6866,505.0,,,7.678,,169.8,847.2,2016-06-04,38.3049,1.3858333333333333,0.505,Ride
598686664,Sortie à vélo l'après-midi,Ride,Ride,2016-06-01T17:41:13Z,37050.2,4850,5903,608.0,,,7.639,72.8,164.0,795.3,2016-06-01,37.0502,1.3472222222222223,0.608,Ride
598686675,Sortie à vélo matinale,Ride,Ride,2016-05-31T09:25:18Z,48191.1,5288,5333,421.0,,,9.113,83.8,205.9,1088.8,2016-05-31,48.1911,1.468888888888889,0.421,Ride
598686653,Sortie à vélo l'après-midi,Ride,Ride,2016-05-30T15:03:17Z,6935.8,1746,2052,140.0,,,3.972,,85.8,149.8,2016-05-30,6.9358,0.485,0.14,Ride
598686673,Sortie à vélo l'après-midi,Ride,Ride,2016-05-28T13:08:31Z,38603.8,4174,4904,572.0,,,9.249,,246.4,1028.4,2016-05-28,38.6038,1.1594444444444445,0.572,Ride
598711467,Morning Ride,Ride,Ride,2016-05-26T10:22:28Z,28615.5,3854,5898,440.0,,,7.425,,166.2,640.7,2016-05-26,28.6155,1.0705555555555555,0.44,Ride
598711477,Morning Ride,Ride,Ride,2016-05-25T07:21:36Z,61926.2,7740,45930,567.0,,,8.001,,168.6,1304.6,2016-05-25,61.926199999999994,2.15,0.567,Ride
587030071,Afternoon Ride,Ride,Ride,2016-05-24T17:47:41Z,41943.6,5488,6260,676.0,,,7.643,,186.6,1023.8,2016-05-24,41.943599999999996,1.5244444444444445,0.676,Ride
587030082,Morning Ride,Ride,Ride,2016-05-23T10:17:24Z,88165.1,10748,12522,668.0,,,8.203,,165.7,1780.6,2016-05-23,88.16510000000001,2.9855555555555555,0.668,Ride
581707982,Morning Ride,Ride,Ride,2016-05-19T07:46:54Z,52270.2,6704,8377,687.0,,,7.797,,176.7,1184.6,2016-05-19,52.270199999999996,1.8622222222222222,0.687,Ride
580662895,Afternoon Ride,Ride,Ride,2016-05-18T17:38:53Z,62416.3,7820,9195,507.0,,,7.982,,161.5,1263.0,2016-05-18,62.4163,2.172222222222222,0.507,Ride
580662823,Morning Ride,Ride,Ride,2016-05-18T08:01:55Z,6042.2,870,956,39.0,,,6.945,,115.1,100.1,2016-05-18,6.0422,0.24166666666666667,0.039,Ride
580662826,Evening Ride,Ride,Ride,2016-05-17T18:05:58Z,37349.2,5091,5618,655.0,,,7.336,,174.0,886.0,2016-05-17,37.349199999999996,1.4141666666666666,0.655,Ride
580662779,Morning Ride,Ride,Ride,2016-05-17T07:31:29Z,5708.6,852,947,44.0,,,6.7,,116.5,99.3,2016-05-17,5.708600000000001,0.23666666666666666,0.044,Ride
580662780,Afternoon Ride,Ride,Ride,2016-05-10T17:48:08Z,42714.3,5544,6951,573.0,,,7.705,,175.4,972.4,2016-05-10,42.7143,1.54,0.573,Ride
580662731,Morning Ride,Ride,Ride,2016-05-10T07:44:07Z,6463.9,959,993,40.0,,,6.74,,115.6,110.8,2016-05-10,6.4639,0.2663888888888889,0.04,Ride
570991566,Afternoon Ride,Ride,Ride,2016-05-09T17:38:18Z,5714.6,622,622,42.0,,,9.187,,210.6,131.0,2016-05-09,5.714600000000001,0.17277777777777778,0.042,Ride
570058131,"""Sun""day Ride",Ride,Ride,2016-05-08T11:16:07Z,71985.1,8971,10155,567.8,,,8.024,,175.1,1570.9,2016-05-08,71.9851,2.4919444444444445,0.5678,Ride
570057976,Afternoon Ride,Ride,Ride,2016-05-07T17:18:15Z,56677.6,7136,7332,496.0,,,7.942,,162.1,1156.4,2016-05-07,56.6776,1.9822222222222223,0.496,Ride
570057821,Evening Ride,Ride,Ride,2016-05-06T18:13:14Z,6004.0,859,900,28.0,,,6.99,,106.7,91.7,2016-05-06,6.004,0.2386111111111111,0.028,Ride
570112829,Morning Ride,Ride,Ride,2016-05-05T07:35:10Z,90914.6,11633,14952,714.0,,,7.815,,154.3,1795.0,2016-05-05,90.91460000000001,3.231388888888889,0.714,Ride
565680236,Evening Ride,Ride,Ride,2016-05-04T18:06:46Z,39176.3,5138,5437,259.0,,,7.625,,139.2,715.2,2016-05-04,39.176300000000005,1.4272222222222222,0.259,Ride
565680201,Afternoon Ride,Ride,Ride,2016-05-03T17:38:23Z,36158.7,4730,5567,468.0,,,7.645,,162.4,768.1,2016-05-03,36.158699999999996,1.3138888888888889,0.468,Ride
562491427,Afternoon Ride,Ride,Ride,2016-05-01T14:53:48Z,30581.1,4329,5219,377.0,,,7.064,,146.1,632.4,2016-05-01,30.5811,1.2025,0.377,Ride
562491438,Morning Ride,Ride,Ride,2016-05-01T09:01:14Z,80739.4,10375,13030,720.0,,,7.782,,157.4,1633.1,2016-05-01,80.73939999999999,2.8819444444444446,0.72,Ride
562551515,Morning Ride,Ride,Ride,2016-04-29T08:28:32Z,10750.9,1328,36488,79.0,,,8.096,,152.2,202.1,2016-04-29,10.7509,0.3688888888888889,0.079,Ride
562497565,Sortie à vélo matinale,Ride,Ride,2016-04-28T08:05:56Z,99823.2,14774,48304,941.0,,,6.757,,128.2,1894.5,2016-04-28,99.8232,4.103888888888889,0.941,Ride
557846218,Evening Ride,Ride,Ride,2016-04-26T18:03:45Z,35311.8,4652,4690,641.0,,,7.591,,181.0,842.2,2016-04-26,35.311800000000005,1.2922222222222222,0.641,Ride
556934167,Afternoon Ride,Ride,Ride,2016-04-24T13:22:53Z,104948.0,14218,14834,1134.0,,,7.381,,145.1,2063.1,2016-04-24,104.948,3.9494444444444445,1.134,Ride
556934687,Morning Ride,Ride,Ride,2016-03-20T08:16:17Z,87014.5,15722,15847,1539.0,,,5.535,,108.8,1710.4,2016-03-20,87.0145,4.367222222222222,1.539,Ride
556934690,Morning Ride,Ride,Ride,2016-03-18T07:20:09Z,94944.9,20945,21851,2421.0,,,4.533,,101.5,2125.7,2016-03-18,94.94489999999999,5.8180555555555555,2.421,Ride
556934648,Morning Ride,Ride,Ride,2016-03-17T07:34:43Z,56459.9,12554,12772,1489.0,,,4.497,,103.0,1293.6,2016-03-17,56.459900000000005,3.487222222222222,1.489,Ride
556934689,Morning Ride,Ride,Ride,2016-03-16T07:21:37Z,104423.0,23663,24662,1972.0,,,4.413,,83.1,1966.6,2016-03-16,104.423,6.573055555555555,1.972,Ride
556934677,Morning Ride,Ride,Ride,2016-03-15T07:23:53Z,96136.5,23091,23678,2242.0,,,4.163,,84.0,1939.7,2016-03-15,96.1365,6.414166666666667,2.242,Ride
556934526,Morning Ride,Ride,Ride,2016-03-13T10:42:22Z,25422.4,5476,5476,867.0,,,4.643,,129.2,707.4,2016-03-13,25.422400000000003,1.521111111111111,0.867,Ride
556934516,Afternoon Ride,Ride,Ride,2016-03-12T14:18:55Z,20492.6,4073,5315,419.0,,,5.031,,102.1,415.7,2016-03-12,20.4926,1.131388888888889,0.419,Ride
556934484,Morning Ride,Ride,Ride,2016-03-11T10:10:12Z,22285.0,5559,6091,718.0,,,4.009,,104.3,579.7,2016-03-11,22.285,1.5441666666666667,0.718,Ride
556934456,Afternoon Ride,Ride,Ride,2016-03-10T17:01:02Z,21777.3,3846,4270,424.0,,,5.662,,131.1,504.2,2016-03-10,21.7773,1.0683333333333334,0.424,Ride
556934507,Lunch Ride,Ride,Ride,2016-03-09T11:42:15Z,52414.6,12362,19942,953.0,,,4.24,,81.0,1001.0,2016-03-09,52.4146,3.4338888888888888,0.953,Ride
556934435,Afternoon Ride,Ride,Ride,2016-02-26T16:17:28Z,0.0,5078,5078,0.0,,,0.0,96.3,101.5,515.7,2016-02-26,0.0,1.4105555555555556,0.0,Ride
556934433,Evening Ride,Ride,Ride,2016-02-22T18:06:34Z,0.0,3758,3758,0.0,,,0.0,85.9,161.2,605.8,2016-02-22,0.0,1.0438888888888889,0.0,Ride
499004301,FTP,Ride,Ride,2016-02-21T11:26:00Z,0.0,0,4093,8.0,,,0.0,0.0,0.0,0.0,2016-02-21,0.0,0.0,0.008,Ride
499004253,Afternoon Ride,Ride,Ride,2016-02-20T14:19:16Z,0.0,3336,3336,0.0,,,0.0,92.2,212.4,708.5,2016-02-20,0.0,0.9266666666666666,0.0,Ride
499018120,Afternoon Ride,Ride,Ride,2016-02-18T14:26:10Z,0.0,3610,3610,0.0,,,0.0,88.9,182.2,657.7,2016-02-18,0.0,1.0027777777777778,0.0,Ride
495766293,Lunch Ride,Ride,Ride,2016-02-17T11:43:20Z,50401.7,6666,6973,271.0,,,7.561,,212.7,1418.0,2016-02-17,50.4017,1.8516666666666666,0.271,Ride
495766172,Afternoon Ride,Ride,Ride,2016-02-16T16:31:12Z,0.0,3637,3637,0.0,,,0.0,84.5,223.8,814.1,2016-02-16,0.0,1.0102777777777778,0.0,Ride
495766167,Powder!!,Ride,Ride,2016-02-16T08:44:08Z,8864.4,4397,5208,438.0,,,2.016,,57.2,251.6,2016-02-16,8.8644,1.2213888888888889,0.438,Ride
495766095,Afternoon Ride,Ride,Ride,2016-02-15T17:00:33Z,5424.5,1025,1231,49.0,,,5.292,,83.3,85.4,2016-02-15,5.4245,0.2847222222222222,0.049,Ride
495766083,Afternoon Ride,Ride,Ride,2016-02-15T15:11:22Z,0.0,5721,5721,0.0,,,0.0,87.2,132.9,760.0,2016-02-15,0.0,1.5891666666666666,0.0,Ride
495766021,Afternoon Ride,Ride,Ride,2016-02-14T13:54:09Z,0.0,3605,3605,0.0,,,0.0,89.1,134.1,483.5,2016-02-14,0.0,1.0013888888888889,0.0,Ride
489065642,Morning Ride,Ride,Ride,2016-02-08T09:20:55Z,51178.5,6153,6384,656.0,,,8.318,,247.7,1523.9,2016-02-08,51.1785,1.7091666666666667,0.656,Ride
489065625,Afternoon Ride,Ride,Ride,2016-02-07T15:36:48Z,54780.6,6509,6777,498.0,,,8.416,,166.2,1081.6,2016-02-07,54.7806,1.8080555555555555,0.498,Ride
486881452,stairway to heaven,Ride,Ride,2016-02-05T07:58:52Z,71351.7,22914,26657,4205.1,,,3.114,,183.2,4198.5,2016-02-05,71.3517,6.365,4.205100000000001,Ride
486162122,Morning Ride,Ride,Ride,2016-02-04T10:32:15Z,39293.0,5077,6964,536.0,,,7.739,,171.7,871.9,2016-02-04,39.293,1.4102777777777777,0.536,Ride
484692482,Lunch Ride,Ride,Ride,2016-02-02T12:24:38Z,98089.1,11735,12580,1012.5,,,8.359,19.0,249.5,2927.8,2016-02-02,98.0891,3.2597222222222224,1.0125,Ride
484692442,Afternoon Ride,Ride,Ride,2016-02-01T13:15:36Z,91477.0,11874,11935,1602.4,,,7.704,,255.1,3028.7,2016-02-01,91.477,3.2983333333333333,1.6024,Ride
480808760,Morning Ride,Ride,Ride,2016-01-28T10:49:26Z,63862.0,7537,7875,795.9,,,8.473,,281.3,2120.4,2016-01-28,63.862,2.093611111111111,0.7958999999999999,Ride
480808710,Lunch Ride,Ride,Ride,2016-01-27T12:40:09Z,60499.0,6931,7079,707.0,,,8.729,,190.3,1319.1,2016-01-27,60.499,1.9252777777777779,0.707,Ride
478669318,Garmin qui à manquer de batterie,Ride,Ride,2016-01-26T17:30:00Z,10000.0,1200,1200,0.0,,,8.333,,,,2016-01-26,10.0,0.3333333333333333,0.0,Ride
479391519,Lunch Ride,Ride,Ride,2016-01-26T11:55:11Z,117159.0,14013,14862,1286.5,,,8.361,,264.7,3709.9,2016-01-26,117.159,3.8925,1.2865,Ride
478664522,Lunch Ride,Ride,Ride,2016-01-25T12:39:31Z,123125.0,16286,16475,1779.4,,,7.56,,238.3,3880.4,2016-01-25,123.125,4.523888888888889,1.7794,Ride
478664509,Lunch Ride,Ride,Ride,2016-01-24T12:47:10Z,123266.0,14485,14813,1374.0,,,8.51,,179.5,2599.7,2016-01-24,123.266,4.023611111111111,1.374,Ride
474249241,Lunch Ride,Ride,Ride,2016-01-19T12:34:01Z,70598.0,8979,8979,1256.3,,,7.863,,205.8,1847.8,2016-01-19,70.598,2.4941666666666666,1.2563,Ride
474249233,Afternoon Ride,Ride,Ride,2016-01-18T14:05:17Z,50717.2,6398,6610,887.8,,,7.927,,207.2,1325.9,2016-01-18,50.7172,1.7772222222222223,0.8877999999999999,Ride
472713912,Morning Ride,Ride,Ride,2016-01-17T07:37:38Z,100855.0,11940,12109,829.9,,,8.447,,248.7,2969.3,2016-01-17,100.855,3.316666666666667,0.8299,Ride
471221381,Kaloko climb,Ride,Ride,2016-01-15T13:27:09Z,93883.2,13367,15600,2067.0,,,7.024,,252.6,3376.9,2016-01-15,93.8832,3.7130555555555556,2.067,Ride
470629124,spinning,Ride,Ride,2016-01-14T15:49:23Z,62533.7,7266,7266,637.0,,,8.606,,265.5,1929.0,2016-01-14,62.533699999999996,2.0183333333333335,0.637,Ride
469243405,un peu de soleil,Ride,Ride,2016-01-12T15:25:42Z,62347.2,8106,8106,1113.3,,,7.691,,253.8,2056.9,2016-01-12,62.347199999999994,2.2516666666666665,1.1133,Ride
468502885,5 sac de noix plus tard,Ride,Ride,2016-01-11T15:59:15Z,30491.9,3349,3349,331.9,,,9.105,,310.4,1039.6,2016-01-11,30.4919,0.9302777777777778,0.3319,Ride
467749368,aloha honaunau,Ride,Ride,2016-01-10T10:49:10Z,25548.5,3253,3976,501.6,,,7.854,,290.4,944.7,2016-01-10,25.5485,0.9036111111111111,0.5016,Ride
466002892,Afternoon Ride,Ride,Ride,2016-01-08T14:40:11Z,0.0,3674,3674,0.0,,,0.0,90.0,225.7,829.3,2016-01-08,0.0,1.0205555555555557,0.0,Ride
466003051,Afternoon Ride,Ride,Ride,2016-01-04T16:59:20Z,0.0,1808,1808,0.0,,,0.0,89.7,177.4,320.7,2016-01-04,0.0,0.5022222222222222,0.0,Ride
466003047,Afternoon Ride,Ride,Ride,2016-01-03T16:50:23Z,0.0,3302,3302,0.0,,,0.0,91.6,238.3,786.9,2016-01-03,0.0,0.9172222222222223,0.0,Ride
466003019,Afternoon Ride,Ride,Ride,2016-01-02T16:34:55Z,0.0,3849,3849,0.0,,,0.0,87.2,166.8,641.9,2016-01-02,0.0,1.0691666666666666,0.0,Ride
466002974,Afternoon Ride,Ride,Ride,2015-12-31T14:48:31Z,0.0,1807,1807,0.0,,,0.0,94.0,207.0,374.0,2015-12-31,0.0,0.5019444444444444,0.0,Ride
456961660,Morning Ride,Ride,Ride,2015-12-26T10:46:33Z,36503.2,8912,11258,458.0,151.7,183.0,4.096,,62.2,554.4,2015-12-26,36.5032,2.4755555555555557,0.458,Ride
454700495,Afternoon Ride,Ride,Ride,2015-12-22T15:29:44Z,296.4,7027,7027,0.0,,,0.042,88.9,129.6,910.3,2015-12-22,0.2964,1.9519444444444445,0.0,Ride
454700469,Afternoon Ride,Ride,Ride,2015-12-21T15:36:00Z,0.0,3613,3613,0.0,,,0.0,89.6,227.1,820.4,2015-12-21,0.0,1.003611111111111,0.0,Ride
454700462,Afternoon Ride,Ride,Ride,2015-12-20T15:58:48Z,0.0,5004,5004,0.0,,,0.0,85.1,170.1,851.3,2015-12-20,0.0,1.39,0.0,Ride
451398946,Afternoon Ride,Ride,Ride,2015-12-16T16:51:22Z,983.5,4117,4117,0.0,,,0.239,91.0,210.8,867.8,2015-12-16,0.9835,1.1436111111111111,0.0,Ride
451398929,Evening Ride,Ride,Ride,2015-12-15T18:09:06Z,474.0,1712,1712,0.0,,,0.277,90.7,136.4,233.5,2015-12-15,0.474,0.47555555555555556,0.0,Ride
451398912,Afternoon Ride,Ride,Ride,2015-12-15T17:35:04Z,9.7,21,21,54.0,,,0.462,81.8,25.5,0.5,2015-12-15,0.009699999999999999,0.005833333333333334,0.054,Ride
450301280,Afternoon Ride,Ride,Ride,2015-12-14T16:04:24Z,1184.8,6565,6565,0.0,,,0.18,86.6,172.6,1133.4,2015-12-14,1.1847999999999999,1.823611111111111,0.0,Ride
450301264,Afternoon Ride,Ride,Ride,2015-12-13T16:14:10Z,2732.7,3662,3662,0.0,126.1,145.0,0.746,89.6,200.6,734.5,2015-12-13,2.7327,1.0172222222222222,0.0,Ride
447998428,Afternoon Ride,VirtualRide,VirtualRide,2015-12-10T16:43:06Z,524.3,838,3504,0.0,,,0.626,86.4,194.0,162.6,2015-12-10,0.5243,0.23277777777777778,0.0,VirtualRide
447998419,Afternoon Ride,Ride,Ride,2015-12-09T14:42:22Z,1647.4,1678,1885,4.0,,,0.982,81.0,162.7,273.0,2015-12-09,1.6474000000000002,0.4661111111111111,0.004,Ride
446875636,Afternoon Ride,Ride,Ride,2015-12-08T15:44:18Z,7083.6,5692,5692,0.0,,,1.244,83.4,212.9,1211.8,2015-12-08,7.083600000000001,1.5811111111111111,0.0,Ride
446875685,Lunch Ride,Ride,Ride,2015-12-06T12:53:08Z,20.5,95099,95099,0.0,,,0.0,74.8,207.6,19739.2,2015-12-06,0.0205,26.41638888888889,0.0,Ride
425397167,Evening Run,Run,Run,2015-11-02T18:00:09Z,6236.1,1643,1716,109.3,,,3.796,,,,2015-11-02,6.2361,0.4563888888888889,0.1093,Run
420187354,Petite victoire au parc du Bic,Run,Run,2015-10-25T10:11:03Z,9488.1,2657,2673,193.5,,,3.55,,,,2015-10-25,9.488100000000001,0.7380555555555556,0.1935,Run
420187339,Morning Run,Run,Run,2015-10-25T09:38:05Z,1156.2,417,428,10.3,,,2.773,,,,2015-10-25,1.1562000000000001,0.11583333333333333,0.0103,Run
420187278,Afternoon Run,Run,Run,2015-10-24T17:49:12Z,3338.6,1147,1413,50.5,,,2.911,,,,2015-10-24,3.3386,0.3186111111111111,0.0505,Run
420187922,Evening Run,Run,Run,2015-10-22T18:31:09Z,2839.4,793,1920,21.0,,,3.581,,,,2015-10-22,2.8394,0.22027777777777777,0.021,Run
416344228,Comment on fait pour courir vite??,Run,Run,2015-10-19T15:32:28Z,7385.5,1850,2077,56.8,,,3.992,,,,2015-10-19,7.3855,0.5138888888888888,0.056799999999999996,Run
412494550,Afternoon Run,Run,Run,2015-10-13T17:49:31Z,3999.7,921,924,0.0,,,4.343,,,,2015-10-13,3.9997,0.25583333333333336,0.0,Run
412494532,Afternoon Run,Run,Run,2015-10-07T14:33:19Z,9182.6,2426,13722,42.9,,,3.785,,,,2015-10-07,9.1826,0.6738888888888889,0.0429,Run
407105100,La bataille des plaines,Run,Run,2015-10-05T16:06:39Z,14234.2,4626,4727,374.9,,,3.077,,,,2015-10-05,14.234200000000001,1.285,0.37489999999999996,Run
406468233,prétexte pour aller chez ti oui,Ride,Ride,2015-10-04T11:04:24Z,26853.8,7097,10606,683.0,,,3.784,,119.2,846.1,2015-10-04,26.8538,1.9713888888888889,0.683,Ride
407105084,Afternoon Run,Run,Run,2015-10-01T15:45:41Z,6729.9,2039,2097,0.0,,,3.301,,,,2015-10-01,6.7299,0.5663888888888889,0.0,Run
401641350,Lunch Run,Run,Run,2015-09-27T12:32:02Z,7045.3,1949,2123,23.1,,,3.615,,,,2015-09-27,7.0453,0.5413888888888889,0.023100000000000002,Run
399121468,Morning sunshine,Run,Run,2015-09-24T07:03:28Z,10102.8,2840,2935,118.3,,,3.557,,,,2015-09-24,10.102799999999998,0.7888888888888889,0.1183,Run
398857529,On part à chasse,Ride,Ride,2015-09-23T16:12:23Z,15938.8,3770,11077,371.0,,,4.228,,137.2,517.2,2015-09-23,15.938799999999999,1.0472222222222223,0.371,Ride
398080266,un venge tout usage,Ride,Ride,2015-09-22T14:38:45Z,73390.2,9118,9394,900.1,,,8.049,,185.3,1689.6,2015-09-22,73.3902,2.5327777777777776,0.9001,Ride
397353056,à la recherche d'un pace,Run,Run,2015-09-21T16:43:08Z,7372.3,1942,2066,57.2,,,3.796,,,,2015-09-21,7.3723,0.5394444444444444,0.0572,Run
396728324,oups j'ai raté la messe,Run,Run,2015-09-20T17:12:42Z,6147.0,1678,1685,105.1,,,3.663,,,,2015-09-20,6.147,0.4661111111111111,0.1051,Run
395852794,mont bélair,Ride,Ride,2015-09-19T17:26:26Z,51628.7,7054,8436,631.0,133.5,182.0,7.319,,152.7,1076.9,2015-09-19,51.628699999999995,1.9594444444444445,0.631,Ride
394024128,tourne tourne tourne,Run,Run,2015-09-17T06:40:46Z,7279.4,2114,2243,46.7,,,3.443,,,,2015-09-17,7.2794,0.5872222222222222,0.046700000000000005,Run
393723675,l'été est pas fini!!,Ride,Ride,2015-09-16T14:59:01Z,59857.1,7111,7318,399.0,,,8.418,,176.7,1256.8,2015-09-16,59.857099999999996,1.9752777777777777,0.399,Ride
393045726,un poisson hors de  l'eau,Run,Run,2015-09-15T15:16:04Z,10186.2,2708,5584,26.4,,,3.762,,,,2015-09-15,10.186200000000001,0.7522222222222222,0.0264,Run
388802239,on se prépare pour le pro tour!,Ride,Ride,2015-09-09T16:20:57Z,30805.2,4342,5335,411.0,141.0,185.0,7.095,,149.0,646.9,2015-09-09,30.8052,1.2061111111111111,0.411,Ride
393049349,Morning Run,Run,Run,2015-09-09T07:51:56Z,5064.7,1499,544436,44.0,,,3.379,,,,2015-09-09,5.0647,0.41638888888888886,0.044,Run
388006985,Pas le temps de cueillir des pommes!!,Ride,Ride,2015-09-08T14:18:04Z,59766.3,6996,7187,550.1,,,8.543,,198.4,1388.0,2015-09-08,59.7663,1.9433333333333334,0.5501,Ride
383553951,Lets go dans le vent!,Ride,Ride,2015-09-02T12:40:18Z,110569.0,13359,14056,816.8,,,8.277,,172.5,2304.4,2015-09-02,110.569,3.7108333333333334,0.8168,Ride
382850141,Afternoon Ride,Ride,Ride,2015-09-01T14:34:32Z,26091.2,6570,6870,625.0,,,3.971,,98.4,646.8,2015-09-01,26.0912,1.825,0.625,Ride
381340816,Morning Ride,Ride,Ride,2015-08-30T10:53:19Z,70989.4,10042,12656,1478.6,141.1,176.0,7.069,,200.2,2010.1,2015-08-30,70.98939999999999,2.7894444444444444,1.4786,Ride
378202121,Afternoon Ride,Ride,Ride,2015-08-26T16:37:09Z,41836.6,5662,6936,466.0,,,7.389,,159.7,904.5,2015-08-26,41.8366,1.5727777777777778,0.466,Ride
377346814,Deux gaspésiens sous la pluie,Ride,Ride,2015-08-25T12:50:11Z,64566.6,8231,8758,402.0,,,7.844,,152.6,1255.7,2015-08-25,64.5666,2.286388888888889,0.402,Ride
376773491,Raid Charlevoix,Ride,Ride,2015-08-23T08:53:15Z,74348.0,15836,16580,1692.8,,,4.695,,122.5,1939.3,2015-08-23,74.348,4.398888888888889,1.6927999999999999,Ride
373272559,Morning Ride,Ride,Ride,2015-08-12T09:18:19Z,65835.1,10475,13430,444.0,,,6.285,,96.4,1010.1,2015-08-12,65.83510000000001,2.9097222222222223,0.444,Ride
373272530,Morning Ride,Ride,Ride,2015-08-11T10:12:29Z,62856.8,11618,27821,772.0,,,5.41,,89.2,1036.3,2015-08-11,62.8568,3.227222222222222,0.772,Ride
373272498,Morning Ride,Ride,Ride,2015-08-10T09:11:38Z,69608.0,12956,18837,1060.0,,,5.373,,95.7,1239.5,2015-08-10,69.608,3.598888888888889,1.06,Ride
373272431,Morning Ride,Ride,Ride,2015-08-08T08:53:24Z,15807.7,3147,3956,147.0,,,5.023,,73.9,232.5,2015-08-08,15.8077,0.8741666666666666,0.147,Ride
373272568,Morning Ride,Ride,Ride,2015-08-07T09:26:29Z,99012.3,23309,32007,891.0,,,4.248,,64.1,1494.3,2015-08-07,99.0123,6.474722222222222,0.891,Ride
373272404,Morning Ride,Ride,Ride,2015-08-06T10:53:22Z,60614.9,14051,18539,590.0,,,4.314,,71.8,1008.5,2015-08-06,60.6149,3.9030555555555555,0.59,Ride
354867461,"07/26/2015 Saint-Raymond, Québec, Canada",Ride,Ride,2015-07-26T12:49:15Z,41699.3,10064,10626,1070.0,,,4.143,,101.1,1017.7,2015-07-26,41.6993,2.7955555555555556,1.07,Ride
354867406,"07/22/2015 Québec, Québec, Canada",Ride,Ride,2015-07-22T06:34:35Z,9232.3,2446,2811,214.0,,,3.774,,79.0,193.3,2015-07-22,9.232299999999999,0.6794444444444444,0.214,Ride
349814996,Vallée Bras du Nord,Ride,Ride,2015-07-19T13:05:55Z,38241.9,9234,12014,609.0,,,4.141,,81.8,755.6,2015-07-19,38.2419,2.565,0.609,Ride
348097679,"07/17/2015 Québec, Québec, Canada",Ride,Ride,2015-07-17T08:30:30Z,105019.0,12699,15373,564.0,128.0,169.0,8.27,,,,2015-07-17,105.019,3.5275,0.564,Ride
348097880,"07/13/2015 Québec, Québec, Canada",Ride,Ride,2015-07-13T18:43:22Z,53713.5,5161,88427,129.0,148.6,174.0,10.408,84.5,104.3,538.1,2015-07-13,53.7135,1.4336111111111112,0.129,Ride
